,,,Premature Death,,,,,,,,,,,,,,,,,,,,,,,,,,,,,,,,,,Poor Physical Health Days,,,,Low Birth Weight,,,,,,,,,,,,,,,,,,,,,,,,,,Poor Mental Health Days,,,,Poor or Fair Health,,,,Flu Vaccinations,,,,,,,Access to Exercise Opportunities,,Food Environment Index,,Primary Care Physicians,,,,Mental Health Providers,,,,Dentists,,,,Preventable Hospital Stays,,,,,,,Mammography Screening,,,,,,,Uninsured,,,,,Severe Housing Problems,,,,,,,,,,,,,Driving Alone to Work,,,,,,,,,,,,,,,,,,,Long Commute - Driving Alone,,,,,Air Pollution: Particulate Matter,,Drinking Water Violations,,Broadband Access,,,,,Library Access,,Some College,,,,,,High School Completion,,,,,,Unemployment,,,,Income Inequality,,,,Children in Poverty,,,,,,,,,Injury Deaths,,,,,,,,,,,,,,,,,,,,,,,,,,Social Associations,,,Child Care Cost Burden,,
FIPS,State,County,Unreliable,Deaths,Years of Potential Life Lost Rate,95% CI - Low,95% CI - High,National Z-Score,YPLL Rate (Hispanic (all races)),YPLL Rate (Hispanic (all races)) 95% CI - Low,YPLL Rate (Hispanic (all races)) 95% CI - High,YPLL Rate (Hispanic (all races)) Unreliable,YPLL Rate (Non-Hispanic AIAN),YPLL Rate (Non-Hispanic AIAN) 95% CI - Low,YPLL Rate (Non-Hispanic AIAN) 95% CI - High,YPLL Rate (Non-Hispanic AIAN) Unreliable,YPLL Rate (Non-Hispanic Asian),YPLL Rate (Non-Hispanic Asian) 95% CI - Low,YPLL Rate (Non-Hispanic Asian) 95% CI - High,YPLL Rate (Non-Hispanic Asian) Unreliable,YPLL Rate (Non-Hispanic Black),YPLL Rate (Non-Hispanic Black) 95% CI - Low,YPLL Rate (Non-Hispanic Black) 95% CI - High,YPLL Rate (Non-Hispanic Black) Unreliable,YPLL Rate (Non-Hispanic Native Hawaiian and Other Pacific Islander),YPLL Rate (Non-Hispanic Native Hawaiian and Other Pacific Islander) 95% CI - Low,YPLL Rate (Non-Hispanic Native Hawaiian and Other Pacific Islander) 95% CI - High,YPLL Rate (Non-Hispanic Native Hawaiian and Other Pacific Islander) Unreliable,YPLL Rate (Non-Hispanic 2+ races),YPLL Rate (Non-Hispanic 2+ races) 95% CI - Low,YPLL Rate (Non-Hispanic 2+ races) 95% CI - High,YPLL Rate (Non-Hispanic 2+ races) Unreliable,YPLL Rate (Non-Hispanic White),YPLL Rate (Non-Hispanic White) 95% CI - Low,YPLL Rate (Non-Hispanic White) 95% CI - High,YPLL Rate (Non-Hispanic White) Unreliable,Average Number of Physically Unhealthy Days,95% CI - Low,95% CI - High,National Z-Score,Unreliable,% Low Birth Weight,95% CI - Low,95% CI - High,National Z-Score,% LBW (Hispanic (all races)),% LBW (Hispanic (all races)) 95% CI - Low,% LBW (Hispanic (all races)) 95% CI - High,% LBW (Non-Hispanic AIAN),% LBW (Non-Hispanic AIAN) 95% CI - Low,% LBW (Non-Hispanic AIAN) 95% CI - High,% LBW (Non-Hispanic Asian),% LBW (Non-Hispanic Asian) 95% CI - Low,% LBW (Non-Hispanic Asian) 95% CI - High,% LBW (Non-Hispanic Black),% LBW (Non-Hispanic Black) 95% CI - Low,% LBW (Non-Hispanic Black) 95% CI - High,% LBW (Non-Hispanic Native Hawaiian and Other Pacific Islander),% LBW (Non-Hispanic Native Hawaiian and Other Pacific Islander) 95% CI - Low,% LBW (Non-Hispanic Native Hawaiian and Other Pacific Islander) 95% CI - High,% LBW (Non-Hispanic 2+ races),% LBW (Non-Hispanic 2+ races) 95% CI - Low,% LBW (Non-Hispanic 2+ races) 95% CI - High,% LBW (Non-Hispanic White),% LBW (Non-Hispanic White) 95% CI - Low,% LBW (Non-Hispanic White) 95% CI - High,Average Number of Mentally Unhealthy Days,95% CI - Low,95% CI - High,National Z-Score,% Fair or Poor Health,95% CI - Low,95% CI - High,National Z-Score,% Vaccinated,National Z-Score,% Vaccinated (AIAN),% Vaccinated (Asian),% Vaccinated (Black),% Vaccinated (Hispanic),% Vaccinated (White),% With Access to Exercise Opportunities,National Z-Score,Food Environment Index,National Z-Score,# Primary Care Physicians,Primary Care Physicians Rate,Primary Care Physicians Ratio,National Z-Score,# Mental Health Providers,Mental Health Provider Rate,Mental Health Provider Ratio,National Z-Score,# Dentists,Dentist Rate,Dentist Ratio,National Z-Score,Preventable Hospitalization Rate,National Z-Score,Preventable Hosp. Rate (AIAN),Preventable Hosp. Rate (Asian),Preventable Hosp. Rate (Black),Preventable Hosp. Rate (Hispanic),Preventable Hosp. Rate (White),% with Annual Mammogram,National Z-Score,% Screened (AIAN),% Screened (Asian),% Screened (Black),% Screened (Hispanic),% Screened (White),# Uninsured,% Uninsured,95% CI - Low,95% CI - High,National Z-Score,% Severe Housing Problems,95% CI - Low,95% CI - High,Severe Housing Cost Burden,Severe Housing Cost Burden 95% CI - Low,Severe Housing Cost Burden 95% CI - High,Overcrowding,Overcrowding 95% CI - Low,Overcrowding 95% CI - High,Inadequate Facilities,Inadequate Facilities 95% CI - Low,Inadequate Facilities 95% CI - High,National Z-Score,% Drive Alone to Work,95% CI - Low,95% CI - High,National Z-Score,% Drive Alone (AIAN),% Drive Alone (AIAN) 95% CI - Low,% Drive Alone (AIAN) 95% CI - High,% Drive Alone (Asian),% Drive Alone (Asian) 95% CI - Low,% Drive Alone (Asian) 95% CI - High,% Drive Alone (Black),% Drive Alone (Black) 95% CI - Low,% Drive Alone (Black) 95% CI - High,% Drive Alone (Hispanic),% Drive Alone (Hispanic) 95% CI - Low,% Drive Alone (Hispanic) 95% CI - High,% Drive Alone (White),% Drive Alone (White) 95% CI - Low,% Drive Alone (White) 95% CI - High,# Workers who Drive Alone,% Long Commute - Drives Alone,95% CI - Low,95% CI - High,National Z-Score,Average Daily PM2.5,National Z-Score,Presence of Water Violation,National Z-Score,% Households with Broadband Access,# Households with Broadband Access,95% CI - Low,95% CI - High,National Z-Score,Visits per service area population,National Z-Score,# Some College,Population,% Some College,95% CI - Low,95% CI - High,National Z-Score,# Completed High School,Population,% Completed High School,95% CI - Low,95% CI - High,National Z-Score,# Unemployed,Labor Force,% Unemployed,National Z-Score,80th Percentile Income,20th Percentile Income,Income Ratio,National Z-Score,% Children in Poverty,95% CI - Low,95% CI - High,National Z-Score,% Children in Poverty (AIAN),% Children in Poverty (Asian),% Children in Poverty (Black),% Children in Poverty (Hispanic),% Children in Poverty (White),# Injury Deaths,Injury Death Rate,95% CI - Low,95% CI - High,National Z-Score,Injury Death Rate (Hispanic (all races)),Injury Death Rate (Hispanic (all races)) 95% CI - Low,Injury Death Rate (Hispanic (all races)) 95% CI - High,Injury Death Rate (Non-Hispanic AIAN),Injury Death Rate (Non-Hispanic AIAN) 95% CI - Low,Injury Death Rate (Non-Hispanic AIAN) 95% CI - High,Injury Death Rate (Non-Hispanic Asian),Injury Death Rate (Non-Hispanic Asian) 95% CI - Low,Injury Death Rate (Non-Hispanic Asian) 95% CI - High,Injury Death Rate (Non-Hispanic Black),Injury Death Rate (Non-Hispanic Black) 95% CI - Low,Injury Death Rate (Non-Hispanic Black) 95% CI - High,Injury Death Rate (Non-Hispanic Native Hawaiian and Other Pacific Islander),Injury Death Rate (Non-Hispanic Native Hawaiian and Other Pacific Islander) 95% CI - Low,Injury Death Rate (Non-Hispanic Native Hawaiian and Other Pacific Islander) 95% CI - High,Injury Death Rate (Non-Hispanic 2+ races),Injury Death Rate (Non-Hispanic 2+ races) 95% CI - Low,Injury Death Rate (Non-Hispanic 2+ races) 95% CI - High,Injury Death Rate (Non-Hispanic White),Injury Death Rate (Non-Hispanic White) 95% CI - Low,Injury Death Rate (Non-Hispanic White) 95% CI - High,# Associations,Social Association Rate,National Z-Score,% Household Income Required for Child Care Expenses,National Z-Score,
48000,Texas,,,394647,8233,8197,8269,,,,,,,,,,,,,,,,,,,,,,,,,,,,,,3.8,3.6,4.1,,,9,8,9,,,,,,,,,,,,,,,,,,,,,,,5.1,4.8,5.4,,20,19,21,,45,,,,,,,82,,5.7,,17818,60,1657:1,,51742,170,590:1,,18892,63,1590:1,,2968,,,,,,,41,,,,,,,4760829,19,19,19,,18,17,18,13,13,13,5,5,5,1,1,1,,73,73,73,,,,,,,,,,,,,,,,,13992594,39,39,39,,8.1,,,,90,9667355,90,90,,1,,5456012,8420357,65,64,65,,16534908,19294631,86,86,86,,594648,15067179,3.9,,153314,32121,4.8,,18,18,19,,,,,,,97064,66,66,67,,,,,,,,,,,,,,,,,,,,,,,22160,7.4,,24,,
48001,Texas,Anderson,,1298,11854,10931,12777,0.36,12071,10027,14114,,,,,,,,,,12362,10509,14214,,,,,,,,,,12208,10863,13554,,4.5,3.7,5.5,0.08,,7,7,8,-0.48,7,5,8,,,,,,,11,8,13,,,,,,,7,6,8,5.7,4.7,6.9,0.16,22,20,25,0.59,41,0.04,,23,33,37,42,36,1.15,6.2,1.09,22,38,2655:1,0.45,36,62,1604:1,0.64,27,47,2151:1,0.07,3528,0.65,,,2926,1019,3509,38,0.59,,,33,22,39,6314,18,16,20,1.56,14,10,19,10,6,13,5,2,8,2,0,4,0.37,83,79,87,0.82,,,,,,,84,72,96,79,68,90,81,77,85,20251,34,28,40,0.08,8.3,0.31,Yes,1.29,84,14347,81,86,0.10,1,0.71,8229,17965,46,40,51,1.14,35898,41749,86,84,87,0.51,806,22844,3.5,-0.06,113795,25986,4.4,-0.24,25,17,32,0.69,1,,35,39,19,318,110,98,122,0.33,97,73,128,,,,,,,78,58,104,,,,,,,127,110,144,57,9.8,0.29,23,-0.73,
48003,Texas,Andrews,,257,9227,7754,10700,-0.33,9336,7387,11286,,,,,,,,,,,,,,,,,,,,,,9580,7155,12006,,4.7,3.8,5.6,0.35,,8,7,10,-0.03,9,7,10,,,,,,,,,,,,,,,,7,5,10,5.7,4.6,6.9,0.00,25,23,28,1.21,20,2.07,,,,16,21,75,-0.55,7.2,0.24,9,49,2049:1,0.15,3,16,6221:1,0.84,4,22,4584:1,0.79,3684,0.79,,,,4163,3226,37,0.71,,,,37,37,3747,23,20,25,2.68,12,8,17,7,3,11,6,3,9,0,0,1,-0.11,85,80,90,1.07,,,,,,,,,,85,80,91,84,73,95,8676,32,25,39,-0.12,6.5,-0.59,Yes,1.29,90,6129,87,94,-0.92,1,0.48,2378,5321,45,35,55,1.23,8532,11099,77,72,82,2.19,281,9373,3.0,-0.50,149688,33468,4.5,-0.12,13,8,18,-0.72,,,,17,9,68,74,57,93,-0.88,60,41,85,,,,,,,,,,,,,,,,98,68,136,13,7.1,0.77,20,-1.22,
48005,Texas,Angelina,,1805,12483,11648,13317,0.52,8393,7034,9752,,,,,,,,,,18246,15640,20852,,,,,,,,,,12748,11626,13870,,5.0,4.3,5.7,0.78,,9,9,10,0.43,7,6,8,,,,13,5,20,15,13,17,,,,14,7,20,8,8,9,6.1,5.3,6.9,0.70,25,22,27,1.03,44,-0.26,,58,37,40,45,65,-0.13,6.4,0.92,57,66,1518:1,-0.32,144,165,606:1,0.20,51,59,1708:1,-0.28,3332,0.47,,,4446,3177,3256,40,0.35,,44,46,28,40,13772,20,17,22,1.99,15,13,17,10,8,12,4,3,6,1,0,1,0.45,82,79,84,0.63,,,,,,,78,61,95,78,73,83,85,82,87,37265,22,18,25,-0.93,8.8,0.56,Yes,1.29,89,28609,87,91,-0.69,2,0.26,11477,21341,54,49,59,0.45,48290,56893,85,84,86,0.71,1530,35036,4.4,0.63,111979,25344,4.4,-0.19,25,19,31,0.73,17,,34,35,15,349,80,72,89,-0.65,44,32,59,,,,,,,94,72,121,,,,,,,93,81,105,90,10.3,0.20,24,-0.68,
48007,Texas,Aransas,,658,12795,11057,14532,0.60,10611,7978,13244,,,,,,,,,,,,,,,,,,,,,,14043,11595,16492,,4.5,3.7,5.4,0.06,,9,7,10,0.08,9,7,11,,,,,,,,,,,,,,,,8,6,10,5.8,4.8,7.0,0.30,24,21,26,0.84,48,-0.64,,55,,31,49,71,-0.38,5.6,1.60,8,33,3064:1,0.59,24,95,1057:1,0.50,7,28,3563:1,0.61,1640,-1.10,,,,1068,1485,45,-0.26,,50,,30,46,3643,21,18,23,2.19,18,13,23,11,7,14,4,1,7,4,1,6,1.11,74,68,80,-0.39,,,,,,,,,,70,54,86,69,60,79,8930,24,17,32,-0.70,9.3,0.81,Yes,1.29,88,10274,83,92,-0.48,1,0.80,2907,5620,52,41,62,0.63,17566,19209,91,89,94,-0.51,465,9522,4.9,1.06,122701,24333,5.0,0.59,28,17,38,1.10,,,,39,25,156,129,109,150,0.99,75,49,110,,,,,,,,,,,,,,,,161,133,189,9,3.6,1.38,22,-0.94,
48009,Texas,Archer,,128,8958,6558,11358,-0.40,,,,,,,,,,,,,,,,,,,,,,,,,,,,,4.2,3.4,5.2,-0.35,,6,4,7,-1.35,,,,,,,,,,,,,,,,,,,,,,5.9,4.8,7.1,0.47,18,16,20,-0.42,43,-0.16,,,,27,43,20,1.87,7.5,-0.02,,,,0.28,1,11,9029:1,0.86,,,,0.41,2705,-0.12,,,,,,40,0.35,,,,,,1166,17,14,19,1.36,11,8,15,9,5,13,1,0,3,2,0,3,-0.36,87,85,88,1.26,,,,,,,,,,,,,,,,3992,21,17,26,-0.94,7.7,0.01,No,-0.77,84,2894,80,88,0.03,1,0.49,1233,1932,64,55,73,-0.42,5570,6121,91,88,94,-0.42,142,4035,3.5,-0.07,132000,31000,4.3,-0.39,13,8,17,-0.79,,,,18,11,35,80,56,112,-0.65,,,,,,,,,,,,,,,,,,,,,,7,7.9,0.62,19,-1.34,
48011,Texas,Armstrong,x,,,,,0.07,,,,,,,,,,,,,,,,,,,,,,,,,,,,,4.0,3.5,4.5,-0.74,x,7,3,11,-0.69,,,,,,,,,,,,,,,,,,,,,,5.7,5.0,6.3,0.01,18,17,19,-0.42,33,0.81,,,,,,1,2.70,6.6,0.75,0,0,1839:0,1.49,,,,0.55,0,0,1850:0,1.43,1964,-0.80,,,,,,36,0.84,,,,,,165,12,10,13,0.24,6,0,11,5,0,12,1,0,5,0,0,3,-1.65,80,76,85,0.43,,,,,,,,,,,,,,,,848,43,28,58,0.78,5.8,-0.94,No,-0.77,92,693,86,98,-1.15,,0.18,192,377,51,36,66,0.70,1212,1289,94,90,98,-0.98,31,948,3.3,-0.27,129275,37700,3.4,-1.42,15,10,21,-0.46,,,,,,,,,,-0.41,,,,,,,,,,,,,,,,,,,,,,5,27.0,-2.73,23,-0.81,
48013,Texas,Atascosa,,921,10228,9280,11176,-0.07,10518,9338,11697,,,,,,,,,,,,,,,,,,,,,,9904,8245,11563,,4.7,3.8,5.6,0.32,,8,7,9,-0.19,8,7,9,,,,,,,,,,,,,,,,8,6,9,5.6,4.6,6.8,-0.04,25,23,28,1.13,33,0.81,,,,31,35,45,0.75,7.3,0.15,10,20,4994:1,0.94,34,66,1523:1,0.63,24,47,2119:1,0.05,2184,-0.60,,,,2450,1797,29,1.68,,,,29,29,8671,20,18,22,2.11,16,13,19,6,4,8,9,7,12,1,0,3,0.77,75,72,77,-0.33,,,,,,,,,,76,70,81,74,67,81,20821,51,45,57,1.42,8.6,0.46,No,-0.77,83,13782,80,86,0.23,1,0.65,5912,12905,46,40,52,1.14,26033,32188,81,79,83,1.45,875,22990,3.8,0.17,127481,23974,5.3,0.94,23,15,30,0.44,,,9,20,10,188,74,63,85,-0.86,71,58,84,,,,,,,,,,,,,,,,85,66,108,29,5.7,1.01,31,0.33,
48015,Texas,Austin,,470,9126,7811,10441,-0.36,8283,6336,10639,,,,,,,,,,21637,15154,29954,,,,,,,,,,7983,6292,9675,,4.2,3.4,5.1,-0.37,,8,7,9,-0.30,8,6,9,,,,,,,10,6,14,,,,,,,7,6,9,5.4,4.4,6.4,-0.49,21,19,23,0.25,39,0.23,,,28,33,40,43,0.86,8.0,-0.44,6,20,5063:1,0.95,14,44,2263:1,0.72,14,45,2221:1,0.11,2635,-0.18,,,3829,2146,2505,38,0.59,,,30,30,38,4646,19,17,21,1.87,16,12,19,10,7,13,5,3,8,1,0,2,0.63,81,78,84,0.50,,,,,,,,,,78,55,100,74,69,79,13951,42,35,48,0.67,9.2,0.76,Yes,1.29,81,9847,78,84,0.53,2,0.40,3716,7048,53,46,60,0.54,18828,21285,88,87,90,0.05,533,14498,3.7,0.06,148315,31357,4.7,0.20,18,12,24,-0.13,,,60,17,10,137,90,75,106,-0.31,54,34,81,,,,,,,131,76,209,,,,,,,104,84,127,34,10.9,0.09,26,-0.31,
48017,Texas,Bailey,,107,11523,8580,14466,0.27,,,,,,,,,,,,,,,,,,,,,,,,,,,,,4.6,3.9,5.5,0.26,,8,6,10,-0.23,7,5,10,,,,,,,,,,,,,,,,8,4,11,5.6,4.6,6.7,-0.13,23,21,25,0.65,35,0.62,,,,29,37,79,-0.73,7.7,-0.19,2,29,3418:1,0.69,3,45,2224:1,0.72,3,44,2260:1,0.13,3549,0.67,,,,5617,2096,35,0.96,,,,28,36,1485,27,23,30,3.00,9,4,15,3,0,7,6,1,10,1,0,3,-0.77,74,66,82,-0.41,,,,,,,,,,70,62,78,83,73,92,2528,17,9,24,-1.31,,0.07,No,-0.77,80,1806,73,88,0.63,4,-0.81,511,1736,29,17,42,2.55,2957,4110,72,62,82,3.00,110,2329,4.7,0.92,115694,21518,5.4,1.01,23,15,32,0.54,,,,17,14,36,105,73,145,0.17,104,66,156,,,,,,,,,,,,,,,,116,62,199,7,10.3,0.20,30,0.25,
48019,Texas,Bandera,,477,9278,7613,10943,-0.32,,,,,,,,,,,,,,,,,,,,,,,,,,,,,4.3,3.5,5.2,-0.26,,8,6,9,-0.24,9,6,12,,,,,,,,,,,,,,,,7,6,9,5.8,4.7,6.8,0.17,18,16,20,-0.25,39,0.23,,,,35,39,73,-0.48,6.7,0.66,7,32,3081:1,0.60,44,194,514:1,0.07,6,27,3686:1,0.64,1426,-1.30,,,,,,43,-0.01,,,,35,44,3032,19,17,22,1.95,13,10,16,9,6,12,4,1,6,1,0,1,0.04,79,75,84,0.30,,,,,,,,,,79,65,93,67,57,77,8727,69,59,79,2.82,8.0,0.16,No,-0.77,89,7916,84,93,-0.64,4,-0.80,2086,3628,57,46,69,0.13,15350,16701,92,90,94,-0.59,382,10854,3.5,-0.07,130524,27906,4.7,0.14,19,12,25,-0.05,,,,15,26,113,100,81,118,-0.01,78,46,123,,,,,,,,,,,,,,,,110,89,135,23,10.4,0.19,27,-0.22,
48021,Texas,Bastrop,,1480,8981,8304,9659,-0.39,8128,7165,9092,,,,,,,,,,11416,8361,14471,,,,,,,,,,9265,8208,10321,,4.3,3.5,5.2,-0.19,,7,7,8,-0.52,7,6,8,,,,,,,11,8,14,,,,,,,7,6,8,5.3,4.3,6.3,-0.57,21,19,23,0.23,40,0.13,,39,36,31,41,48,0.62,7.7,-0.19,24,24,4252:1,0.84,83,75,1335:1,0.59,38,36,2794:1,0.38,2895,0.06,,,5231,2611,2770,34,1.08,,17,35,23,36,18163,21,19,23,2.23,16,13,18,10,7,12,4,3,5,3,2,4,0.65,72,69,74,-0.69,,,,,,,71,57,86,67,63,71,61,57,65,45758,62,57,68,2.29,8.4,0.36,Yes,1.29,86,30270,84,88,-0.26,2,0.19,12957,25207,51,46,56,0.65,54751,66882,82,80,84,1.27,1705,49984,3.4,-0.16,146486,35396,4.1,-0.54,16,11,22,-0.35,11,,17,25,6,428,90,81,99,-0.33,72,60,84,,,,,,,76,48,113,,,,,,,109,96,122,67,6.3,0.90,27,-0.16,
48023,Texas,Baylor,,102,15002,10303,19702,1.18,,,,,,,,,,,,,,,,,,,,,,,,,,,,,4.2,3.4,5.1,-0.34,x,8,5,11,-0.24,,,,,,,,,,,,,,,,,,,,,,5.8,4.7,7.0,0.32,18,16,20,-0.38,34,0.71,,,,,,88,-1.15,7.5,-0.02,8,230,435:1,-3.00,,,,0.55,1,29,3466:1,0.59,4938,1.95,,,,,,28,1.81,,,,,,441,17,14,19,1.32,11,5,17,8,2,14,2,0,5,1,0,3,-0.44,84,73,95,0.93,,,,,,,,,,,,,,,,1347,14,6,23,-1.49,,0.07,No,-0.77,83,1279,78,87,0.27,1,0.81,293,650,45,26,64,1.20,2050,2485,82,76,89,1.15,48,1883,2.5,-0.87,90620,19644,4.6,0.06,23,15,30,0.43,,,,,,18,103,61,162,0.09,,,,,,,,,,,,,,,,,,,,,,5,14.4,-0.52,28,-0.12,
48025,Texas,Bee,,581,11511,10306,12717,0.27,13701,11950,15452,,,,,,,,,,,,,,,,,,,,,,10551,8493,12608,,4.9,4.0,5.8,0.62,,10,9,11,0.80,11,9,12,,,,,,,26,13,39,,,,,,,8,6,10,5.7,4.6,6.8,0.03,28,25,31,1.76,32,0.91,,,29,28,34,48,0.65,6.1,1.18,5,16,6185:1,1.05,16,52,1928:1,0.69,9,30,3377:1,0.56,3334,0.47,,,,3933,2406,32,1.32,,,,34,31,3061,16,14,18,1.20,16,12,20,12,9,16,4,2,7,1,0,2,0.68,84,80,88,0.89,,,,,,,,,,81,74,89,88,84,93,10591,25,20,31,-0.63,8.9,0.61,Yes,1.29,78,6667,73,82,1.02,2,0.06,4285,10753,40,33,46,1.65,17533,21495,82,78,85,1.32,478,9348,5.1,1.25,105408,21435,4.9,0.44,28,18,39,1.13,,,,24,12,126,79,65,93,-0.68,73,57,92,,,,,,,,,,,,,,,,108,80,141,14,4.6,1.20,24,-0.59,
48027,Texas,Bell,,5162,9433,9095,9771,-0.28,6791,6233,7349,,,,,,5521,3901,7141,,12500,11671,13329,,18008,13184,24020,,,,,,9566,9050,10083,,4.4,3.7,5.1,-0.09,,9,9,9,0.29,8,7,8,,,,9,8,11,13,13,14,8,6,11,9,8,11,7,7,8,5.9,5.2,6.8,0.48,20,18,22,0.15,34,0.71,,32,26,31,37,73,-0.47,6.7,0.66,274,72,1385:1,-0.50,1097,279,358:1,-0.29,326,84,1191:1,-1.03,2945,0.11,,2455,3723,2827,2860,43,-0.01,,38,40,35,46,54731,16,15,18,1.29,17,15,18,13,12,14,4,3,5,1,1,1,0.84,77,76,78,-0.05,84,74,94,73,68,78,77,74,80,74,71,76,79,77,80,172354,27,25,29,-0.50,7.8,0.06,Yes,1.29,90,124539,89,91,-0.84,1,0.66,75800,112415,67,65,70,-0.73,212831,233858,91,90,92,-0.43,6793,151178,4.5,0.74,125101,28627,4.4,-0.25,16,11,20,-0.41,39,20,25,28,13,1310,71,67,74,-0.97,39,34,45,,,,65,45,90,79,70,87,,,,,,,89,82,95,292,7.5,0.69,20,-1.17,
48029,Texas,Bexar,,27562,8758,8618,8898,-0.45,8769,8593,8946,,,,,,3381,2858,3904,,11668,11057,12279,,,,,,,,,,8912,8624,9201,,4.5,3.9,5.2,0.08,,9,9,9,0.21,9,9,9,,,,9,9,10,14,14,15,6,3,9,8,7,9,7,7,8,5.6,4.9,6.4,-0.05,24,22,26,0.82,39,0.23,33,38,26,37,42,88,-1.16,6.7,0.66,1492,74,1359:1,-0.54,5170,248,404:1,-0.16,1958,95,1052:1,-1.35,2435,-0.37,,1590,3125,2744,2128,38,0.59,25,28,28,36,41,315888,18,17,19,1.62,18,18,19,14,14,15,4,4,5,1,1,1,1.23,71,70,71,-0.84,63,57,68,67,64,70,72,69,74,72,71,72,73,72,73,974016,37,36,37,0.25,8.7,0.51,Yes,1.29,90,668644,90,91,-0.91,1,0.52,395291,608168,65,64,66,-0.52,1144899,1324701,86,86,87,0.42,37530,1004146,3.7,0.11,138771,30473,4.6,-0.02,19,17,21,0.01,29,23,32,23,9,6913,68,67,70,-1.05,59,57,61,,,,25,20,32,84,78,91,,,,,,,94,91,98,1153,5.6,1.03,26,-0.39,
48031,Texas,Blanco,,213,8451,6262,10641,-0.53,,,,,,,,,,,,,,,,,,,,,,,,,,,,,4.0,3.2,4.9,-0.69,,6,4,8,-1.11,,,,,,,,,,,,,,,,,,,,,,5.5,4.4,6.6,-0.25,19,17,21,-0.21,44,-0.26,,,,29,44,38,1.09,8.2,-0.61,5,42,2377:1,0.33,5,38,2610:1,0.74,4,32,3105:1,0.49,1714,-1.03,,,,,,37,0.71,,,,,,1656,18,16,20,1.68,12,7,17,9,4,13,3,1,5,1,0,2,-0.14,72,66,78,-0.70,,,,,,,,,,,,,,,,5542,45,37,54,0.94,,0.07,No,-0.77,90,4496,85,94,-0.85,2,0.24,1555,2499,62,53,72,-0.28,8557,9252,92,91,94,-0.70,206,7460,2.8,-0.69,157571,36932,4.3,-0.38,13,8,19,-0.69,,,,16,12,54,90,67,117,-0.34,,,,,,,,,,,,,,,,,,,,,,12,9.7,0.31,23,-0.75,
48033,Texas,Borden,,,,,,,,,,,,,,,,,,,,,,,,,,,,,,,,,,,3.3,2.9,3.8,,,,,,,,,,,,,,,,,,,,,,,,,,,,5.0,4.5,5.6,,13,12,14,,9,,,,,,,4,,7.5,,0,0,617:0,,0,0,572:0,,0,0,585:0,,,,,,,,,,,,,,,,60,13,11,15,,7,0,20,0,0,27,7,0,25,2,0,14,,87,68,100,,,,,,,,,,,,,,,,,310,22,0,47,,6.1,,Yes,,86,205,77,95,,,,108,182,59,25,94,,423,447,95,88,100,,13,736,1.8,,139000,37250,3.7,,18,12,24,,,,,,,,,,,,,,,,,,,,,,,,,,,,,,,,,0,0.0,,20,,
48035,Texas,Bosque,,419,12030,10117,13943,0.40,,,,,,,,,,,,,,,,,,,,,,,,,,,,,4.4,3.6,5.4,-0.03,,6,5,8,-1.01,8,5,10,,,,,,,,,,,,,,,,6,4,7,5.8,4.8,6.8,0.24,23,21,26,0.73,26,1.49,,,,26,26,31,1.39,6.8,0.58,10,54,1850:1,0.00,9,47,2111:1,0.71,7,37,2671:1,0.33,3353,0.48,,,,3756,3170,44,-0.13,,,,43,44,2835,20,18,23,2.14,13,9,16,7,5,10,4,2,5,2,1,4,-0.08,82,78,86,0.68,,,,,,,,,,79,67,91,78,70,86,7517,42,37,48,0.71,8.2,0.26,Yes,1.29,82,6137,80,84,0.33,3,-0.02,2210,3907,57,48,65,0.21,11849,13436,88,86,90,0.10,308,8800,3.5,-0.08,125156,33408,3.7,-1.03,19,12,27,0.05,,,,5,12,96,103,83,126,0.11,,,,,,,,,,,,,,,,,,,,,,24,12.8,-0.24,22,-1.00,
48037,Texas,Bowie,,1999,12278,11462,13094,0.47,6282,4508,8523,,,,,,,,,,16919,15022,18816,,,,,,,,,,11741,10714,12767,,4.6,3.7,5.4,0.15,,11,11,12,1.36,8,6,9,,,,19,12,27,17,16,19,,,,14,10,19,8,7,9,5.8,4.7,6.9,0.32,22,19,24,0.42,40,0.13,45,40,36,23,41,51,0.48,6.8,0.58,67,72,1382:1,-0.50,126,137,728:1,0.32,57,62,1615:1,-0.38,3125,0.27,,,4074,2172,2912,42,0.11,,36,42,14,42,11546,16,14,18,1.27,15,13,17,11,9,13,3,3,4,2,1,2,0.46,84,82,86,0.92,,,,,,,84,81,88,79,73,84,85,83,87,38038,19,17,22,-1.11,9.3,0.81,No,-0.77,80,27868,78,82,0.65,2,0.17,12276,24174,51,47,55,0.71,56162,62393,90,89,91,-0.24,1630,38549,4.2,0.52,118241,22393,5.3,0.89,20,12,27,0.06,,,36,27,12,401,86,78,95,-0.46,45,26,72,,,,,,,84,69,103,,,,,,,97,86,108,120,13.0,-0.28,23,-0.75,
48039,Texas,Brazoria,,4867,7616,7314,7918,-0.75,6612,6128,7095,,,,,,2892,2161,3623,,7811,6993,8630,,,,,,,,,,9204,8684,9724,,3.9,3.3,4.6,-0.87,,8,8,9,0.03,8,7,8,,,,11,9,12,13,12,14,,,,7,5,10,7,7,8,5.3,4.5,6.0,-0.66,19,17,21,-0.13,42,-0.06,,52,38,37,43,79,-0.75,8.0,-0.44,248,65,1531:1,-0.31,468,117,852:1,0.40,229,59,1695:1,-0.30,3698,0.80,,1159,4465,3682,3650,36,0.84,,37,45,30,36,49082,15,14,16,0.97,13,12,14,10,9,11,3,3,4,1,0,1,0.02,81,80,82,0.54,77,48,100,72,66,77,74,69,80,78,75,81,78,76,79,175200,53,51,56,1.56,10.4,1.36,Yes,1.29,93,122321,92,94,-1.36,1,0.47,73338,109625,67,64,70,-0.68,224105,251292,89,88,90,-0.09,8336,190151,4.4,0.64,178662,43016,4.2,-0.52,12,8,16,-0.85,38,4,5,12,7,1167,62,58,65,-1.27,42,37,47,,,,16,10,24,55,46,63,,,,,,,88,81,94,254,6.5,0.86,21,-1.11,
48041,Texas,Brazos,,1966,6298,5927,6670,-1.09,5913,5241,6584,,,,,,,,,,11883,10412,13354,,,,,,,,,,5958,5442,6474,,4.2,3.4,5.1,-0.43,,8,8,9,-0.10,8,7,8,,,,9,7,11,15,14,17,,,,10,6,14,6,6,7,5.5,4.5,6.5,-0.30,21,19,23,0.21,54,-1.22,,51,43,43,55,88,-1.14,6.5,0.83,197,83,1203:1,-0.80,367,150,667:1,0.26,139,57,1741:1,-0.25,2597,-0.22,,796,6780,2876,2158,45,-0.26,,42,41,34,47,30835,16,14,17,1.13,24,22,25,21,20,23,3,2,4,1,1,1,2.47,75,74,76,-0.28,,,,61,55,68,73,68,78,77,74,81,77,75,79,115146,14,13,15,-1.52,8.1,0.21,Yes,1.29,85,74934,84,86,-0.06,1,0.67,44485,62342,71,68,74,-1.07,112473,126367,89,88,90,-0.05,4117,132605,3.1,-0.41,130500,21368,6.1,1.93,19,14,23,-0.01,6,10,48,26,6,503,43,39,47,-1.89,36,29,43,,,,,,,56,44,71,,,,,,,49,43,54,200,8.3,0.56,29,0.10,
48043,Texas,Brewster,,156,8718,6430,11005,-0.46,,,,,,,,,,,,,,,,,,,,,,,,,,,,,4.0,3.2,4.9,-0.68,,8,6,10,-0.24,9,6,12,,,,,,,,,,,,,,,,7,4,10,5.2,4.2,6.3,-0.76,18,16,20,-0.36,29,1.20,,,,25,29,75,-0.58,5.9,1.35,12,127,788:1,-2.01,17,179,560:1,0.14,3,32,3114:1,0.49,1433,-1.29,,,,1924,1056,28,1.81,,,,24,30,1491,23,20,26,2.64,16,10,21,12,7,17,2,0,3,2,1,4,0.61,70,63,78,-0.87,,,,,,,,,,61,48,73,75,65,85,4741,23,12,33,-0.84,5.4,-1.14,Yes,1.29,80,3925,74,85,0.72,7,-1.91,2214,2781,80,64,95,-1.78,6449,7168,90,87,93,-0.23,143,4417,3.2,-0.30,109799,24815,4.4,-0.18,20,12,27,0.10,,,,,,44,95,69,127,-0.17,52,26,94,,,,,,,,,,,,,,,,145,100,203,14,15.0,-0.62,23,-0.86,
48045,Texas,Briscoe,x,,,,,0.07,,,,,,,,,,,,,,,,,,,,,,,,,,,,,5.6,4.9,6.2,1.70,,,,,-0.06,,,,,,,,,,,,,,,,,,,,,,6.4,5.6,7.2,1.19,30,28,32,2.20,36,0.52,,,,,,29,1.46,1.7,3.00,1,71,1403:1,-0.47,,,,0.55,0,0,1431:0,1.43,2781,-0.04,,,,,,39,0.47,,,,,,237,21,19,24,2.38,17,6,28,15,1,29,3,0,8,1,0,5,0.98,68,52,84,-1.19,,,,,,,,,,,,,,,,536,20,9,31,-1.03,5.9,-0.89,Yes,1.29,70,386,64,75,2.26,2,0.38,158,304,52,31,73,0.61,774,962,80,71,90,1.53,23,613,3.8,0.12,91923,15667,5.9,1.63,22,14,30,0.33,,,,,,10,135,65,249,1.19,,,,,,,,,,,,,,,,,,,,,,3,21.0,-1.67,27,-0.22,
48047,Texas,Brooks,,160,15029,11825,18232,1.18,,,,,,,,,,,,,,,,,,,,,,,,,,,,,5.5,4.8,6.2,1.55,,10,8,13,0.96,,,,,,,,,,,,,,,,,,,,,,5.6,5.0,6.3,-0.02,34,33,36,3.00,34,0.71,,,,33,45,89,-1.18,4.7,2.37,,,,0.28,2,29,3424:1,0.78,1,14,6906:1,1.01,3965,1.05,,,,4107,3459,33,1.20,,,,30,50,936,18,15,21,1.61,16,9,24,11,4,18,2,0,5,4,0,9,0.79,88,80,95,1.44,,,,,,,,,,,,,,,,3323,16,7,24,-1.40,9.3,0.81,No,-0.77,76,2184,66,85,1.32,2,0.39,811,2223,36,23,50,1.94,3475,5159,67,57,78,3.00,127,2295,5.5,1.59,81379,10031,8.1,3.00,45,28,62,3.00,,,,,,31,88,60,125,-0.38,,,,,,,,,,,,,,,,,,,,,,0,0.0,2.01,44,2.22,
48049,Texas,Brown,,929,11762,10512,13012,0.33,8096,6144,10049,,,,,,,,,,,,,,,,,,,,,,13509,11830,15187,,4.5,3.6,5.4,0.06,,8,7,9,-0.02,8,6,9,,,,,,,18,10,27,,,,,,,8,7,9,6.0,4.9,7.1,0.51,21,19,23,0.27,38,0.33,,50,37,39,38,64,-0.06,6.1,1.18,20,52,1910:1,0.05,79,204,490:1,0.03,14,36,2741:1,0.36,1880,-0.88,,,,820,1861,34,1.08,,,44,24,34,5177,18,15,20,1.58,14,11,16,10,8,13,3,2,4,1,1,2,0.18,81,78,85,0.58,,,,,,,,,,84,79,89,80,78,83,16556,16,13,18,-1.40,7.3,-0.19,No,-0.77,87,13101,85,90,-0.47,1,0.62,4885,8924,55,48,61,0.37,23409,26679,88,86,90,0.18,676,15724,4.3,0.57,111314,23348,4.8,0.25,22,14,29,0.31,,,73,25,13,142,75,62,87,-0.83,32,17,53,,,,,,,,,,,,,,,,93,76,109,57,14.9,-0.60,23,-0.82,
48051,Texas,Burleson,,397,10434,8701,12166,-0.01,7792,5218,11190,,,,,,,,,,18058,11796,26459,,,,,,,,,,10194,7955,12433,,4.3,3.5,5.1,-0.30,,10,8,12,0.74,7,5,10,,,,,,,21,15,26,,,,,,,9,7,11,5.8,4.8,7.0,0.32,22,20,24,0.46,40,0.13,,,31,34,41,41,0.95,7.6,-0.10,7,39,2579:1,0.42,2,10,9738:1,0.87,2,11,9329:1,1.12,2963,0.12,,,7032,,2656,38,0.59,,,44,30,38,3079,21,19,24,2.30,13,10,16,8,5,11,4,2,5,1,0,2,0.03,74,69,79,-0.44,,,,,,,,,,62,48,76,70,64,76,7742,49,40,59,1.24,8.6,0.46,Yes,1.29,80,6223,76,84,0.62,3,-0.19,2371,4157,57,48,66,0.17,11185,13141,85,82,88,0.67,330,9119,3.6,0.01,128935,31625,4.1,-0.61,21,13,29,0.26,,,12,27,9,71,77,60,97,-0.76,50,24,93,,,,,,,111,57,194,,,,,,,81,60,108,22,11.8,-0.06,26,-0.43,
48053,Texas,Burnet,,859,8879,7884,9873,-0.42,7774,5960,9588,,,,,,,,,,,,,,,,,,,,,,9631,8347,10914,,4.2,3.4,5.1,-0.37,,8,7,9,-0.15,7,5,8,,,,,,,,,,,,,,,,9,7,10,5.7,4.6,6.8,0.10,20,18,22,0.00,43,-0.16,,39,24,30,44,42,0.89,7.7,-0.19,21,41,2426:1,0.36,48,89,1125:1,0.53,26,50,2019:1,-0.02,2083,-0.69,,,,1403,2092,42,0.11,,25,,32,43,7667,20,17,22,1.96,14,11,17,9,7,12,3,2,5,2,1,2,0.26,71,67,74,-0.86,,,,,,,,,,69,62,76,69,65,72,23438,42,37,47,0.67,8.0,0.16,Yes,1.29,90,17725,89,92,-0.93,2,0.10,5767,11346,51,45,56,0.70,32848,36825,89,87,91,-0.09,820,26549,3.1,-0.42,146419,38553,3.8,-0.96,14,9,19,-0.62,,,9,9,9,225,90,79,102,-0.31,57,39,80,,,,,,,,,,,,,,,,106,91,122,63,12.0,-0.09,27,-0.19,
48055,Texas,Caldwell,,746,9139,8216,10062,-0.35,8637,7449,9824,,,,,,,,,,10701,7220,15277,,,,,,,,,,9946,8196,11696,,4.7,3.8,5.7,0.39,,8,8,9,-0.02,8,7,9,,,,,,,14,8,20,,,,,,,7,6,9,5.7,4.6,6.9,0.09,25,23,28,1.15,41,0.04,,,38,39,42,40,0.99,7.1,0.32,12,26,3899:1,0.79,41,82,1216:1,0.56,15,31,3190:1,0.51,3158,0.30,,,5192,3585,2857,36,0.84,,,38,28,39,8810,23,20,25,2.66,21,17,24,11,8,14,9,6,11,2,1,2,1.83,80,76,83,0.35,,,,,,,,,,69,63,74,68,60,75,20608,53,48,58,1.56,8.9,0.61,Yes,1.29,88,13921,85,91,-0.62,2,0.38,5406,12684,43,37,48,1.41,25320,31524,80,78,83,1.55,781,22091,3.5,-0.05,124019,31293,4.0,-0.76,19,13,26,0.05,,,60,19,19,160,71,60,82,-0.96,54,42,69,,,,,,,,,,,,,,,,104,83,128,42,8.8,0.47,33,0.70,
48057,Texas,Calhoun,,353,9452,7888,11015,-0.27,9997,7853,12141,,,,,,,,,,,,,,,,,,,,,,10364,7458,13270,,4.4,3.6,5.3,-0.15,,7,6,9,-0.45,8,6,9,,,,14,7,21,,,,,,,,,,6,4,8,5.4,4.4,6.6,-0.37,20,18,22,0.12,26,1.49,,45,14,24,26,67,-0.19,5.1,2.03,10,51,1973:1,0.10,5,25,3939:1,0.80,10,51,1971:1,-0.06,3530,0.65,,,,4313,3287,32,1.32,,37,,28,33,2623,17,15,19,1.36,14,10,18,4,2,6,5,3,8,5,2,8,0.28,83,77,89,0.83,,,,,,,,,,89,83,94,84,79,89,9622,22,16,28,-0.88,9.2,0.76,Yes,1.29,85,7116,80,89,-0.06,2,0.08,2639,5145,51,43,60,0.66,11490,13932,82,79,86,1.16,401,12079,3.3,-0.23,126575,36477,3.5,-1.37,22,14,30,0.36,,25,,15,,80,77,61,96,-0.74,66,46,92,,,,,,,,,,,,,,,,101,73,136,19,9.6,0.32,19,-1.34,
48059,Texas,Callahan,,301,11448,9298,13599,0.25,,,,,,,,,,,,,,,,,,,,,,,,,,,,,4.2,3.4,5.1,-0.34,,10,8,11,0.55,,,,,,,,,,,,,,,,,,,,,,5.8,4.7,6.9,0.22,19,17,21,-0.19,34,0.71,,,,52,34,55,0.34,7.1,0.32,2,14,7058:1,1.10,1,7,14374:1,0.88,4,28,3553:1,0.61,3083,0.23,,,,,,39,0.47,,,,,,1989,18,16,20,1.60,7,4,9,5,2,7,1,0,2,1,0,2,-1.41,77,73,81,-0.04,,,,,,,,,,,,,,,,6058,33,26,39,-0.06,7.0,-0.34,Yes,1.29,88,4631,85,92,-0.62,1,0.77,1780,3068,58,48,68,0.08,9125,9804,93,91,95,-0.81,230,6398,3.6,-0.01,118397,32388,3.7,-1.14,18,11,25,-0.15,,,,28,10,86,122,98,151,0.75,,,,,,,,,,,,,,,,,,,,,,17,12.0,-0.09,21,-1.11,
48061,Texas,Cameron,,5953,9065,8749,9380,-0.37,8851,8524,9177,,,,,,,,,,,,,,,,,,,,,,13561,11950,15173,,5.3,4.5,6.3,1.30,,9,8,9,0.11,9,8,9,,,,10,6,15,14,10,19,,,,,,,8,7,9,6.1,5.2,7.0,0.73,37,35,40,3.73,41,0.04,33,38,36,38,45,74,-0.54,4.8,2.28,208,49,2034:1,0.14,415,97,1028:1,0.49,136,32,3127:1,0.49,3242,0.38,,,,3549,2525,28,1.81,,28,39,26,32,90076,25,24,27,3.19,22,21,23,13,12,14,10,9,11,1,1,1,2.06,78,77,79,0.08,,,,73,63,83,,,,78,77,80,75,72,78,170465,23,21,24,-0.85,12.6,2.46,Yes,1.29,80,108548,79,81,0.64,2,0.39,56127,104126,54,52,56,0.44,182021,254070,72,70,73,3.16,9816,181270,5.4,1.49,105059,20048,5.2,0.84,34,29,39,1.84,21,13,43,36,25,783,37,34,40,-2.09,32,30,35,,,,,,,,,,,,,,,,85,71,98,212,5.0,1.13,32,0.47,
48063,Texas,Camp,,337,14544,12170,16918,1.06,,,,,,,,,,,,,20746,14280,29135,,,,,,,,,,16193,12660,19725,,4.9,4.0,5.9,0.70,,7,6,9,-0.47,6,4,8,,,,,,,10,6,15,,,,,,,8,5,10,6.0,4.9,7.2,0.60,24,21,26,0.88,36,0.52,,,25,26,38,59,0.14,6.9,0.49,9,71,1402:1,-0.47,9,69,1444:1,0.61,5,39,2543:1,0.28,3514,0.63,,,2748,4476,3290,30,1.56,,,26,,31,2067,20,18,23,2.11,17,12,22,12,8,16,4,2,7,1,0,2,0.87,80,75,85,0.41,,,,,,,,,,,,,,,,5125,28,21,35,-0.39,8.7,0.51,No,-0.77,84,3913,79,88,0.11,2,0.13,1603,3088,52,42,61,0.61,7060,8393,84,80,88,0.85,225,5138,4.4,0.64,108209,20918,5.2,0.76,26,17,35,0.91,,,48,37,21,63,98,75,125,-0.07,,,,,,,,,,131,70,224,,,,,,,139,103,184,13,10.2,0.22,25,-0.55,
48065,Texas,Carson,,121,12962,9273,16650,0.64,,,,,,,,,,,,,,,,,,,,,,,,,,,,,4.0,3.2,4.9,-0.69,x,4,2,6,-1.92,,,,,,,,,,,,,,,,,,,,,,5.7,4.6,6.7,0.00,16,14,18,-0.71,33,0.81,,,,31,32,61,0.08,8.1,-0.53,,,,0.28,3,51,1959:1,0.69,1,17,5784:1,0.92,2060,-0.71,,,,,,39,0.47,,,,,,695,15,13,17,1.02,6,3,9,4,0,7,2,0,5,1,0,2,-1.58,82,75,88,0.61,,,,,,,,,,,,,,,,2891,41,32,49,0.56,6.0,-0.84,No,-0.77,81,1871,76,86,0.47,3,-0.11,963,1311,73,59,87,-1.25,3736,3993,94,90,97,-0.90,90,3029,3.0,-0.52,163071,37000,4.4,-0.20,13,8,17,-0.77,,,,20,9,30,102,69,146,0.08,,,,,,,,,,,,,,,,,,,,,,11,19.0,-1.33,21,-1.04,
48067,Texas,Cass,,778,14420,12803,16037,1.03,,,,,,,,,,,,,23131,17840,28422,,,,,,,,,,13506,11716,15296,,4.7,3.8,5.7,0.41,,9,8,10,0.18,6,3,10,,,,,,,13,10,17,,,,,,,7,6,9,6.3,5.2,7.5,1.07,23,21,26,0.77,36,0.52,,,30,30,36,36,1.16,6.6,0.75,6,21,4760:1,0.91,10,35,2866:1,0.76,9,32,3171:1,0.51,3363,0.49,,,4233,,3254,34,1.08,,,26,,35,3867,18,15,20,1.55,14,11,17,10,7,12,4,2,6,2,1,3,0.28,86,83,90,1.25,,,,,,,72,58,85,,,,84,80,87,10910,40,35,46,0.56,9.1,0.71,Yes,1.29,79,9343,76,83,0.77,5,-1.28,3126,6249,50,43,57,0.77,17622,20190,87,85,89,0.27,563,11998,4.7,0.90,108059,20705,5.2,0.82,23,15,32,0.53,77,,37,44,19,168,114,97,131,0.48,,,,,,,,,,136,94,191,,,,,,,114,94,134,54,18.9,-1.31,25,-0.55,
48069,Texas,Castro,,116,10360,7610,13110,-0.03,,,,,,,,,,,,,,,,,,,,,,,,,,,,,4.8,4.0,5.6,0.45,,7,5,8,-0.88,6,4,8,,,,,,,,,,,,,,,,8,4,12,5.6,4.6,6.6,-0.12,25,22,27,1.09,16,2.46,,,,16,16,60,0.08,7.7,-0.19,2,27,3687:1,0.75,1,14,7227:1,0.85,,,,0.41,2878,0.04,,,,2102,2350,30,1.56,,,,23,33,1502,25,22,28,3.00,15,10,20,11,6,16,5,2,7,0,0,1,0.42,75,69,82,-0.23,,,,,,,,,,74,63,85,82,72,93,3425,15,9,22,-1.42,6.1,-0.79,Yes,1.29,83,2010,78,88,0.24,1,0.68,831,1625,51,38,64,0.68,3409,4467,76,71,81,2.30,102,3341,3.1,-0.45,117214,25500,4.6,0.04,22,14,29,0.33,,,,13,9,30,81,54,115,-0.64,,,,,,,,,,,,,,,,,,,,,,7,9.6,0.33,28,-0.02,
48071,Texas,Chambers,,649,8173,7307,9039,-0.60,5922,4625,7470,,,,,,,,,,10164,7118,14071,,,,,,,,,,9003,7790,10215,,4.1,3.3,5.0,-0.55,,8,7,8,-0.42,7,6,9,,,,,,,12,8,15,,,,,,,7,6,8,5.6,4.5,6.8,-0.11,19,17,21,-0.11,32,0.91,,,25,20,33,79,-0.74,7.6,-0.10,7,14,6981:1,1.10,22,41,2449:1,0.73,5,10,10258:1,1.14,5407,2.39,,,844,,5714,34,1.08,,,42,21,35,6300,14,12,16,0.76,17,13,21,11,8,15,4,2,6,2,0,4,0.92,80,76,84,0.43,,,,,,,89,79,100,79,74,85,80,76,83,22769,49,42,55,1.22,9.7,1.01,Yes,1.29,89,14777,86,92,-0.75,2,0.45,9764,13901,70,62,78,-0.97,28014,31302,89,88,91,-0.14,1165,21715,5.4,1.45,179436,47333,3.8,-0.97,10,6,14,-1.08,,,62,26,9,171,74,63,85,-0.87,22,12,38,,,,,,,83,46,136,,,,,,,95,79,110,22,4.3,1.26,19,-1.40,
48073,Texas,Cherokee,,1095,11652,10607,12696,0.30,8900,7036,10765,,,,,,,,,,14634,11359,17909,,,,,,,,,,11949,10558,13340,,4.9,4.0,5.9,0.72,,9,8,9,0.12,8,6,9,,,,,,,18,15,21,,,,,,,7,6,8,5.8,4.8,6.9,0.30,25,22,27,1.03,41,0.04,,,38,24,42,56,0.29,6.5,0.83,26,51,1965:1,0.09,58,111,900:1,0.43,19,37,2718:1,0.35,2617,-0.20,,,2331,1357,2627,38,0.59,,,39,13,39,7840,20,17,22,1.97,15,12,17,9,7,11,5,4,7,2,1,3,0.42,73,69,77,-0.52,,,,,,,78,65,90,77,71,82,71,68,75,19647,38,33,43,0.36,8.6,0.46,Yes,1.29,84,15199,81,87,0.05,3,-0.26,5758,12624,46,40,52,1.15,27433,33996,81,79,83,1.49,915,20774,4.4,0.66,123419,25221,4.9,0.41,28,21,34,1.07,,,51,27,20,230,88,77,100,-0.39,60,43,83,,,,,,,93,64,130,,,,,,,100,84,116,55,10.6,0.14,23,-0.79,
48075,Texas,Childress,,122,9806,7254,12358,-0.18,,,,,,,,,,,,,,,,,,,,,,,,,,,,,5.0,4.1,6.0,0.83,,8,5,10,-0.36,7,3,11,,,,,,,,,,,,,,,,6,4,9,6.0,4.9,7.3,0.62,24,22,27,1.00,25,1.58,,,29,14,26,59,0.13,5.9,1.35,10,148,674:1,-2.60,7,103,970:1,0.47,3,44,2270:1,0.14,3310,0.45,,,,3216,3355,19,2.90,,,,,,819,18,16,21,1.72,8,3,14,8,2,14,0,0,3,1,0,2,-1.00,91,82,100,1.89,,,,,,,,,,,,,,,,2849,36,21,51,0.20,6.4,-0.64,No,-0.77,81,1756,71,90,0.55,1,0.65,1133,2585,44,31,57,1.31,4139,4931,84,78,90,0.88,89,3213,2.8,-0.69,108183,26660,4.1,-0.64,24,15,33,0.58,,,,28,5,30,85,57,121,-0.49,,,,,,,,,,,,,,,,,,,,,,7,10.3,0.21,29,0.07,
48077,Texas,Clay,,220,9703,7408,11998,-0.21,,,,,,,,,,,,,,,,,,,,,,,,,,,,,4.1,3.4,4.9,-0.56,,7,5,9,-0.75,,,,,,,,,,,,,,,,,,,,,,5.8,4.8,7.0,0.32,17,15,19,-0.63,42,-0.06,,,,,,7,2.45,5.8,1.43,4,39,2566:1,0.42,3,28,3579:1,0.79,,,,0.41,5530,2.50,,,,,,35,0.96,,,,,,1289,16,14,18,1.23,12,8,15,8,5,11,2,0,4,2,0,4,-0.24,77,72,81,-0.05,,,,,,,,,,,,,,,,4903,37,30,45,0.30,8.0,0.16,No,-0.77,84,3556,80,88,0.04,1,0.81,1265,2203,57,48,67,0.14,7118,7672,93,90,95,-0.75,182,4876,3.7,0.11,131230,31515,4.2,-0.50,17,11,23,-0.24,,,,26,8,58,111,84,144,0.37,,,,,,,,,,,,,,,,,,,,,,15,14.3,-0.50,19,-1.41,
48079,Texas,Cochran,,61,14047,9407,20174,0.93,,,,,,,,,,,,,,,,,,,,,,,,,,,,,5.8,4.8,6.9,2.06,,8,5,11,-0.32,,,,,,,,,,,,,,,,,,,,,,6.2,5.1,7.4,0.95,34,31,37,3.00,23,1.78,,,,15,26,1,2.70,5.6,1.60,1,40,2516:1,0.40,,,,0.55,0,0,2526:0,1.43,1012,-1.68,,,,,,34,1.08,,,,32,34,493,23,21,26,2.82,13,6,19,8,1,15,4,0,8,2,0,5,-0.01,74,67,81,-0.43,,,,,,,,,,72,57,88,82,71,93,994,40,27,54,0.55,5.6,-1.04,No,-0.77,77,730,70,84,1.14,3,-0.24,256,702,36,28,45,1.94,1184,1651,72,67,76,3.00,45,1138,4.0,0.29,91500,19276,4.7,0.22,34,22,46,1.83,,,,37,38,17,125,73,200,0.83,,,,,,,,,,,,,,,,,,,,,,3,11.9,-0.07,33,0.69,
48081,Texas,Coke,x,,,,,0.07,,,,,,,,,,,,,,,,,,,,,,,,,,,,,4.7,3.8,5.7,0.42,x,9,5,12,0.12,,,,,,,,,,,,,,,,,,,,,,6.0,4.9,7.2,0.57,24,22,27,1.00,39,0.23,,,,43,39,70,-0.32,3.6,3.00,,,,0.28,,,,0.55,0,0,3333:0,1.43,3556,0.67,,,,,,47,-0.50,,,,25,50,449,18,16,21,1.67,5,2,9,5,0,10,0,0,2,0,0,2,-1.70,80,69,90,0.35,,,,,,,,,,,,,,,,1360,44,32,56,0.82,6.6,-0.54,Yes,1.29,85,1264,78,92,-0.08,0,1.05,340,694,49,33,65,0.86,2152,2451,88,83,93,0.17,54,1614,3.3,-0.21,94136,23829,4.0,-0.77,19,12,26,0.00,,,,11,14,13,78,41,133,-0.74,,,,,,,,,,,,,,,,,,,,,,4,12.0,-0.09,21,-1.08,
48083,Texas,Coleman,,234,13602,10506,16698,0.81,,,,,,,,,,,,,,,,,,,,,,,,,,,,,4.5,3.7,5.4,0.08,,10,7,12,0.72,11,6,16,,,,,,,,,,,,,,,,10,7,13,5.9,4.8,7.0,0.42,21,19,23,0.29,26,1.49,,,,19,26,66,-0.15,6.2,1.09,4,52,1934:1,0.07,1,13,7842:1,0.85,2,25,3925:1,0.68,4543,1.59,,,,,,32,1.32,,,,24,33,1254,22,19,24,2.41,11,6,15,9,4,13,1,0,3,1,0,2,-0.52,76,67,84,-0.17,,,,,,,,,,,,,,,,3397,39,28,50,0.43,6.9,-0.39,No,-0.77,84,2709,79,89,0.08,3,-0.12,677,1538,44,33,55,1.29,5056,5707,89,86,91,0.02,140,3066,4.6,0.80,102933,21239,4.8,0.35,27,17,37,0.97,,,,6,21,36,89,63,124,-0.35,,,,,,,,,,,,,,,,,,,,,,18,22.9,-2.01,27,-0.24,
48085,Texas,Collin,,8043,4576,4432,4719,-1.54,4330,3993,4667,,,,,,2286,2034,2537,,6194,5702,6685,,,,,,,,,,5156,4938,5374,,3.3,2.8,4.0,-1.71,,7,7,8,-0.45,6,6,7,8,4,11,9,9,10,12,11,12,,,,8,7,9,6,6,6,4.5,3.9,5.2,-1.83,12,11,14,-1.51,54,-1.22,46,54,42,42,56,93,-1.36,8.6,-0.96,1080,97,1027:1,-1.19,2183,183,548:1,0.12,806,70,1438:1,-0.61,2504,-0.30,1675,1265,4899,2641,2417,52,-1.10,44,45,51,39,54,107877,11,10,11,0.04,14,14,15,12,11,12,3,3,3,1,1,1,0.36,65,64,66,-1.65,65,58,72,48,46,50,66,64,69,69,67,71,66,65,67,581705,46,44,47,0.97,9.4,0.86,No,-0.77,96,384516,96,96,-1.79,2,0.11,263591,320845,82,81,84,-2.00,699114,740018,94,94,95,-1.07,22571,644705,3.5,-0.08,217628,53858,4.0,-0.66,7,5,8,-1.53,10,5,15,12,4,2231,41,40,43,-1.94,28,24,31,,,,17,14,20,37,32,42,,,,,,,56,53,58,747,6.4,0.88,16,-1.74,
48087,Texas,Collingsworth,x,,,,,0.07,,,,,,,,,,,,,,,,,,,,,,,,,,,,,4.9,4.1,5.7,0.64,x,10,6,14,0.88,,,,,,,,,,,,,,,,,,,,,,5.9,4.9,7.1,0.49,25,23,28,1.15,13,2.75,,,,4,14,83,-0.90,7.0,0.41,1,38,2615:1,0.44,2,78,1282:1,0.57,0,0,2568:0,1.43,3426,0.55,,,,8592,2232,25,2.17,,,,26,26,536,26,23,29,3.00,17,9,25,11,3,19,3,0,7,4,0,8,0.96,80,69,90,0.34,,,,,,,,,,,,,,,,1305,21,9,34,-0.96,6.3,-0.69,No,-0.77,87,820,79,94,-0.34,8,-2.48,238,516,46,30,62,1.11,1297,1720,75,74,77,2.46,40,1109,3.6,0.00,108545,24521,4.4,-0.18,32,22,41,1.58,,,,49,12,17,122,71,195,0.74,,,,,,,,,,,,,,,,,,,,,,4,15.6,-0.72,32,0.50,
48089,Texas,Colorado,,402,11859,10024,13694,0.36,9859,7293,13034,,,,,,,,,,19033,13019,26869,,,,,,,,,,11729,9054,14403,,4.5,3.6,5.4,-0.01,,8,7,9,-0.11,7,5,9,,,,,,,15,10,20,,,,,,,7,5,9,5.7,4.6,6.8,0.02,22,20,25,0.54,41,0.04,,,31,29,44,64,-0.06,7.8,-0.27,11,53,1875:1,0.02,8,38,2640:1,0.75,5,24,4151:1,0.72,2802,-0.03,,,,907,2876,37,0.71,,,27,26,38,3560,23,20,25,2.62,12,8,16,5,3,8,6,3,8,2,1,3,-0.18,81,76,87,0.56,,,,,,,,,,80,69,92,80,74,86,9029,33,26,40,-0.03,8.7,0.51,No,-0.77,81,6138,76,86,0.51,2,0.38,2209,4070,54,44,64,0.41,12576,14221,88,85,92,0.05,365,10572,3.5,-0.12,140270,32139,4.4,-0.25,22,14,30,0.39,,,27,23,7,105,99,80,118,-0.02,72,46,108,,,,,,,125,70,206,,,,,,,114,88,145,34,16.4,-0.86,31,0.41,
48091,Texas,Comal,,2231,6848,6386,7311,-0.95,6339,5592,7087,,,,,,,,,,,,,,,,,,,,,,7445,6807,8084,,3.5,2.8,4.3,-1.40,,7,7,8,-0.47,8,7,9,,,,13,8,17,12,8,15,,,,8,4,12,7,6,7,5.2,4.3,6.1,-0.70,16,15,18,-0.69,45,-0.35,,40,28,41,45,72,-0.44,8.0,-0.44,104,59,1683:1,-0.15,362,187,536:1,0.11,120,65,1539:1,-0.47,2061,-0.71,,,890,2054,2008,42,0.11,,33,39,40,42,20078,13,12,15,0.62,13,11,14,11,9,12,2,1,3,1,0,1,0.01,72,70,74,-0.66,,,,68,54,81,83,69,97,73,70,77,69,66,71,83205,48,45,52,1.19,9.0,0.66,Yes,1.29,95,64220,94,96,-1.62,2,0.31,31585,42903,74,69,78,-1.26,115791,122914,94,93,95,-1.02,3043,84437,3.6,0.00,191901,44248,4.3,-0.29,9,6,12,-1.23,,,10,10,3,502,61,55,66,-1.31,32,25,40,,,,,,,52,26,93,,,,,,,75,68,82,161,8.7,0.48,18,-1.50,
48093,Texas,Comanche,,294,9700,7794,11606,-0.21,8893,5956,12772,,,,,,,,,,,,,,,,,,,,,,10057,7685,12430,,4.4,3.6,5.4,-0.03,,6,5,8,-1.06,6,4,8,,,,,,,,,,,,,,,,6,4,8,5.7,4.6,6.9,0.09,23,21,25,0.67,23,1.78,,,,20,23,10,2.34,6.9,0.49,8,58,1722:1,-0.11,8,57,1756:1,0.66,4,29,3470:1,0.59,3331,0.46,,,,4335,2684,36,0.84,,,,26,37,2308,22,19,24,2.47,12,8,15,6,3,9,3,1,4,3,1,5,-0.24,79,74,84,0.22,,,,,,,,,,91,81,100,73,67,80,6185,26,21,32,-0.56,7.5,-0.09,Yes,1.29,84,4557,81,88,-0.02,1,0.65,1484,2921,51,42,60,0.71,8153,9637,85,81,88,0.76,223,6267,3.6,-0.04,121978,25833,4.7,0.19,27,19,35,1.01,,,,44,7,66,96,74,122,-0.12,95,57,149,,,,,,,,,,,,,,,,101,74,134,17,12.2,-0.14,24,-0.64,
48095,Texas,Concho,x,,,,,0.07,,,,,,,,,,,,,,,,,,,,,,,,,,,,,5.0,4.4,5.6,0.78,x,9,5,14,0.43,,,,,,,,,,,,,,,,,,,,,,6.0,5.4,6.7,0.61,28,27,30,1.80,43,-0.16,,,,59,40,66,-0.17,6.4,0.92,1,30,3341:1,0.67,1,30,3297:1,0.78,1,30,3340:1,0.55,1596,-1.14,,,,,,37,0.71,,,,50,35,277,17,14,19,1.31,7,2,12,5,0,12,2,0,5,1,0,2,-1.37,76,63,89,-0.11,,,,,,,,,,,,,,,,1086,51,29,72,1.35,6.7,-0.49,Yes,1.29,84,714,82,86,0.04,,0.18,350,933,38,24,51,1.85,2078,2614,79,74,85,1.71,42,1339,3.1,-0.38,106863,29750,3.6,-1.22,27,17,37,0.94,,,,35,36,,,,,-0.41,,,,,,,,,,,,,,,,,,,,,,0,0.0,2.01,22,-0.98,
48097,Texas,Cooke,,714,8596,7596,9596,-0.49,7660,5721,10045,,,,,,,,,,,,,,,,,,,,,,8983,7761,10205,,4.3,3.4,5.2,-0.18,,7,6,8,-0.76,8,6,9,,,,,,,17,9,25,,,,,,,6,5,7,5.8,4.7,6.9,0.25,19,17,21,-0.11,41,0.04,,50,39,18,41,62,0.00,7.6,-0.10,11,26,3840:1,0.78,30,69,1459:1,0.61,18,42,2392:1,0.21,3325,0.46,,,,4155,3241,39,0.47,,,25,18,40,6255,18,16,21,1.72,12,10,15,8,6,10,4,3,6,1,0,2,-0.11,80,77,83,0.42,,,,,,,,,,79,71,88,78,75,82,20278,39,34,43,0.41,8.8,0.56,Yes,1.29,80,13068,77,83,0.60,2,0.41,5395,10011,54,47,60,0.44,25407,28744,88,87,90,0.06,685,20583,3.3,-0.23,142539,33340,4.3,-0.37,19,13,25,-0.03,,,94,45,13,178,85,73,98,-0.48,45,27,71,,,,,,,,,,,,,,,,99,83,115,40,9.3,0.38,20,-1.29,
48099,Texas,Coryell,,1093,8665,7977,9352,-0.48,5883,4658,7332,,,,,,,,,,8737,6611,10864,,,,,,,,,,9829,8869,10790,,4.5,3.7,5.4,0.02,,9,8,9,0.04,8,6,9,,,,8,3,12,15,13,18,9,4,15,7,4,10,8,7,8,5.7,4.7,6.7,0.02,22,20,25,0.54,27,1.39,,26,23,22,28,48,0.65,5.2,1.94,15,18,5615:1,1.00,63,74,1347:1,0.59,28,33,3038:1,0.47,2156,-0.62,,1141,1102,230,2343,39,0.47,,30,39,32,41,9248,15,13,17,0.92,13,10,15,10,8,12,2,2,3,1,0,1,-0.06,71,69,74,-0.74,,,,,,,72,63,81,68,61,75,70,66,74,35054,29,26,32,-0.31,8.4,0.36,Yes,1.29,89,23165,87,91,-0.67,3,-0.27,17456,27900,63,59,67,-0.31,48347,53330,91,89,92,-0.36,1119,24964,4.5,0.73,116976,33038,3.5,-1.28,16,10,22,-0.40,,9,15,16,10,247,62,54,70,-1.25,46,33,64,,,,,,,46,31,65,,,,,,,76,65,88,53,6.2,0.92,20,-1.29,
48101,Texas,Cottle,x,,,,,0.07,,,,,,,,,,,,,,,,,,,,,,,,,,,,,5.3,4.3,6.3,1.22,,,,,-0.06,,,,,,,,,,,,,,,,,,,,,,6.3,5.1,7.6,1.09,28,25,31,1.74,19,2.16,,,,,,82,-0.85,0.7,3.00,0,0,1381:0,1.49,,,,0.55,0,0,1307:0,1.43,,0.19,,,,,,17,3.00,,,,,,162,17,14,20,1.35,11,5,16,7,0,16,2,0,7,0,0,4,-0.49,56,44,67,-2.82,,,,,,,,,,,,,,,,566,34,8,59,0.01,6.1,-0.79,No,-0.77,64,367,57,71,3.00,3,-0.15,174,313,56,36,75,0.29,745,936,80,74,85,1.69,25,951,2.6,-0.80,104969,15609,6.7,2.70,35,23,47,1.96,,,,46,39,,,,,-0.41,,,,,,,,,,,,,,,,,,,,,,4,30.6,-3.00,26,-0.33,
48103,Texas,Crane,,79,11492,8444,15282,0.26,,,,,,,,,,,,,,,,,,,,,,,,,,,,,4.5,4.0,5.2,0.11,,7,4,9,-0.82,6,3,8,,,,,,,,,,,,,,,,11,5,18,5.5,4.8,6.2,-0.33,26,25,28,1.42,18,2.26,,,,16,20,94,-1.41,8.6,-0.96,2,43,2340:1,0.31,,,,0.55,1,22,4546:1,0.79,3314,0.45,,,,,,21,2.65,,,,18,18,911,23,20,26,2.76,12,5,19,6,1,11,4,0,9,2,0,6,-0.10,86,79,93,1.17,,,,,,,,,,,,,,,,2189,38,23,53,0.36,6.6,-0.54,No,-0.77,78,1299,71,85,0.97,4,-0.62,282,1014,28,13,43,2.69,2192,2900,76,66,85,2.43,77,1726,4.5,0.71,145625,26456,5.5,1.17,16,10,21,-0.39,,,,6,82,17,72,42,115,-0.92,,,,,,,,,,,,,,,,,,,,,,4,8.8,0.47,28,-0.10,
48105,Texas,Crockett,,76,13152,8996,18566,0.69,,,,,,,,,,,,,,,,,,,,,,,,,,,,,4.5,3.7,5.3,0.00,x,6,3,9,-1.04,,,,,,,,,,,,,,,,,,,,,,5.5,4.4,6.6,-0.26,25,22,27,1.03,15,2.55,,,,14,16,90,-1.21,7.9,-0.36,2,65,1534:1,-0.30,,,,0.55,1,34,2943:1,0.44,3940,1.03,,,,2094,1837,24,2.29,,,,23,25,629,27,24,30,3.00,8,0,17,8,0,17,0,0,3,0,0,2,-1.17,79,67,91,0.25,,,,,,,,,,,,,,,,1432,35,17,52,0.09,6.6,-0.54,No,-0.77,76,895,61,91,1.26,3,-0.03,398,778,51,24,79,0.68,1453,2209,66,54,78,3.00,50,1503,3.3,-0.23,144263,53237,2.7,-2.32,21,13,29,0.26,,,,,,14,85,46,142,-0.50,,,,,,,,,,,,,,,,,,,,,,4,13.6,-0.37,20,-1.19,
48107,Texas,Crosby,,146,16653,12706,20600,1.61,,,,,,,,,,,,,,,,,,,,,,,,,,,,,5.0,4.2,6.0,0.87,,8,6,11,0.03,,,,,,,,,,,,,,,,,,,,,,5.8,4.7,7.0,0.22,27,25,30,1.63,41,0.04,,,,29,45,52,0.46,6.5,0.83,2,39,2553:1,0.41,2,41,2459:1,0.73,,,,0.41,3906,1.00,,,,2914,4371,25,2.17,,,,27,25,888,22,19,25,2.50,14,9,18,6,1,10,7,3,11,2,0,3,0.19,77,72,82,0.04,,,,,,,,,,73,66,80,82,74,90,2215,48,39,57,1.14,5.9,-0.89,Yes,1.29,86,1703,82,90,-0.29,1,0.75,500,1241,40,30,50,1.61,2586,3297,78,75,82,1.90,102,2429,4.2,0.49,95788,23155,4.1,-0.54,33,20,46,1.73,,,,35,34,30,110,74,158,0.35,123,74,192,,,,,,,,,,,,,,,,105,53,188,5,10.0,0.26,34,0.72,
48109,Texas,Culberson,x,,,,,0.07,,,,,,,,,,,,,,,,,,,,,,,,,,,,,5.0,4.5,5.6,0.85,x,10,6,14,0.65,,,,,,,,,,,,,,,,,,,,,,5.7,5.1,6.3,0.09,30,28,31,2.07,13,2.75,,,,13,19,94,-1.42,6.5,0.83,1,46,2193:1,0.24,1,46,2196:1,0.71,0,0,2155:0,1.43,2688,-0.13,,,,,,32,1.32,,,,29,37,389,23,20,26,2.75,5,0,13,1,0,10,4,0,12,0,0,4,-1.71,91,75,100,1.82,,,,,,,,,,,,,,,,912,18,0,39,-1.22,5.6,-1.04,No,-0.77,63,439,50,75,3.00,2,0.05,185,385,48,20,76,0.94,1178,1607,73,63,83,2.85,40,1246,3.2,-0.32,88032,23483,3.7,-1.02,34,21,46,1.80,,,,,,15,138,77,228,1.27,,,,,,,,,,,,,,,,,,,,,,0,0.0,2.01,24,-0.64,
48111,Texas,Dallam,,152,15212,12044,18380,1.23,15540,11291,20861,,,,,,,,,,,,,,,,,,,,,,14159,10161,19209,,5.0,4.0,6.0,0.80,,5,4,7,-1.41,4,3,6,,,,,,,,,,,,,,,,7,4,9,5.9,4.8,7.1,0.43,25,23,28,1.15,23,1.78,,,,18,24,65,-0.13,6.6,0.75,6,84,1195:1,-0.81,3,41,2412:1,0.73,2,28,3621:1,0.62,3323,0.46,,,,,,27,1.93,,,,20,28,1767,28,25,31,3.00,8,3,14,4,0,8,5,0,9,1,0,3,-1.00,82,68,96,0.69,,,,,,,,,,74,49,98,89,81,96,3826,16,5,26,-1.40,5.7,-0.99,Yes,1.29,79,1886,71,88,0.75,1,0.90,823,2086,39,22,57,1.69,3549,4396,81,72,89,1.48,100,3903,2.6,-0.86,103957,45769,2.3,-2.87,16,10,21,-0.41,,,,11,17,49,135,100,179,1.19,116,71,178,,,,,,,,,,,,,,,,140,90,208,10,13.8,-0.41,26,-0.43,
48113,Texas,Dallas,,32975,8431,8309,8554,-0.54,6931,6759,7103,,4549,3250,6195,,3548,3234,3863,,13086,12759,13412,,,,,,,,,,8036,7797,8276,,4.1,3.5,4.8,-0.51,,9,8,9,0.05,7,7,7,6,3,8,9,9,10,13,13,14,7,3,12,7,6,8,6,6,7,5.5,4.8,6.2,-0.29,21,19,23,0.25,52,-1.03,50,54,37,39,57,96,-1.50,7.3,0.15,1864,72,1387:1,-0.49,5730,220,455:1,-0.04,2479,95,1049:1,-1.36,3042,0.20,5150,1603,5285,2950,2461,46,-0.38,47,41,43,30,50,528378,24,23,25,2.84,21,20,21,15,15,16,6,6,6,1,1,1,1.81,70,70,71,-0.88,76,72,81,69,67,70,74,73,74,74,73,75,77,76,78,1295759,42,42,43,0.71,8.8,0.56,No,-0.77,90,876582,90,91,-0.89,0,0.94,496133,788056,63,62,64,-0.34,1383140,1693339,82,81,82,1.30,56092,1461604,3.8,0.19,147918,33795,4.4,-0.24,20,17,22,0.06,8,11,29,23,7,8909,68,67,69,-1.06,45,44,47,74,49,108,25,22,29,94,90,97,,,,,,,93,90,96,2011,7.7,0.65,27,-0.19,
48115,Texas,Dawson,,271,12751,10677,14824,0.59,13506,10783,16229,,,,,,,,,,,,,,,,,,,,,,11507,8060,15931,,5.5,4.5,6.5,1.56,,11,9,13,1.27,11,9,13,,,,,,,,,,,,,,,,10,7,13,6.0,4.8,7.2,0.55,30,28,33,2.24,29,1.20,,,16,25,30,69,-0.30,5.0,2.11,5,40,2483:1,0.38,1,8,12004:1,0.87,6,49,2022:1,-0.02,2756,-0.07,,,,3773,2061,22,2.53,,,,12,27,1946,22,19,25,2.52,18,14,23,14,10,19,4,2,6,1,0,2,1.21,72,65,79,-0.65,,,,,,,,,,64,55,74,84,78,90,4634,26,20,33,-0.55,6.2,-0.74,Yes,1.29,83,3441,78,87,0.23,3,-0.23,1647,3733,44,36,52,1.28,5812,8037,72,68,76,3.00,188,4445,4.2,0.52,106672,20310,5.3,0.86,26,16,36,0.87,,,67,27,7,65,103,80,132,0.12,84,57,119,,,,,,,,,,,,,,,,142,96,202,18,14.8,-0.59,29,0.12,
48117,Texas,Deaf Smith,,275,9743,8176,11311,-0.20,,,,,,,,,,,,,,,,,,,,,,,,,,,,,5.3,4.3,6.3,1.22,,7,6,8,-0.66,6,5,8,,,,,,,,,,,,,,,,11,8,15,5.8,4.7,7.0,0.26,35,32,38,3.00,38,0.33,,,,33,41,80,-0.80,7.1,0.32,2,11,9165:1,1.19,2,11,9174:1,0.86,7,38,2625:1,0.31,2463,-0.34,,,,2240,2689,38,0.59,,,,31,43,3586,23,20,26,2.65,15,11,19,9,5,12,5,2,7,2,0,3,0.49,79,73,85,0.28,,,,,,,,,,80,72,87,85,80,91,8182,15,11,20,-1.41,5.9,-0.89,No,-0.77,80,4803,75,86,0.60,2,0.42,1186,4580,26,19,33,2.85,7690,10769,71,67,76,3.00,280,8959,3.1,-0.39,113534,30280,3.7,-1.02,22,14,31,0.41,,,,24,10,60,65,50,84,-1.16,46,32,65,,,,,,,,,,,,,,,,126,83,185,14,7.6,0.67,26,-0.36,
48119,Texas,Delta,,114,13605,9584,17626,0.81,,,,,,,,,,,,,,,,,,,,,,,,,,,,,4.5,3.7,5.3,-0.01,,5,3,7,-1.45,,,,,,,,,,,,,,,,,,,,,,6.0,4.9,7.2,0.65,18,16,20,-0.34,40,0.13,,,,,,61,0.05,7.8,-0.27,,,,0.28,3,54,1840:1,0.68,,,,0.41,4949,1.96,,,,,,38,0.59,,,,,,586,14,12,16,0.69,9,6,12,7,3,12,1,0,3,0,0,2,-0.93,82,74,90,0.65,,,,,,,,,,,,,,,,2351,41,31,51,0.61,8.3,0.31,No,-0.77,79,1658,71,87,0.80,,0.18,832,1359,61,47,76,-0.19,3375,3752,90,86,94,-0.23,112,2512,4.5,0.71,124821,22222,5.6,1.31,23,14,31,0.43,,,15,20,21,23,86,54,129,-0.47,,,,,,,,,,,,,,,,,,,,,,5,9.2,0.39,23,-0.85,
48121,Texas,Denton,,7670,5062,4901,5223,-1.42,4364,4038,4689,,,,,,2317,1980,2654,,6936,6376,7497,,,,,,,,,,5546,5311,5781,,3.4,2.8,4.0,-1.67,,7,7,8,-0.47,6,6,7,11,7,16,9,8,10,13,12,14,17,8,27,8,7,10,6,6,6,4.7,4.0,5.5,-1.58,14,12,15,-1.24,51,-0.93,58,52,38,38,52,94,-1.41,8.3,-0.70,505,54,1865:1,0.01,1821,181,553:1,0.13,610,62,1602:1,-0.40,2890,0.06,,1627,4725,2010,2881,51,-0.98,33,44,47,34,52,98928,12,11,12,0.24,14,13,14,11,10,12,3,2,3,1,1,1,0.16,68,67,69,-1.21,73,62,84,46,43,49,61,60,63,65,63,67,61,60,62,509028,46,45,47,1.01,7.4,-0.14,No,-0.77,95,331046,95,96,-1.70,2,0.44,223490,284784,78,77,80,-1.68,594026,635931,93,93,94,-0.87,19901,568450,3.5,-0.08,203785,50051,4.1,-0.62,6,4,8,-1.62,30,3,16,11,5,1969,43,41,45,-1.89,27,23,30,,,,21,17,26,44,39,50,,,,,,,54,51,57,558,5.7,1.01,18,-1.46,
48123,Texas,DeWitt,,383,10221,8593,11848,-0.07,10339,7951,12728,,,,,,,,,,,,,,,,,,,,,,9980,7508,12452,,4.7,3.9,5.7,0.38,,9,7,10,0.09,8,6,9,,,,,,,19,11,27,,,,,,,8,6,10,5.8,4.7,6.9,0.17,23,21,25,0.67,36,0.52,,,29,27,37,64,-0.09,7.4,0.07,12,60,1660:1,-0.17,6,30,3322:1,0.78,6,30,3295:1,0.54,3062,0.22,,,4203,4978,2386,35,0.96,,,25,18,38,2715,19,16,21,1.81,13,9,17,10,7,14,3,1,5,1,0,1,0.12,82,78,87,0.68,,,,,,,,,,77,67,86,83,79,86,7519,37,30,43,0.25,8.7,0.51,No,-0.77,73,4893,70,77,1.70,3,-0.11,2173,4714,46,38,54,1.11,11814,13830,85,83,88,0.61,302,9114,3.3,-0.24,119409,24489,4.9,0.39,24,16,33,0.64,,,,25,18,89,89,71,109,-0.37,44,25,71,,,,,,,,,,,,,,,,118,91,151,31,15.7,-0.74,22,-0.99,
48125,Texas,Dickens,x,,,,,0.07,,,,,,,,,,,,,,,,,,,,,,,,,,,,,4.7,3.8,5.7,0.34,,,,,-0.06,,,,,,,,,,,,,,,,,,,,,,5.9,4.8,7.1,0.36,23,21,25,0.69,25,1.58,,,,31,25,41,0.93,7.0,0.41,1,57,1740:1,-0.09,1,58,1711:1,0.66,0,0,1726:0,1.43,,0.19,,,,,,26,2.05,,,,,,235,19,16,22,1.83,12,5,18,11,1,21,1,0,5,1,1,2,-0.24,76,55,96,-0.20,,,,,,,,,,,,,,,,683,44,32,56,0.86,5.9,-0.89,Yes,1.29,86,585,80,92,-0.18,2,0.42,138,365,38,24,52,1.83,1014,1193,85,79,91,0.69,31,608,5.1,1.23,121100,21306,5.7,1.40,28,18,39,1.15,,,,26,6,13,129,69,221,0.98,,,,,,,,,,,,,,,,,,,,,,3,17.4,-1.04,33,0.60,
48127,Texas,Dimmit,,214,14362,11627,17097,1.01,,,,,,,,,,,,,,,,,,,,,,,,,,,,,6.3,5.2,7.4,2.73,,8,6,9,-0.36,,,,,,,,,,,,,,,,,,,,,,6.1,4.9,7.3,0.69,40,37,44,3.00,30,1.10,,,,32,20,81,-0.82,2.4,3.00,3,35,2824:1,0.52,3,36,2752:1,0.75,3,36,2796:1,0.38,4078,1.16,,,,4696,2446,18,3.00,,,,20,12,1313,19,17,22,1.94,28,16,40,21,10,32,7,1,12,1,0,2,3.00,83,75,91,0.79,,,,,,,,,,,,,,,,2494,33,20,46,0.00,8.4,0.36,No,-0.77,75,2248,67,83,1.48,3,0.00,933,2254,41,30,53,1.52,3846,5170,74,66,82,2.65,203,6288,3.2,-0.31,99592,11883,8.4,3.00,36,24,49,2.13,,,,,,37,78,55,108,-0.71,,,,,,,,,,,,,,,,,,,,,,7,8.3,0.55,31,0.37,
48129,Texas,Donley,,82,10599,6719,15904,0.03,,,,,,,,,,,,,,,,,,,,,,,,,,,,,4.5,3.8,5.4,0.09,x,10,6,14,0.79,,,,,,,,,,,,,,,,,,,,,,6.0,5.0,7.1,0.63,21,19,23,0.25,23,1.78,,,,,,79,-0.74,7.7,-0.19,,,,0.28,,,,0.55,1,30,3339:1,0.55,3023,0.18,,,,,,29,1.68,,,,,,475,21,18,24,2.38,15,8,23,12,4,20,2,0,4,2,0,5,0.51,68,62,74,-1.17,,,,,,,,,,,,,,,,1352,24,15,33,-0.73,6.0,-0.84,No,-0.77,67,806,59,75,2.65,17,-3.00,338,563,60,47,73,-0.09,1847,2211,84,78,89,0.96,56,1447,3.9,0.22,100875,22891,4.4,-0.20,26,16,35,0.83,,,,,,16,97,55,157,-0.10,,,,,,,,,,,,,,,,,,,,,,6,18.0,-1.14,32,0.50,
48131,Texas,Duval,,237,15818,13120,18517,1.39,,,,,,,,,,,,,,,,,,,,,,,,,,,,,5.2,4.2,6.3,1.16,,10,8,12,0.59,,,,,,,,,,,,,,,,,,,,,,5.5,4.4,6.7,-0.24,33,29,36,2.74,29,1.20,,,,31,24,,0.12,5.4,1.77,,,,0.28,1,10,9604:1,0.86,,,,0.41,4363,1.42,,,,,,27,1.93,,,,27,28,1299,18,15,20,1.62,13,7,18,7,3,12,6,2,10,1,0,2,-0.08,70,63,78,-0.90,,,,,,,,,,,,,,,,3418,36,22,50,0.22,9.0,0.66,Yes,1.29,68,2025,60,75,2.55,,0.18,1109,2778,40,26,54,1.64,4813,6542,74,67,80,2.80,219,4987,4.4,0.65,88881,19175,4.6,0.08,43,29,56,2.94,,,,46,64,47,89,65,118,-0.37,,,,,,,,,,,,,,,,,,,,,,0,0.0,2.01,40,1.64,
48133,Texas,Eastland,,458,12165,10350,13980,0.44,,,,,,,,,,,,,,,,,,,,,,,,,,,,,4.7,3.8,5.7,0.30,,8,6,9,-0.29,5,2,8,,,,,,,,,,,,,,,,8,7,10,6.1,5.0,7.3,0.76,22,20,25,0.52,31,1.00,,,21,32,31,60,0.09,6.2,1.09,4,22,4466:1,0.88,10,55,1804:1,0.67,6,33,2991:1,0.45,2570,-0.24,,,,4064,2447,29,1.68,,,,23,29,2702,20,18,23,2.10,12,8,16,9,5,12,3,1,5,1,0,2,-0.20,76,72,80,-0.18,,,,,,,,,,68,56,79,79,73,84,7635,27,21,33,-0.50,7.3,-0.19,Yes,1.29,82,5907,78,86,0.30,1,0.62,2214,3770,59,49,68,0.02,10347,12177,85,82,88,0.69,302,6563,4.6,0.82,115380,22630,5.1,0.66,24,16,33,0.65,,,,16,16,110,121,98,144,0.71,63,30,116,,,,,,,,,,,,,,,,136,110,166,25,13.9,-0.43,25,-0.48,
48135,Texas,Ector,,2821,12481,11902,13061,0.52,10389,9730,11047,,,,,,,,,,17881,14493,21269,,,,,,,,,,16312,15004,17620,,4.8,3.9,5.7,0.45,,9,9,10,0.48,9,8,9,,,,13,9,17,17,15,20,,,,10,5,16,10,9,11,5.5,4.5,6.6,-0.29,26,23,28,1.23,38,0.33,,51,36,35,39,72,-0.43,7.0,0.41,92,57,1751:1,-0.08,93,57,1769:1,0.67,84,52,1915:1,-0.10,3759,0.86,,,5287,4290,3303,29,1.68,,23,35,25,31,31020,22,20,24,2.45,16,14,18,10,9,12,6,5,7,1,1,2,0.77,82,80,85,0.71,,,,79,64,93,79,72,87,81,78,84,83,81,85,74383,30,27,33,-0.26,7.3,-0.19,Yes,1.29,85,53157,83,87,-0.12,1,0.64,26225,49179,53,49,57,0.49,76127,98069,78,76,79,2.05,2869,86162,3.3,-0.22,142603,28564,5.0,0.53,14,9,20,-0.58,16,,20,25,10,741,91,84,97,-0.31,68,61,75,,,,,,,83,56,119,,,,,,,145,130,160,116,7.2,0.74,24,-0.62,
48137,Texas,Edwards,x,,,,,0.07,,,,,,,,,,,,,,,,,,,,,,,,,,,,,5.6,4.7,6.5,1.71,,,,,-0.06,,,,,,,,,,,,,,,,,,,,,,6.1,5.0,7.2,0.71,31,28,34,2.41,25,1.58,,,,24,24,1,2.71,6.2,1.09,1,70,1438:1,-0.42,1,72,1393:1,0.60,0,0,1422:0,1.43,2363,-0.43,,,,2522,1501,40,0.35,,,,21,45,291,29,26,33,3.00,13,0,28,6,0,18,0,0,6,7,0,21,0.08,71,58,84,-0.77,,,,,,,,,,,,,,,,734,21,0,46,-0.99,6.9,-0.39,Yes,1.29,59,282,44,75,3.00,18,-3.00,160,288,56,24,87,0.30,723,922,78,67,90,1.91,31,1264,2.5,-0.95,78361,12029,6.5,2.44,35,21,48,1.94,,,,,,,,,,-0.41,,,,,,,,,,,,,,,,,,,,,,4,28.1,-2.92,27,-0.20,
48139,Texas,Ellis,,2587,7453,7042,7864,-0.79,5932,5245,6620,,,,,,,,,,9682,8423,10942,,,,,,,,,,7817,7231,8404,,4.1,3.3,5.0,-0.61,,7,7,8,-0.46,7,6,7,,,,10,6,14,13,12,14,,,,6,3,10,6,6,7,5.4,4.5,6.5,-0.43,19,17,21,-0.17,47,-0.55,58,46,35,36,49,50,0.54,7.9,-0.36,77,38,2632:1,0.45,240,108,928:1,0.45,66,31,3215:1,0.52,3369,0.50,,,5217,3460,3129,44,-0.13,,44,46,35,45,30152,17,15,18,1.32,13,12,15,9,8,11,4,3,4,1,1,1,0.09,79,78,80,0.26,,,,79,42,100,68,62,74,75,70,80,74,72,76,102139,51,48,54,1.41,8.3,0.31,Yes,1.29,92,63137,90,93,-1.12,2,0.28,34606,54750,63,60,67,-0.36,115602,131896,88,87,89,0.20,3927,106348,3.7,0.08,163940,42592,3.8,-0.90,9,5,13,-1.24,,21,14,17,8,551,57,52,61,-1.43,32,26,40,,,,,,,53,41,67,,,,,,,72,65,79,168,7.9,0.62,22,-0.95,
48141,Texas,El Paso,,11154,8160,7954,8366,-0.61,7948,7726,8171,,,,,,3274,2209,4674,,9927,8677,11177,,,,,,,,,,9790,9092,10488,,4.6,3.9,5.5,0.27,,9,9,9,0.29,9,9,9,,,,10,8,12,13,12,15,9,6,13,10,7,12,9,8,9,5.9,5.1,6.8,0.40,28,26,31,1.80,33,0.81,36,33,17,31,36,86,-1.05,6.3,1.01,431,50,2014:1,0.12,1217,140,715:1,0.31,421,48,2064:1,0.01,2060,-0.71,,328,2193,2010,2124,29,1.68,,16,22,27,33,172459,23,22,25,2.81,19,18,20,14,13,15,6,5,6,1,1,1,1.42,76,75,77,-0.10,79,70,87,73,67,79,72,68,76,77,76,78,75,73,78,381573,30,29,31,-0.25,9.3,0.81,Yes,1.29,88,261656,88,89,-0.60,1,0.88,160143,242204,66,64,68,-0.61,437689,542719,81,80,81,1.49,16620,378938,4.4,0.65,114528,23255,4.9,0.45,24,20,27,0.59,24,24,19,27,14,2485,58,56,61,-1.38,51,48,53,,,,34,20,55,77,63,92,,,,,,,110,100,119,424,4.9,1.15,22,-0.90,
48143,Texas,Erath,,568,7986,7027,8946,-0.65,6937,5196,9074,,,,,,,,,,,,,,,,,,,,,,8593,7394,9792,,4.5,3.6,5.5,0.07,,7,6,8,-0.49,7,5,8,,,,,,,22,10,34,,,,,,,7,6,8,6.0,4.9,7.2,0.56,21,19,23,0.33,43,-0.16,,,,32,44,70,-0.36,6.0,1.26,25,58,1735:1,-0.10,58,131,762:1,0.34,25,57,1756:1,-0.24,3044,0.20,,,,,,39,0.47,,,,19,40,6986,21,18,23,2.19,19,15,22,15,12,18,3,2,5,1,0,2,1.34,75,72,79,-0.22,,,,,,,,,,74,65,83,77,72,81,20898,23,19,27,-0.79,7.8,0.06,Yes,1.29,89,14576,87,91,-0.71,3,0.02,6325,10217,62,55,69,-0.25,22331,25650,87,85,89,0.31,757,21573,3.5,-0.08,123638,25618,4.8,0.32,18,12,23,-0.19,25,,,24,10,165,77,65,88,-0.78,40,24,63,,,,,,,,,,,,,,,,90,75,104,51,11.6,-0.03,31,0.35,
48145,Texas,Falls,,328,12250,10139,14360,0.46,10395,7199,14525,,,,,,,,,,15201,10527,21242,,,,,,,,,,12552,9244,15861,,5.2,4.3,6.2,1.05,,9,7,10,0.11,7,4,9,,,,,,,13,9,17,,,,,,,7,5,10,6.2,5.0,7.4,0.87,26,23,28,1.28,34,0.71,,,23,34,37,37,1.11,7.2,0.24,1,6,17313:1,1.33,3,17,5762:1,0.83,5,29,3410:1,0.57,2787,-0.04,,,2868,1198,2728,40,0.35,,,29,29,44,2162,18,16,21,1.70,17,12,21,10,6,13,6,3,8,2,1,3,0.86,78,72,84,0.09,,,,,,,,,,,,,,,,6119,47,39,55,1.06,8.4,0.36,Yes,1.29,79,4777,75,84,0.74,1,0.89,2445,4141,59,50,68,0.00,10319,12157,85,83,87,0.71,283,6941,4.1,0.39,108129,20684,5.2,0.83,25,15,35,0.74,,,21,13,19,67,78,60,99,-0.74,51,26,92,,,,,,,67,36,114,,,,,,,99,72,134,20,11.7,-0.05,29,0.01,
48147,Texas,Fannin,,761,10352,9154,11550,-0.04,,,,,,,,,,,,,,,,,,,,,,,,,,,,,4.5,3.7,5.3,0.03,,9,8,10,0.12,9,7,12,,,,,,,21,13,28,,,,,,,8,7,9,5.9,4.7,7.1,0.40,21,18,23,0.19,42,-0.06,45,,41,33,42,34,1.27,6.6,0.75,7,19,5224:1,0.97,39,104,963:1,0.46,9,24,4125:1,0.72,4316,1.38,,,3211,,4185,39,0.47,,,50,53,38,4614,17,15,19,1.33,14,11,16,10,7,12,3,2,4,2,1,2,0.22,74,71,76,-0.46,,,,,,,,,,59,50,68,69,66,71,15315,51,46,56,1.40,8.8,0.56,No,-0.77,82,10463,78,85,0.39,2,0.08,4749,9698,49,43,54,0.86,22438,25860,87,85,88,0.36,613,18049,3.4,-0.17,139692,27286,5.1,0.69,19,13,25,0.02,,,56,23,12,161,89,75,103,-0.35,67,37,110,,,,,,,,,,,,,,,,97,81,114,37,10.0,0.26,22,-0.93,
48149,Texas,Fayette,,454,9257,7765,10750,-0.32,7305,5059,10208,,,,,,,,,,,,,,,,,,,,,,9275,7403,11148,,4.2,3.4,5.1,-0.42,,8,6,9,-0.32,7,5,9,,,,,,,16,9,23,,,,,,,7,6,9,5.6,4.6,6.7,-0.05,18,17,21,-0.25,48,-0.64,,,33,35,49,52,0.46,7.6,-0.10,8,32,3086:1,0.60,13,51,1960:1,0.69,13,52,1916:1,-0.10,2448,-0.35,,,1261,,2435,41,0.23,,,42,28,42,3427,19,17,21,1.84,11,8,14,9,7,12,2,1,3,1,0,1,-0.38,83,79,86,0.76,,,,,,,,,,85,72,98,82,77,87,10907,23,18,27,-0.85,8.6,0.46,Yes,1.29,77,7595,74,80,1.11,7,-1.87,2845,4922,58,50,65,0.10,16381,18150,90,88,92,-0.29,411,12198,3.4,-0.19,133509,31262,4.3,-0.37,13,8,19,-0.72,,,49,10,4,118,94,77,111,-0.20,40,20,71,,,,,,,151,75,270,,,,,,,108,88,132,52,20.9,-1.65,30,0.16,
48151,Texas,Fisher,,92,13850,9473,19552,0.88,,,,,,,,,,,,,,,,,,,,,,,,,,,,,4.3,3.9,4.9,-0.18,,12,8,16,1.74,14,6,21,,,,,,,,,,,,,,,,10,5,15,5.7,5.1,6.3,0.02,22,20,23,0.40,13,2.75,,,,10,13,42,0.92,7.5,-0.02,2,54,1853:1,0.00,,,,0.55,1,28,3622:1,0.62,1375,-1.35,,,,,,34,1.08,,,,33,34,432,16,14,18,1.15,7,3,10,4,1,8,1,0,4,1,0,3,-1.45,87,83,90,1.27,,,,,,,,,,72,61,83,81,57,100,1685,33,26,40,-0.03,6.5,-0.59,Yes,1.29,83,1315,78,87,0.25,,0.18,619,992,62,52,73,-0.29,2463,2727,90,87,94,-0.30,54,1633,3.3,-0.24,116848,32065,3.6,-1.16,21,13,28,0.20,,,,20,7,19,101,61,158,0.05,,,,,,,,,,,,,,,,,,,,,,8,22.1,-1.86,21,-1.04,
48153,Texas,Floyd,,119,10824,7937,13712,0.09,,,,,,,,,,,,,,,,,,,,,,,,,,,,,5.0,4.3,5.8,0.82,,8,6,11,-0.06,,,,,,,,,,,,,,,,,,,,,,5.8,4.9,6.8,0.24,30,28,33,2.24,30,1.10,,,,22,29,76,-0.62,6.9,0.49,3,56,1783:1,-0.05,2,39,2545:1,0.74,1,19,5235:1,0.87,1532,-1.20,,,,,,34,1.08,,,,26,37,1050,25,22,28,3.00,9,4,14,4,0,8,2,0,5,3,0,6,-0.88,86,78,94,1.19,,,,,,,,,,84,72,95,84,79,89,2280,23,15,30,-0.82,6.1,-0.79,No,-0.77,73,1414,67,79,1.75,4,-0.44,691,1307,53,41,65,0.53,2673,3584,75,69,81,2.62,104,2438,4.3,0.55,120650,17344,7.0,2.99,32,20,44,1.59,,,12,19,,21,76,47,115,-0.81,,,,,,,,,,,,,,,,,,,,,,10,19.1,-1.34,33,0.65,
48155,Texas,Foard,x,,,,,0.07,,,,,,,,,,,,,,,,,,,,,,,,,,,,,5.2,4.5,5.8,1.06,,,,,-0.06,,,,,,,,,,,,,,,,,,,,,,6.4,5.6,7.1,1.18,26,24,27,1.28,32,0.91,,,,,,0,2.74,2.8,3.00,0,0,1080:0,1.49,,,,0.55,0,0,1057:0,1.43,1003,-1.69,,,,,,28,1.81,,,,,,143,18,15,21,1.69,13,3,22,7,0,20,1,0,7,4,0,11,-0.02,65,64,67,-1.57,,,,,,,,,,,,,,,,484,27,12,43,-0.48,6.5,-0.59,Yes,1.29,66,276,52,79,2.87,7,-2.16,53,125,42,0,90,1.43,550,677,81,77,86,1.38,19,577,3.3,-0.25,112629,15667,7.2,3.00,26,16,36,0.85,,,,,,10,178,85,327,2.59,,,,,,,,,,,,,,,,,,,,,,0,0.0,2.01,27,-0.16,
48157,Texas,Fort Bend,,7253,5310,5130,5490,-1.35,5010,4684,5337,,,,,,3119,2811,3427,,8220,7714,8725,,,,,,,,,,5220,4891,5548,,3.4,2.7,4.2,-1.59,,9,8,9,0.13,8,7,8,15,7,24,10,9,10,12,11,13,,,,10,8,12,6,6,7,4.6,3.7,5.5,-1.81,16,14,18,-0.78,51,-0.93,55,57,37,41,53,89,-1.20,8.5,-0.87,727,85,1181:1,-0.84,1090,119,841:1,0.40,517,58,1720:1,-0.27,2830,0.00,,1778,4237,3190,2570,42,0.11,,41,40,32,44,94620,12,11,13,0.41,15,14,16,12,11,13,3,3,4,1,0,1,0.49,72,71,73,-0.64,73,54,91,47,44,50,68,65,70,70,68,72,66,64,68,407834,57,56,59,1.90,10.6,1.46,No,-0.77,95,266857,94,96,-1.61,2,0.45,180182,232638,77,75,80,-1.59,511743,556652,92,91,92,-0.60,17153,432297,4.0,0.30,206354,50788,4.1,-0.63,10,8,12,-1.10,24,7,11,12,4,1803,43,41,45,-1.89,33,30,37,,,,24,20,27,55,50,60,,,,,,,58,54,62,422,4.7,1.18,18,-1.48,
48159,Texas,Franklin,,215,11460,8948,13972,0.25,,,,,,,,,,,,,,,,,,,,,,,,,,,,,3.8,3.1,4.6,-0.99,,7,5,9,-0.69,5,2,9,,,,,,,,,,,,,,,,7,5,10,5.5,4.4,6.7,-0.22,15,14,17,-0.88,38,0.33,,,41,,39,12,2.22,6.1,1.18,3,29,3488:1,0.70,4,37,2684:1,0.75,4,38,2655:1,0.33,2183,-0.60,,,,,,34,1.08,,,,,,1197,15,12,17,0.90,8,5,12,4,2,7,4,1,7,1,0,3,-1.00,71,63,80,-0.74,,,,,,,,,,71,63,79,68,59,77,4271,32,23,41,-0.08,8.5,0.41,No,-0.77,90,3540,87,93,-0.83,3,-0.41,1428,2321,62,49,74,-0.22,6750,7427,91,88,94,-0.40,195,5157,3.8,0.15,157154,34122,4.6,0.05,21,13,29,0.24,,,12,8,15,49,92,68,121,-0.27,,,,,,,,,,,,,,,,,,,,,,12,11.3,0.03,21,-1.01,
48161,Texas,Freestone,,405,10438,8785,12091,-0.01,,,,,,,,,,,,,18635,13251,25475,,,,,,,,,,9753,7771,11735,,4.6,3.8,5.6,0.27,,8,6,9,-0.36,8,5,10,,,,,,,14,9,19,,,,,,,6,5,8,6.0,4.9,7.1,0.54,23,21,26,0.75,32,0.91,,,21,45,32,42,0.91,6.8,0.58,6,30,3296:1,0.66,7,34,2920:1,0.76,6,30,3325:1,0.55,3289,0.43,,,3938,,3074,35,0.96,,,43,48,34,2712,19,17,21,1.83,11,8,13,7,5,10,3,2,5,0,0,0,-0.53,84,80,88,0.91,,,,,,,,,,83,74,92,83,74,92,7283,39,33,46,0.46,8.4,0.36,No,-0.77,78,5323,73,82,1.05,2,0.33,2673,5040,53,45,61,0.51,12072,13942,87,84,89,0.39,336,6584,5.1,1.24,128564,24006,5.4,0.99,21,13,28,0.22,,,27,20,12,96,97,78,118,-0.10,,,,,,,,,,129,78,202,,,,,,,105,82,133,23,11.5,-0.01,24,-0.61,
48163,Texas,Frio,,334,12091,10378,13804,0.42,13092,11078,15105,,,,,,,,,,,,,,,,,,,,,,10503,6861,15389,,5.2,4.4,6.0,1.06,,9,8,11,0.38,9,7,10,,,,,,,,,,,,,,,,11,7,15,5.6,4.5,6.7,-0.11,32,29,35,2.66,31,1.00,,,,28,35,40,1.01,6.0,1.26,4,22,4609:1,0.90,6,33,2998:1,0.77,5,28,3563:1,0.61,2957,0.12,,,,2701,1521,26,2.05,,,,29,24,2819,22,19,25,2.47,16,10,22,13,7,19,3,0,7,1,0,3,0.73,80,74,86,0.37,,,,,,,,,,78,70,86,76,64,87,6395,23,15,31,-0.80,,0.07,No,-0.77,80,4123,75,85,0.64,2,0.34,1337,5616,24,18,30,3.00,7986,11315,71,66,75,3.00,305,9383,3.3,-0.29,111159,19093,5.8,1.57,36,23,50,2.12,,,,31,29,61,63,48,81,-1.22,65,48,85,,,,,,,,,,,,,,,,83,42,149,10,5.6,1.02,36,1.05,
48165,Texas,Gaines,,295,10585,9062,12109,0.02,9351,7190,11512,,,,,,,,,,,,,,,,,,,,,,11450,9276,13623,,5.1,4.2,6.1,0.98,,6,5,7,-1.20,6,5,8,,,,,,,,,,,,,,,,6,5,7,6.0,4.9,7.2,0.58,24,22,27,0.98,21,1.97,,,,20,21,42,0.92,8.0,-0.44,2,9,10948:1,1.24,5,22,4505:1,0.81,3,14,7394:1,1.03,2257,-0.53,,,,1285,2130,18,3.02,,,,7,22,6376,32,29,35,4.66,15,10,20,7,3,10,7,4,11,2,0,5,0.52,72,66,77,-0.71,,,,,,,,,,69,60,78,72,66,77,8553,25,18,31,-0.70,6.1,-0.79,Yes,1.29,81,5701,75,86,0.55,2,0.35,1278,5046,25,18,33,2.90,6872,11794,58,53,64,5.64,304,10454,2.9,-0.57,149018,29385,5.1,0.63,19,12,27,0.03,,,,7,4,84,77,62,96,-0.74,47,30,71,,,,,,,,,,,,,,,,101,77,130,26,11.7,-0.05,25,-0.58,
48167,Texas,Galveston,,5574,8976,8624,9327,-0.40,7000,6424,7576,,,,,,4586,3276,6245,,15096,13788,16404,,,,,,,,,,9028,8538,9518,,3.9,3.2,4.5,-0.93,,9,8,9,0.18,8,7,8,,,,9,7,10,16,15,17,,,,5,3,8,8,7,8,5.3,4.6,6.0,-0.55,18,16,20,-0.40,47,-0.55,,53,42,43,48,85,-1.00,7.3,0.15,250,70,1420:1,-0.45,574,159,630:1,0.23,185,52,1930:1,-0.09,3666,0.77,,988,6116,3448,3363,42,0.11,,36,45,37,42,46902,16,15,17,1.16,16,15,17,13,12,14,3,2,3,1,0,1,0.70,78,77,79,0.16,,,,70,64,76,80,75,84,78,75,80,70,68,72,166382,42,40,44,0.66,8.3,0.31,Yes,1.29,93,128678,92,93,-1.29,1,0.50,64933,94174,69,66,72,-0.86,216165,240596,90,89,91,-0.21,7417,174213,4.3,0.54,170302,33399,5.1,0.67,15,11,19,-0.52,15,4,27,21,7,1346,77,73,82,-0.74,46,40,53,,,,30,18,48,100,87,114,,,,,,,92,86,98,245,6.9,0.81,23,-0.76,
48169,Texas,Garza,,104,9498,6933,12063,-0.26,,,,,,,,,,,,,,,,,,,,,,,,,,,,,4.8,4.0,5.7,0.47,,7,5,10,-0.53,6,3,10,,,,,,,,,,,,,,,,8,4,13,5.5,4.3,6.7,-0.30,28,26,31,1.78,32,0.91,,,,15,34,,0.12,7.0,0.41,1,17,5863:1,1.02,1,22,4517:1,0.81,2,32,3131:1,0.49,1166,-1.54,,,,,,23,2.41,,,,,,748,22,19,25,2.54,8,3,14,4,0,9,2,0,6,2,0,5,-1.06,88,76,100,1.45,,,,,,,,,,,,,,,,1720,38,22,54,0.37,,0.07,Yes,1.29,82,1171,77,87,0.40,6,-1.70,454,1593,28,18,39,2.63,2551,3748,68,60,76,3.00,68,1981,3.4,-0.14,106013,24933,4.3,-0.39,27,17,37,0.96,,,,43,12,18,58,34,91,-1.40,,,,,,,,,,,,,,,,,,,,,,7,11.2,0.05,29,0.08,
48171,Texas,Gillespie,,385,7604,6208,9000,-0.75,6611,4551,9285,,,,,,,,,,,,,,,,,,,,,,8295,6432,10158,,3.9,3.1,4.8,-0.82,,8,7,10,-0.05,9,7,11,,,,,,,,,,,,,,,,8,6,10,5.3,4.2,6.4,-0.52,18,16,20,-0.32,49,-0.74,,,,45,49,53,0.41,7.8,-0.27,32,117,853:1,-1.74,26,94,1067:1,0.51,21,76,1308:1,-0.81,1055,-1.64,,,,1314,936,48,-0.62,,,,40,48,4718,25,22,27,3.08,15,11,18,11,8,14,4,2,6,2,1,3,0.41,73,69,78,-0.50,,,,,,,,,,61,55,67,74,69,79,11984,25,20,30,-0.65,7.6,-0.04,Yes,1.29,87,9802,83,91,-0.40,4,-0.69,3100,5441,57,48,66,0.17,18149,20328,89,87,92,-0.11,381,14739,2.6,-0.84,139152,31456,4.4,-0.18,13,8,18,-0.72,,,,10,9,108,80,65,95,-0.67,52,30,83,,,,,,,,,,,,,,,,91,74,112,34,12.4,-0.16,24,-0.71,
48173,Texas,Glasscock,,,,,,,,,,,,,,,,,,,,,,,,,,,,,,,,,,,3.7,3.0,4.5,,,,,,,,,,,,,,,,,,,,,,,,,,,,5.0,4.1,6.0,,16,15,18,,39,,,,,38,41,,,4.9,,0,0,1149:0,,,,,,0,0,1164:0,,,,,,,,,39,,,,,,,175,17,15,20,,23,5,41,3,0,15,13,0,29,5,0,18,,81,70,92,,,,,,,,,,,,,,,,,469,31,12,50,,6.7,,No,,81,358,71,92,,,,254,330,77,55,99,,683,780,88,80,96,,22,901,2.4,,205500,29320,7.0,,8,5,11,,,,,,,,,,,,,,,,,,,,,,,,,,,,,,,,,0,0.0,,16,,
48175,Texas,Goliad,,121,9032,6502,11561,-0.38,,,,,,,,,,,,,,,,,,,,,,,,,,,,,4.5,3.6,5.5,0.08,,8,5,10,-0.39,8,4,11,,,,,,,,,,,,,,,,7,4,11,5.8,4.6,7.0,0.27,21,19,24,0.35,41,0.04,,,,42,41,50,0.53,7.1,0.32,,,,0.28,1,14,7144:1,0.85,4,56,1783:1,-0.21,1513,-1.22,,,,,,35,0.96,,,,31,36,883,16,14,19,1.31,10,6,14,8,4,12,1,0,3,1,0,2,-0.62,79,76,83,0.30,,,,,,,,,,,,,,,,2826,52,41,63,1.46,8.6,0.46,No,-0.77,74,2069,68,79,1.60,2,0.40,918,1679,55,42,67,0.37,4369,5200,84,79,89,0.87,119,3185,3.7,0.11,134712,22800,5.9,1.68,22,14,31,0.42,,,,7,4,29,78,52,112,-0.72,82,41,147,,,,,,,,,,,,,,,,79,46,127,6,8.4,0.53,21,-1.13,
48177,Texas,Gonzales,,390,10412,8897,11927,-0.02,9568,7585,11550,,,,,,,,,,,,,,,,,,,,,,11136,8549,13723,,4.9,4.0,5.8,0.58,,8,7,10,0.02,8,6,9,,,,,,,13,5,20,,,,,,,10,7,12,5.9,4.8,7.1,0.42,26,23,28,1.28,39,0.23,,,28,31,41,48,0.62,6.1,1.18,8,41,2455:1,0.37,8,40,2491:1,0.74,9,45,2204:1,0.10,1967,-0.80,,,4186,2128,1824,36,0.84,,,26,25,40,3641,23,20,25,2.63,17,13,21,9,6,12,7,4,9,2,1,4,0.91,83,79,87,0.83,,,,,,,,,,79,72,86,85,77,92,8618,39,32,47,0.48,8.7,0.51,No,-0.77,83,6327,78,87,0.26,6,-1.58,1590,4435,36,28,44,2.00,10012,13004,77,73,80,2.17,327,9505,3.4,-0.13,116827,22227,5.3,0.86,25,17,33,0.73,,,62,13,22,86,84,67,104,-0.52,57,38,81,,,,,,,,,,,,,,,,126,94,165,22,11.1,0.06,23,-0.73,
48179,Texas,Gray,,446,11272,9743,12801,0.20,6763,4737,9363,,,,,,,,,,,,,,,,,,,,,,13231,11113,15349,,4.8,3.9,5.8,0.53,,8,7,10,0.02,9,6,11,,,,,,,,,,,,,,,,8,7,10,5.9,4.8,7.1,0.47,25,22,27,1.09,30,1.10,,,29,28,31,93,-1.34,6.7,0.66,6,29,3505:1,0.71,9,43,2324:1,0.72,12,57,1751:1,-0.24,2195,-0.59,,,,651,2235,35,0.96,,,,24,35,3445,22,19,24,2.39,15,11,19,11,8,15,3,2,5,1,0,2,0.44,84,80,88,0.94,,,,,,,,,,82,76,88,84,81,87,8932,23,19,28,-0.80,6.2,-0.74,No,-0.77,85,6706,82,88,-0.04,2,0.07,2620,5519,47,41,54,0.99,11806,13929,85,83,87,0.73,319,7770,4.1,0.42,110797,25031,4.4,-0.18,22,16,29,0.42,25,,,29,10,94,87,71,107,-0.41,52,30,84,,,,,,,,,,,,,,,,109,85,137,34,16.2,-0.83,28,-0.13,
48181,Texas,Grayson,,2665,9794,9214,10374,-0.18,5942,4813,7070,,,,,,,,,,14403,11320,17487,,,,,,,,,,10518,9804,11233,,4.3,3.5,5.2,-0.25,,8,7,8,-0.25,8,7,9,,,,11,7,16,16,14,19,,,,8,5,11,7,6,8,5.7,4.7,6.8,0.15,21,18,23,0.19,47,-0.55,53,54,40,34,48,78,-0.68,7.4,0.07,59,42,2362:1,0.33,227,155,647:1,0.24,88,61,1626:1,-0.37,4453,1.50,8934,,6559,4758,4313,36,0.84,47,30,33,21,36,21447,19,17,20,1.74,14,12,15,11,9,12,3,2,4,1,1,1,0.16,75,73,77,-0.26,89,78,99,84,69,99,80,73,88,71,65,76,76,74,77,65400,33,30,35,-0.05,9.0,0.66,Yes,1.29,88,46769,86,89,-0.51,2,0.24,18784,33698,56,52,60,0.28,85520,94534,90,90,91,-0.32,2564,69425,3.7,0.08,133709,32655,4.1,-0.59,15,11,19,-0.52,16,17,38,19,11,522,76,69,82,-0.81,39,28,53,,,,,,,82,56,115,,,,,,,86,78,94,138,9.6,0.32,21,-1.07,
48183,Texas,Gregg,,2567,12456,11766,13146,0.51,7034,5859,8210,,,,,,,,,,19412,17494,21330,,,,,,,,,,11926,11011,12842,,4.5,3.7,5.4,0.09,,9,8,10,0.27,8,7,9,,,,10,5,16,16,14,17,,,,9,6,13,7,6,7,6.0,5.0,7.1,0.63,22,20,24,0.48,48,-0.64,45,29,39,30,50,86,-1.05,6.8,0.58,113,91,1099:1,-1.02,303,240,417:1,-0.12,126,100,996:1,-1.51,3709,0.81,,,4201,3201,3711,38,0.59,,22,35,27,39,20314,20,18,22,2.03,15,13,17,11,10,13,3,2,4,1,1,2,0.54,83,81,84,0.74,,,,70,53,86,87,83,90,82,78,87,86,84,88,56357,21,19,23,-0.98,9.1,0.71,Yes,1.29,88,41534,86,90,-0.52,1,0.72,18845,32225,58,54,63,0.04,69946,80624,87,85,88,0.36,2456,58130,4.2,0.51,126892,28375,4.5,-0.12,23,18,28,0.48,,4,31,37,14,464,75,68,81,-0.84,39,29,52,,,,,,,93,76,110,,,,,,,84,74,93,158,12.6,-0.20,22,-0.98,
48185,Texas,Grimes,,590,9963,8688,11238,-0.14,8393,6305,10950,,,,,,,,,,14935,10826,19043,,,,,,,,,,9501,7807,11195,,4.6,3.6,5.7,0.18,,9,8,10,0.18,8,6,10,,,,,,,18,14,23,,,,,,,7,6,8,5.8,4.5,7.1,0.18,23,21,26,0.79,43,-0.16,,,35,38,43,31,1.37,6.7,0.66,8,26,3786:1,0.76,7,22,4626:1,0.82,6,20,5126:1,0.86,3122,0.27,,,4916,4473,2769,35,0.96,,,43,34,34,4456,20,17,22,2.00,14,11,17,9,6,12,4,2,6,2,1,3,0.25,80,76,84,0.39,,,,,,,,,,78,65,90,73,65,81,11826,61,54,69,2.20,9.0,0.66,Yes,1.29,82,8462,78,86,0.32,0,0.93,4155,7334,57,49,64,0.20,17206,20996,82,80,84,1.25,523,11882,4.4,0.66,125708,27733,4.5,-0.04,21,14,28,0.23,,,55,10,9,136,92,77,107,-0.26,46,27,74,,,,,,,113,72,168,,,,,,,108,88,133,20,6.5,0.87,25,-0.48,
48187,Texas,Guadalupe,,2206,7111,6672,7550,-0.88,6668,6029,7306,,,,,,,,,,8693,6478,10908,,,,,,,,,,7750,7053,8447,,4.0,3.3,4.7,-0.76,,8,7,8,-0.30,7,7,8,,,,4,1,6,16,13,19,,,,8,5,12,7,7,8,5.6,4.7,6.5,-0.12,19,17,21,-0.23,36,0.52,,30,26,35,37,64,-0.08,7.2,0.24,46,26,3849:1,0.78,114,60,1653:1,0.65,71,39,2574:1,0.29,3030,0.19,,,3000,3461,3038,37,0.71,,32,34,31,38,21281,14,12,15,0.71,12,11,14,8,7,10,4,3,4,1,1,1,-0.13,77,75,79,-0.03,,,,,,,64,53,75,76,71,81,68,64,72,86616,46,43,48,0.96,9.1,0.71,Yes,1.29,93,58322,92,93,-1.27,2,0.24,30420,49310,62,58,65,-0.23,106878,119682,89,88,90,-0.11,2983,87830,3.4,-0.17,162818,42885,3.8,-0.96,11,7,14,-1.03,,3,12,17,7,477,55,50,60,-1.48,42,35,49,,,,,,,41,28,60,,,,,,,72,64,80,94,5.1,1.11,19,-1.37,
48189,Texas,Hale,,591,11327,10056,12598,0.22,12031,10385,13677,,,,,,,,,,,,,,,,,,,,,,10426,8196,12657,,5.0,4.2,6.0,0.88,,8,7,9,-0.02,9,8,10,,,,,,,17,9,25,,,,,,,6,4,8,5.9,4.8,7.0,0.33,29,26,32,1.95,31,1.00,,,28,24,33,65,-0.12,6.5,0.83,13,40,2478:1,0.38,49,154,648:1,0.25,5,16,6365:1,0.97,2074,-0.70,,,,1997,1685,35,0.96,,,38,25,39,5664,22,20,25,2.56,16,12,19,11,8,14,4,2,6,2,1,3,0.62,81,77,85,0.49,,,,,,,,,,81,74,87,79,71,86,13411,22,17,27,-0.90,6.6,-0.54,Yes,1.29,81,8911,78,84,0.55,1,0.85,3819,8343,46,39,53,1.14,15003,19972,75,72,78,2.52,558,11434,4.9,1.05,99773,22073,4.5,-0.06,29,20,37,1.21,79,,,33,12,113,69,56,82,-1.03,54,40,70,,,,,,,,,,,,,,,,97,72,127,47,14.8,-0.58,30,0.14,
48191,Texas,Hall,,77,10246,6752,14908,-0.06,,,,,,,,,,,,,,,,,,,,,,,,,,,,,4.9,4.3,5.7,0.71,x,12,7,17,1.54,,,,,,,,,,,,,,,,,,,,,,6.0,5.2,6.8,0.51,24,22,25,0.82,29,1.20,,,,39,27,75,-0.56,5.9,1.35,,,,0.28,,,,0.55,0,0,2810:0,1.43,4047,1.13,,,,,,19,2.90,,,,,,531,25,22,28,3.00,10,6,14,5,0,10,5,2,8,1,0,3,-0.71,76,71,82,-0.12,,,,,,,,,,,,,,,,1073,22,13,30,-0.90,6.1,-0.79,Yes,1.29,77,887,71,82,1.19,3,-0.09,347,645,54,39,68,0.45,1711,2054,83,79,88,1.00,46,1078,4.3,0.55,87000,23169,3.8,-1.02,37,23,51,2.20,,,,31,5,20,137,84,212,1.24,,,,,,,,,,,,,,,,,,,,,,3,10.7,0.14,39,1.42,
48193,Texas,Hamilton,,168,11511,8453,14570,0.27,,,,,,,,,,,,,,,,,,,,,,,,,,,,,4.6,3.7,5.5,0.21,,8,6,10,-0.13,,,,,,,,,,,,,,,,,,,,,,6.0,4.9,7.1,0.55,21,19,24,0.33,17,2.36,,,,17,17,37,1.10,6.2,1.09,8,97,1029:1,-1.19,9,104,958:1,0.46,5,60,1660:1,-0.33,3300,0.44,,,,,,43,-0.01,,,,,,1370,22,19,25,2.55,13,8,18,8,3,13,3,0,6,2,1,3,0.13,82,77,87,0.62,,,,,,,,,,,,,,,,3337,30,21,39,-0.27,7.7,0.01,Yes,1.29,83,2607,78,89,0.18,,0.18,768,1770,43,32,55,1.35,5164,5845,88,84,93,0.07,130,3844,3.4,-0.18,113837,22758,5.0,0.54,22,14,29,0.31,,,,26,19,56,133,101,173,1.11,,,,,,,,,,,,,,,,,,,,,,13,15.7,-0.74,24,-0.67,
48195,Texas,Hansford,,69,6540,4444,9283,-1.03,,,,,,,,,,,,,,,,,,,,,,,,,,,,,4.5,3.9,5.1,0.08,,8,5,10,-0.34,9,5,12,,,,,,,,,,,,,,,,7,3,10,5.6,4.9,6.3,-0.11,21,20,22,0.33,36,0.52,,,,26,38,62,0.02,8.1,-0.53,3,58,1720:1,-0.11,4,79,1268:1,0.57,1,19,5151:1,0.86,2546,-0.26,,,,,,37,0.71,,,,10,43,1173,27,24,30,3.00,12,6,19,9,3,16,3,0,6,0,0,2,-0.15,83,78,88,0.84,,,,,,,,,,79,71,87,88,81,94,2465,29,21,37,-0.33,6.4,-0.64,No,-0.77,87,1597,85,89,-0.47,1,0.67,812,1194,68,54,82,-0.78,2408,3227,75,71,79,2.61,73,2804,2.6,-0.82,142575,30608,4.7,0.11,13,8,18,-0.72,,,,9,8,23,87,55,130,-0.43,,,,,,,,,,,,,,,,,,,,,,8,15.5,-0.71,23,-0.80,
48197,Texas,Hardeman,,85,10561,7125,15076,0.02,,,,,,,,,,,,,,,,,,,,,,,,,,,,,4.5,3.8,5.3,0.05,x,6,3,9,-0.99,,,,,,,,,,,,,,,,,,,,,,5.9,4.9,6.9,0.35,22,20,25,0.54,34,0.71,,,,14,35,0,2.75,6.9,0.49,4,113,888:1,-1.61,4,115,873:1,0.42,4,114,879:1,-1.90,5555,2.52,,,,5569,5521,26,2.05,,,,25,26,545,20,17,23,2.03,8,4,12,4,0,9,3,0,6,1,0,3,-1.15,78,68,88,0.10,,,,,,,,,,,,,,,,1765,16,9,23,-1.38,6.6,-0.54,Yes,1.29,75,968,67,82,1.50,1,0.80,330,742,44,31,57,1.25,2133,2489,86,81,90,0.56,83,1745,4.8,0.95,108024,24944,4.3,-0.30,25,16,35,0.79,,,,,,20,106,65,163,0.19,,,,,,,,,,,,,,,,,,,,,,5,14.2,-0.48,27,-0.19,
48199,Texas,Hardin,,1146,11242,10250,12234,0.20,,,,,,,,,,,,,13524,9472,18722,,,,,,,,,,11628,10521,12735,,4.5,3.6,5.4,0.05,,9,8,10,0.17,8,5,11,,,,,,,17,13,22,,,,,,,8,7,9,6.0,5.0,7.1,0.62,19,17,21,-0.21,41,0.04,,,33,36,41,67,-0.19,6.7,0.66,10,18,5697:1,1.01,32,55,1821:1,0.67,16,28,3613:1,0.62,3050,0.20,,,4267,,3056,40,0.35,,,34,31,41,7877,17,15,19,1.32,12,10,15,9,7,12,3,2,4,1,0,2,-0.09,87,85,89,1.32,,,,,,,84,66,100,79,73,84,82,78,86,23959,54,49,59,1.61,8.9,0.61,Yes,1.29,85,18511,83,87,-0.11,2,0.43,8674,14498,60,53,67,-0.07,34778,38683,90,88,92,-0.22,1243,25350,4.9,1.07,145177,30920,4.7,0.16,15,10,20,-0.48,,,42,8,12,249,86,76,97,-0.44,,,,,,,,,,107,63,172,,,,,,,91,80,103,60,10.4,0.19,20,-1.29,
48201,Texas,Harris,,57654,8157,8068,8246,-0.61,6811,6691,6931,,3766,2623,5238,,3930,3687,4172,,13235,12973,13498,,18103,12214,25843,,,,,,8122,7946,8299,,4.3,3.7,5.0,-0.26,,9,9,9,0.32,8,8,8,7,5,10,9,9,10,14,14,15,8,6,11,9,8,10,7,7,7,5.7,4.9,6.4,0.04,25,22,27,1.03,47,-0.55,43,53,33,35,51,91,-1.28,7.3,0.15,2754,58,1717:1,-0.11,8589,178,563:1,0.15,3559,74,1343:1,-0.75,3104,0.25,,1865,5272,3067,2582,39,0.47,36,33,36,28,42,916764,22,21,23,2.54,21,20,21,15,15,16,6,6,6,1,1,1,1.81,72,72,73,-0.62,72,70,75,71,69,72,74,74,75,74,73,74,77,76,77,2259651,47,46,48,1.07,11.6,1.96,Yes,1.29,91,1572015,91,91,-1.01,1,0.87,907844,1426739,64,63,64,-0.40,2535359,3073858,82,82,83,1.15,102674,2414902,4.3,0.54,152504,31197,4.9,0.40,22,21,24,0.42,28,12,30,28,8,16403,69,68,70,-1.01,47,45,48,39,23,62,31,28,33,99,96,102,152,90,240,,,,97,95,99,2626,5.5,1.05,27,-0.26,
48203,Texas,Harrison,,1323,10533,9649,11418,0.01,3690,2471,5299,,,,,,,,,,15185,12886,17485,,,,,,,,,,10821,9614,12028,,4.4,3.6,5.3,-0.04,,9,9,10,0.40,8,7,10,,,,,,,13,11,15,,,,11,5,18,8,7,9,6.0,4.9,7.1,0.52,21,19,23,0.23,45,-0.35,,50,42,28,46,57,0.25,7.3,0.15,21,30,3293:1,0.66,39,55,1818:1,0.67,17,24,4115:1,0.72,2895,0.06,,,2783,,3004,41,0.23,,,40,23,41,9549,17,15,19,1.51,15,12,17,11,9,13,3,2,5,1,0,1,0.40,80,77,83,0.39,,,,,,,73,68,79,61,53,70,82,78,86,31190,28,25,32,-0.39,8.4,0.36,Yes,1.29,81,20745,78,84,0.51,1,0.75,10338,17235,60,54,66,-0.09,41015,46005,89,88,91,-0.08,1339,28558,4.7,0.90,122303,23780,5.1,0.72,23,18,29,0.52,19,,38,42,11,307,91,80,101,-0.31,23,12,41,,,,,,,131,105,161,,,,,,,95,82,108,71,10.1,0.23,21,-1.05,
48205,Texas,Hartley,,52,7480,4841,11043,-0.79,,,,,,,,,,,,,,,,,,,,,,,,,,,,,3.9,3.4,4.4,-0.83,,7,5,9,-0.78,8,4,12,,,,,,,,,,,,,,,,6,4,9,5.2,4.6,5.8,-0.70,18,17,19,-0.32,18,2.26,,,,,,74,-0.51,7.6,-0.10,,,,0.28,1,19,5145:1,0.83,,,,0.41,,0.19,,,,,,38,0.59,,,,,,588,17,14,19,1.34,9,3,15,8,1,15,1,0,4,0,0,2,-0.86,82,74,90,0.66,,,,,,,,,,,,,,,,1701,9,3,15,-1.91,5.5,-1.09,No,-0.77,94,1531,91,96,-1.42,,0.18,767,1863,41,31,51,1.54,3323,4000,83,78,88,1.04,54,2589,2.1,-1.25,147616,43842,3.4,-1.50,8,5,11,-1.32,,,,4,3,23,84,54,127,-0.51,,,,,,,,,,,,,,,,,,,,,,7,13.4,-0.35,18,-1.54,
48207,Texas,Haskell,,119,10595,7649,13542,0.03,,,,,,,,,,,,,,,,,,,,,,,,,,,,,4.9,4.0,5.9,0.63,,11,8,15,1.42,15,8,22,,,,,,,,,,,,,,,,10,6,14,6.0,4.8,7.2,0.50,25,23,28,1.15,37,0.42,,,,36,37,69,-0.30,6.2,1.09,5,92,1082:1,-1.06,7,130,769:1,0.35,2,37,2702:1,0.35,3047,0.20,,,,,,32,1.32,,,,21,33,877,24,21,26,2.84,11,6,15,7,2,12,3,0,6,1,0,2,-0.51,73,67,80,-0.50,,,,,,,,,,63,44,82,79,70,89,2299,17,11,23,-1.29,6.8,-0.44,Yes,1.29,84,1774,78,90,0.03,1,0.69,618,1264,49,39,59,0.87,3255,3907,83,79,87,1.00,93,2431,3.8,0.18,117667,25873,4.5,-0.02,29,18,41,1.26,,,33,22,4,19,68,41,106,-1.07,,,,,,,,,,,,,,,,,,,,,,10,18.5,-1.24,26,-0.30,
48209,Texas,Hays,,2310,5755,5431,6080,-1.24,5955,5455,6455,,,,,,,,,,7721,5746,9696,,,,,,,,,,5800,5322,6278,,4.0,3.2,4.7,-0.78,,7,7,7,-0.62,8,7,8,,,,10,8,13,12,10,15,,,,8,5,11,6,5,6,5.2,4.3,6.1,-0.76,19,17,21,-0.15,49,-0.74,,49,41,42,50,83,-0.91,8.0,-0.44,113,44,2260:1,0.27,378,135,742:1,0.33,105,39,2564:1,0.29,2327,-0.47,,,2504,2663,2202,40,0.35,,36,44,32,41,31843,14,12,15,0.73,21,19,23,18,16,20,4,3,5,1,0,1,1.86,72,70,74,-0.70,,,,49,36,62,73,62,84,71,68,74,64,61,67,131422,50,47,53,1.32,9.2,0.76,No,-0.77,92,86971,91,93,-1.17,3,-0.36,52451,73365,71,68,75,-1.08,145623,159174,91,91,92,-0.51,4709,144229,3.3,-0.28,162594,35971,4.5,-0.06,9,6,12,-1.23,,8,7,16,3,640,53,48,57,-1.58,35,30,40,,,,,,,84,60,114,,,,,,,66,60,73,152,5.6,1.02,24,-0.66,
48211,Texas,Hemphill,x,,,,,0.07,,,,,,,,,,,,,,,,,,,,,,,,,,,,,3.9,3.2,4.7,-0.80,x,6,3,9,-1.28,,,,,,,,,,,,,,,,,,,,,,5.4,4.4,6.3,-0.47,20,17,22,-0.02,34,0.71,,,,20,36,80,-0.80,7.9,-0.36,4,122,818:1,-1.88,3,94,1063:1,0.50,0,0,3217:0,1.43,3793,0.89,,,,,,32,1.32,,,,25,34,544,21,18,24,2.24,12,6,19,7,1,13,5,1,10,0,0,2,-0.13,76,66,86,-0.13,,,,,,,,,,,,,,,,1512,25,16,35,-0.63,6.5,-0.59,No,-0.77,82,1117,76,87,0.41,5,-1.07,448,725,62,49,75,-0.24,1867,2209,85,78,91,0.78,55,1559,3.5,-0.06,142000,29508,4.8,0.31,13,8,18,-0.69,,,,,,12,67,35,117,-1.09,,,,,,,,,,,,,,,,,,,,,,6,18.7,-1.26,22,-0.99,
48213,Texas,Henderson,,2087,13194,12266,14122,0.71,5921,4485,7672,,,,,,,,,,16546,12240,20853,,,,,,,,,,14700,13535,15865,,4.7,3.8,5.7,0.37,,8,7,8,-0.32,5,4,7,,,,,,,17,13,21,,,,,,,8,7,9,6.1,5.0,7.2,0.76,22,19,24,0.44,46,-0.45,,,36,38,46,60,0.12,6.8,0.58,30,36,2789:1,0.50,58,67,1485:1,0.62,29,34,2914:1,0.43,4126,1.20,,,6840,2578,3955,42,0.11,,,34,22,43,14439,22,20,25,2.57,16,14,18,12,10,14,3,2,4,2,1,3,0.73,77,75,79,-0.03,,,,,,,85,72,99,80,74,87,73,71,75,34488,44,40,48,0.83,8.3,0.31,Yes,1.29,83,27096,81,85,0.19,1,0.64,9516,18358,52,47,57,0.62,51823,59212,88,86,89,0.22,1621,39813,4.1,0.39,123544,25537,4.8,0.34,24,17,30,0.57,,,16,25,19,440,106,96,115,0.19,34,21,53,,,,,,,113,76,163,,,,,,,120,108,132,96,11.4,0.02,23,-0.86,
48215,Texas,Hidalgo,,10063,8263,8056,8470,-0.58,8321,8108,8535,,,,,,,,,,,,,,,,,,,,,,10436,9102,11770,,5.7,4.8,6.7,1.93,,9,9,9,0.35,9,9,9,,,,12,9,15,12,7,16,,,,,,,9,8,10,6.0,5.0,6.9,0.50,37,35,40,3.71,42,-0.06,,42,27,38,50,64,-0.06,4.4,2.63,408,46,2158:1,0.22,819,91,1097:1,0.52,276,31,3219:1,0.52,3145,0.29,,924,,3525,2449,31,1.44,,17,14,27,42,231972,30,29,32,4.28,25,24,26,14,13,15,12,11,13,2,1,2,2.72,76,75,77,-0.16,75,70,79,72,65,79,67,52,82,76,75,78,72,68,76,336737,26,25,28,-0.55,10.8,1.56,Yes,1.29,85,223410,84,85,-0.03,1,0.67,119055,228626,52,50,54,0.60,351300,506571,69,69,70,3.59,23072,378591,6.1,2.05,108978,19969,5.5,1.11,37,34,40,2.26,39,16,22,38,28,1431,33,31,34,-2.24,31,29,32,,,,,,,,,,,,,,,,68,58,78,314,3.5,1.39,29,0.04,
48217,Texas,Hill,,887,12166,10895,13437,0.44,9060,6977,11570,,,,,,,,,,16568,11257,23517,,,,,,,,,,13182,11507,14858,,4.6,3.8,5.5,0.23,,8,7,9,-0.28,6,5,8,,,,,,,14,8,19,,,,,,,8,7,9,6.2,5.1,7.3,0.84,22,20,25,0.56,34,0.71,,,22,17,35,48,0.62,7.6,-0.10,9,25,4052:1,0.81,16,42,2381:1,0.73,13,35,2871:1,0.41,4238,1.30,,,,2244,4300,40,0.35,,,37,19,41,5737,20,17,22,1.98,13,11,15,7,6,9,4,3,5,3,2,4,0.06,80,78,82,0.41,,,,,,,76,62,90,76,70,82,79,75,83,15387,44,40,49,0.87,8.6,0.46,No,-0.77,87,11714,85,89,-0.41,4,-0.71,4485,8243,54,49,60,0.40,21816,25097,87,85,89,0.33,726,17982,4.0,0.36,117414,26108,4.5,-0.09,19,12,26,0.03,2,,30,25,15,190,103,89,118,0.12,40,23,65,,,,,,,127,69,213,,,,,,,124,105,143,43,11.5,-0.01,23,-0.78,
48219,Texas,Hockley,,484,13651,11947,15356,0.82,13113,10740,15485,,,,,,,,,,,,,,,,,,,,,,13892,11342,16442,,4.8,3.9,5.8,0.55,,9,8,10,0.36,9,7,10,,,,,,,,,,,,,,,,9,7,12,5.9,4.9,7.1,0.49,24,22,27,0.94,31,1.00,,,24,22,34,59,0.16,6.1,1.18,13,61,1643:1,-0.19,18,84,1192:1,0.55,8,38,2645:1,0.32,2745,-0.08,,,,1374,3213,33,1.20,,,,31,33,3965,22,20,25,2.60,14,11,18,10,7,13,5,3,7,1,1,2,0.36,80,77,83,0.32,,,,,,,,,,73,68,78,86,80,92,9389,33,28,39,-0.02,6.0,-0.84,Yes,1.29,82,6641,80,85,0.30,1,0.79,3003,5585,54,46,61,0.45,10941,13695,80,77,83,1.63,391,10768,3.6,0.02,121832,26009,4.7,0.15,20,12,28,0.10,,,,17,4,105,94,76,112,-0.19,74,53,100,,,,,,,,,,,,,,,,115,87,149,22,10.4,0.19,25,-0.44,
48221,Texas,Hood,,1193,9472,8527,10417,-0.27,4940,3460,6839,,,,,,,,,,,,,,,,,,,,,,10583,9422,11744,,3.8,3.1,4.6,-0.98,,7,6,8,-0.69,8,6,10,,,,,,,,,,,,,,,,7,6,7,5.2,4.3,6.2,-0.73,15,13,17,-0.96,47,-0.55,,36,28,39,47,75,-0.58,7.8,-0.27,24,37,2676:1,0.46,85,125,797:1,0.37,36,54,1844:1,-0.16,2326,-0.47,,,21337,1734,2238,55,-1.47,,33,,24,56,8136,17,15,18,1.32,13,11,15,10,8,12,3,2,4,2,1,2,0.06,78,76,81,0.19,,,,,,,,,,80,71,90,74,70,77,27796,47,42,51,1.04,8.3,0.31,Yes,1.29,92,23093,91,94,-1.23,1,0.77,8642,13728,63,57,69,-0.34,43054,46666,92,91,94,-0.66,1127,30595,3.7,0.07,154229,35213,4.4,-0.23,12,7,17,-0.88,,,,11,9,310,98,87,109,-0.06,36,20,59,,,,,,,,,,,,,,,,111,98,123,69,10.4,0.19,24,-0.66,
48223,Texas,Hopkins,,734,10186,9036,11336,-0.08,8579,6209,11556,,,,,,,,,,16273,10898,23371,,,,,,,,,,10043,8704,11381,,4.5,3.5,5.6,0.08,,7,7,8,-0.44,6,4,8,,,,,,,16,11,21,,,,,,,7,6,8,5.9,4.7,7.2,0.40,21,18,23,0.23,45,-0.35,50,,39,30,45,50,0.55,7.0,0.41,9,24,4135:1,0.83,34,89,1123:1,0.53,12,32,3150:1,0.50,3067,0.22,,,8289,,2978,38,0.59,33,,30,25,39,6200,20,18,23,2.13,15,13,18,11,9,13,4,3,5,1,0,2,0.53,79,77,82,0.27,,,,,,,,,,75,65,84,79,76,82,17040,26,23,29,-0.61,8.6,0.46,No,-0.77,88,12144,86,89,-0.48,,0.18,4642,8795,53,47,59,0.54,21344,25219,85,83,86,0.76,657,18918,3.5,-0.11,125094,29706,4.2,-0.45,19,12,25,-0.04,7,,51,15,12,196,105,91,120,0.18,87,58,125,,,,,,,101,54,172,,,,,,,114,96,133,33,8.7,0.48,21,-1.07,
48225,Texas,Houston,,534,12868,11056,14680,0.62,,,,,,,,,,,,,16192,12418,19967,,,,,,,,,,11819,9467,14170,,5.0,4.1,5.9,0.78,,10,9,12,0.80,10,6,13,,,,,,,17,14,21,,,,,,,7,5,9,6.2,5.2,7.4,0.94,24,22,27,0.98,37,0.42,,,29,25,38,51,0.49,6.1,1.18,3,13,7414:1,1.12,9,41,2452:1,0.73,5,23,4390:1,0.76,2825,0.00,,,3423,,2871,36,0.84,,,38,,36,2864,20,17,22,2.01,16,13,20,12,9,15,3,2,5,3,1,4,0.82,81,77,85,0.58,,,,,,,80,62,98,,,,79,74,84,7657,39,32,45,0.42,8.5,0.41,Yes,1.29,78,6113,75,82,0.91,4,-0.63,2495,5527,45,38,52,1.19,13478,16304,83,80,85,1.12,347,10702,3.2,-0.30,116750,21186,5.5,1.18,28,18,39,1.13,,,32,29,12,105,93,75,111,-0.23,,,,,,,,,,84,53,126,,,,,,,107,84,134,25,11.4,0.01,26,-0.38,
48227,Texas,Howard,,737,11672,10477,12866,0.31,10839,9158,12520,,,,,,,,,,,,,,,,,,,,,,12906,10949,14862,,4.6,3.8,5.6,0.25,,10,9,11,0.76,10,9,12,,,,,,,16,10,23,,,,,,,9,8,11,5.6,4.6,6.8,-0.03,24,22,26,0.88,29,1.20,,20,23,30,28,65,-0.10,6.3,1.01,7,21,4875:1,0.93,70,229,436:1,-0.08,18,53,1871:1,-0.13,2914,0.08,,,,2195,2964,32,1.32,,,42,23,36,4814,20,17,22,2.03,14,11,17,10,7,13,3,1,4,2,1,3,0.29,80,76,83,0.37,,,,,,,,,,74,70,79,81,76,87,13578,27,22,33,-0.48,6.7,-0.49,Yes,1.29,86,10281,84,89,-0.28,1,0.58,4854,10269,47,41,53,1.01,18489,22763,81,79,83,1.39,549,12906,4.3,0.54,138701,28461,4.9,0.38,22,15,28,0.33,,,75,15,15,188,106,91,121,0.20,71,54,93,,,,,,,123,66,211,,,,,,,141,115,166,34,10.1,0.24,26,-0.43,
48229,Texas,Hudspeth,,65,9663,6838,13263,-0.22,,,,,,,,,,,,,,,,,,,,,,,,,,,,,5.9,4.8,6.8,2.12,,12,8,16,1.73,,,,,,,,,,,,,,,,,,,,,,5.7,4.6,6.7,0.02,39,36,42,3.00,17,2.36,,,,27,13,0,2.76,0.0,3.00,,,,0.28,,,,0.55,0,0,3432:0,1.43,,0.19,,,,,,20,2.78,,,,32,13,530,26,22,29,3.00,23,11,35,14,2,27,4,0,10,6,0,14,2.32,77,61,93,-0.01,,,,,,,,,,,,,,,,934,51,26,77,1.42,5.8,-0.94,No,-0.77,87,736,82,92,-0.39,,0.18,289,1104,26,13,40,2.83,1311,2188,60,50,70,3.00,72,1906,3.8,0.15,71692,20800,3.4,-1.40,41,23,58,2.65,,,,17,23,18,84,50,134,-0.51,,,,,,,,,,,,,,,,,,,,,,0,0.0,2.01,27,-0.17,
48231,Texas,Hunt,,1948,10489,9796,11182,0.00,6153,4985,7321,,,,,,,,,,16556,13347,19765,,,,,,,,,,11334,10431,12237,,4.4,3.6,5.3,-0.10,,8,8,9,-0.04,8,7,9,,,,,,,16,14,19,,,,11,7,16,7,7,8,5.9,4.9,7.0,0.40,21,19,23,0.21,40,0.13,47,47,33,33,40,61,0.06,7.1,0.32,28,27,3693:1,0.75,97,86,1169:1,0.54,34,31,3185:1,0.51,4436,1.49,,,6278,6292,4184,42,0.11,,23,42,40,43,16703,19,17,21,1.83,18,16,20,12,11,14,6,4,7,1,1,2,1.13,78,76,81,0.17,,,,83,70,96,75,65,84,80,72,87,78,75,81,46455,43,40,47,0.79,8.7,0.51,Yes,1.29,88,32923,86,89,-0.51,1,0.72,14640,26363,56,51,60,0.30,59712,69177,86,85,88,0.44,1992,48174,4.1,0.44,126932,31814,4.0,-0.72,17,12,22,-0.24,51,,28,20,13,391,77,70,85,-0.75,40,29,55,,,,,,,95,67,131,,,,,,,89,79,99,107,9.9,0.28,28,-0.08,
48233,Texas,Hutchinson,,509,13452,11655,15250,0.77,9439,6911,12590,,,,,,,,,,,,,,,,,,,,,,15679,13181,18177,,4.4,3.5,5.2,-0.16,,9,7,10,0.14,8,6,11,,,,,,,,,,,,,,,,9,7,10,5.8,4.7,7.0,0.25,19,17,22,-0.04,39,0.23,,,34,33,40,63,-0.04,7.1,0.32,5,24,4099:1,0.82,9,45,2226:1,0.72,10,49,2022:1,-0.02,2549,-0.26,,,,,,37,0.71,,,33,18,39,2690,16,14,19,1.28,8,6,10,7,5,10,1,0,1,1,0,2,-1.12,84,79,88,0.89,,,,,,,,,,77,73,81,83,78,89,8726,22,17,28,-0.86,6.2,-0.74,Yes,1.29,86,5994,83,90,-0.30,2,0.04,2867,5126,56,47,65,0.26,11502,13401,86,83,89,0.53,367,8486,4.3,0.60,129857,27270,4.8,0.24,17,11,23,-0.26,,,,10,9,122,118,97,139,0.60,47,24,83,,,,,,,,,,,,,,,,147,119,175,27,13.4,-0.33,24,-0.62,
48235,Texas,Irion,x,,,,,0.07,,,,,,,,,,,,,,,,,,,,,,,,,,,,,4.0,3.4,4.7,-0.69,x,11,6,17,1.40,,,,,,,,,,,,,,,,,,,,,,5.6,4.9,6.3,-0.15,19,17,20,-0.19,42,-0.06,,,,44,41,73,-0.47,5.8,1.43,0,0,1552:0,1.49,,,,0.55,0,0,1530:0,1.43,,0.19,,,,,,55,-1.47,,,,,,251,21,18,23,2.17,20,11,29,11,1,20,6,0,12,6,0,12,1.64,85,72,97,1.01,,,,,,,,,,,,,,,,605,43,24,61,0.73,6.6,-0.54,No,-0.77,73,441,61,85,1.77,1,0.71,268,306,88,63,100,-2.47,952,1067,89,82,97,-0.09,26,798,3.3,-0.28,93986,30088,3.1,-1.81,10,6,13,-1.14,,,,21,9,,,,,-0.41,,,,,,,,,,,,,,,,,,,,,,3,19.6,-1.43,16,-1.83,
48237,Texas,Jack,,163,9316,7242,11390,-0.31,,,,,,,,,,,,,,,,,,,,,,,,,,,,,4.9,4.0,5.9,0.64,,7,5,9,-0.86,,,,,,,,,,,,,,,,,,,,,,6.0,5.0,7.0,0.63,21,19,24,0.38,34,0.71,,,,50,34,55,0.32,6.2,1.09,3,34,2904:1,0.54,2,23,4438:1,0.81,,,,0.41,3560,0.68,,,,8849,2879,27,1.93,,,,,,1423,22,19,25,2.56,12,7,17,8,4,13,3,0,5,1,0,3,-0.19,83,78,89,0.81,,,,,,,,,,,,,,,,3084,35,26,44,0.14,7.7,0.01,No,-0.77,84,2455,79,89,0.02,1,0.69,991,2176,46,36,55,1.16,4713,5873,80,76,84,1.57,123,3464,3.6,-0.04,141750,25376,5.6,1.27,17,11,24,-0.22,,,,39,10,48,108,80,143,0.27,,,,,,,,,,,,,,,,,,,,,,9,10.1,0.24,22,-0.95,
48239,Texas,Jackson,,264,9120,7424,10816,-0.36,10066,7314,13513,,,,,,,,,,,,,,,,,,,,,,7187,5231,9144,,4.7,3.8,5.6,0.29,,8,7,9,-0.18,9,6,11,,,,,,,12,5,20,,,,,,,7,6,9,6.0,4.9,7.2,0.61,24,22,26,0.90,35,0.62,,,36,31,36,52,0.47,7.5,-0.02,2,13,7561:1,1.13,5,33,3044:1,0.77,6,40,2524:1,0.27,4719,1.75,,,4111,3262,5013,31,1.44,,,17,37,31,2363,20,17,22,2.02,12,8,16,9,5,13,3,1,5,0,0,1,-0.19,76,71,81,-0.17,,,,,,,,,,70,64,77,74,66,83,6109,49,39,60,1.27,8.7,0.51,No,-0.77,84,4539,79,89,0.10,1,0.58,1583,3368,47,39,55,1.03,8557,10312,83,80,86,1.06,237,7135,3.3,-0.23,135588,24840,5.5,1.11,19,12,26,0.02,,,,23,12,57,76,58,99,-0.78,83,51,126,,,,,,,,,,,,,,,,79,55,111,20,13.2,-0.31,21,-1.03,
48241,Texas,Jasper,,876,14265,12751,15779,0.99,,,,,,,,,,,,,18940,14662,23219,,,,,,,,,,14120,12360,15880,,5.0,4.0,5.9,0.74,,9,8,10,0.08,11,6,15,,,,,,,12,9,15,,,,,,,7,6,9,6.4,5.3,7.7,1.28,25,22,28,1.11,36,0.52,,,27,20,37,28,1.53,6.6,0.75,12,36,2748:1,0.49,18,55,1816:1,0.67,12,37,2707:1,0.35,2086,-0.69,,,2803,,2011,35,0.96,,,33,22,36,5086,20,18,22,2.11,12,9,15,9,6,11,3,1,5,1,0,2,-0.20,79,74,85,0.31,,,,,,,87,84,89,,,,82,76,89,12195,38,33,44,0.40,8.6,0.46,Yes,1.29,89,12121,86,92,-0.66,3,-0.05,3073,7238,42,35,49,1.43,20112,22767,88,86,91,0.07,766,12224,6.3,2.20,110306,19839,5.6,1.24,24,15,33,0.57,,,58,21,22,197,114,98,130,0.49,,,,,,,,,,107,72,154,,,,,,,123,104,142,39,12.0,-0.10,23,-0.73,
48243,Texas,Jeff Davis,x,,,,,0.07,,,,,,,,,,,,,,,,,,,,,,,,,,,,,4.7,4.0,5.5,0.36,x,12,6,18,1.57,,,,,,,,,,,,,,,,,,,,,,5.8,4.8,6.8,0.16,24,22,26,0.90,30,1.10,,,,23,32,51,0.49,6.2,1.09,1,51,1949:1,0.08,4,216,464:1,-0.02,0,0,1903:0,1.43,1345,-1.37,,,,3432,692,25,2.17,,,,,,246,22,19,26,2.53,10,1,20,10,0,20,6,0,15,1,0,5,-0.56,71,53,89,-0.86,,,,,,,,,,,,,,,,538,17,3,31,-1.30,5.2,-1.24,No,-0.77,81,686,48,100,0.51,8,-2.29,115,167,69,26,100,-0.85,1216,1403,87,56,100,0.38,32,1005,3.2,-0.34,116686,12836,9.1,3.00,23,11,35,0.50,,,,,,10,94,45,174,-0.18,,,,,,,,,,,,,,,,,,,,,,7,36.8,-3.00,21,-1.15,
48245,Texas,Jefferson,,4801,11735,11257,12214,0.32,6491,5777,7206,,,,,,4663,3522,6055,,16807,15790,17825,,,,,,,,,,11332,10533,12130,,4.6,3.8,5.4,0.15,,11,10,11,1.12,8,7,8,,,,11,9,13,16,15,17,,,,11,7,14,8,7,8,5.8,4.9,6.7,0.20,24,22,27,1.00,42,-0.06,,44,34,27,46,63,-0.03,6.8,0.58,121,48,2097:1,0.18,349,139,721:1,0.31,163,65,1539:1,-0.47,2984,0.14,,1600,4322,2610,2622,40,0.35,,35,41,22,42,40156,20,19,22,2.17,15,14,16,12,11,13,3,2,4,1,1,1,0.50,87,86,88,1.28,,,,79,73,85,87,85,89,85,82,88,89,88,91,102369,23,21,25,-0.83,8.5,0.41,Yes,1.29,89,83228,88,90,-0.69,2,0.39,37718,70093,54,51,57,0.45,143863,169482,85,84,86,0.71,6462,103246,6.3,2.19,125173,24305,5.2,0.73,24,18,29,0.57,28,21,40,27,10,1081,86,81,91,-0.47,38,31,45,,,,50,32,74,106,96,116,,,,,,,102,93,111,286,11.4,0.01,24,-0.61,
48247,Texas,Jim Hogg,,90,12253,8971,16344,0.46,,,,,,,,,,,,,,,,,,,,,,,,,,,,,5.9,5.2,6.6,2.15,,13,9,16,2.00,,,,,,,,,,,,,,,,,,,,,,5.8,5.1,6.6,0.25,34,32,36,3.00,28,1.29,,,,27,32,,0.12,4.5,2.54,1,21,4801:1,0.92,,,,0.55,1,21,4763:1,0.82,6214,3.00,,,,,,24,2.29,,,,23,29,822,21,19,24,2.37,18,8,27,11,4,18,9,1,17,1,0,2,1.07,72,56,89,-0.61,,,,,,,,,,,,,,,,1695,21,9,33,-0.98,9.2,0.76,Yes,1.29,73,893,65,81,1.72,,0.18,418,1083,39,22,55,1.76,1895,2406,79,69,88,1.84,87,1851,4.7,0.91,105184,20008,5.3,0.86,37,24,49,2.17,,,,52,48,15,60,33,98,-1.34,,,,,,,,,,,,,,,,,,,,,,0,0.0,2.01,30,0.22,
48249,Texas,Jim Wells,,889,14382,13067,15696,1.02,13971,12545,15397,,,,,,,,,,,,,,,,,,,,,,17653,13889,21416,,5.1,4.2,6.1,0.93,,10,9,11,0.55,10,9,11,,,,,,,,,,,,,,,,8,5,10,5.7,4.6,6.8,0.02,29,26,32,2.01,36,0.52,,25,,35,37,48,0.63,5.8,1.43,12,31,3237:1,0.64,41,106,943:1,0.45,13,33,2987:1,0.45,2822,-0.01,,,,3148,2408,32,1.32,,36,,30,34,6097,19,17,21,1.85,17,14,21,11,8,14,5,3,8,3,1,5,1.01,80,77,83,0.41,,,,,,,,,,82,79,86,73,64,83,14967,41,34,48,0.58,9.2,0.76,Yes,1.29,73,9667,68,77,1.78,1,0.84,4614,9890,47,39,54,1.06,19570,24708,79,76,82,1.76,820,15787,5.2,1.31,114048,21349,5.3,0.97,30,19,40,1.34,19,,,40,16,158,79,67,92,-0.69,74,60,87,,,,,,,,,,,,,,,,104,73,144,19,4.9,1.15,32,0.47,
48251,Texas,Johnson,,2886,8336,7888,8784,-0.56,6246,5467,7026,,,,,,,,,,7460,5441,9982,,,,,,,,,,9292,8695,9888,,4.2,3.5,4.9,-0.46,,7,7,7,-0.70,7,6,7,,,,9,4,13,10,8,13,9,5,13,7,4,10,7,6,7,5.5,4.6,6.3,-0.33,22,20,24,0.42,42,-0.06,54,42,33,34,43,75,-0.55,7.7,-0.19,76,41,2464:1,0.37,200,99,1015:1,0.49,79,40,2475:1,0.25,3917,1.01,,,3041,2060,4001,42,0.11,,37,44,25,43,30189,18,16,20,1.69,13,12,15,8,7,9,4,3,5,1,1,1,0.06,84,83,86,0.97,,,,71,59,84,84,77,91,78,73,84,81,79,82,89047,58,54,61,1.90,8.9,0.61,Yes,1.29,91,58003,90,93,-1.07,3,-0.01,28135,50557,56,52,59,0.29,107331,123479,87,86,88,0.33,3285,91344,3.6,0.00,149362,37557,4.0,-0.74,13,9,16,-0.77,,2,7,21,10,655,72,66,78,-0.93,44,36,54,,,,,,,50,30,77,,,,,,,85,78,93,131,6.7,0.83,24,-0.70,
48253,Texas,Jones,,380,11128,9518,12737,0.17,12013,9075,15600,,,,,,,,,,8661,5800,12438,,,,,,,,,,12317,9954,14681,,4.8,3.9,5.8,0.54,,8,6,9,-0.42,8,5,10,,,,,,,,,,,,,,,,7,5,9,5.8,4.7,7.0,0.26,26,23,29,1.32,33,0.81,,,,32,33,33,1.32,6.6,0.75,2,10,9937:1,1.22,5,25,4076:1,0.80,2,10,9968:1,1.14,3353,0.48,,,,4690,3088,33,1.20,,,,18,35,2090,18,15,20,1.61,12,8,16,8,5,11,2,0,5,2,1,4,-0.27,79,73,85,0.28,,,,,,,,,,76,58,93,76,68,83,6579,35,28,43,0.14,7.0,-0.34,Yes,1.29,85,5125,81,89,-0.10,1,0.71,2584,6731,38,33,44,1.78,11987,14783,81,79,83,1.41,274,5940,4.6,0.83,115946,28241,4.1,-0.58,22,14,29,0.32,,,,26,3,89,89,72,110,-0.35,60,35,97,,,,,,,,,,,,,,,,118,92,150,21,10.5,0.16,25,-0.44,
48255,Texas,Karnes,,246,9310,7588,11031,-0.31,9988,7774,12203,,,,,,,,,,,,,,,,,,,,,,10821,7013,14629,,4.9,4.1,5.7,0.60,,8,7,10,-0.09,9,7,11,,,,,,,,,,,,,,,,6,3,9,5.5,4.6,6.6,-0.21,27,24,30,1.51,44,-0.26,,,,42,45,57,0.24,6.9,0.49,4,27,3689:1,0.75,2,13,7509:1,0.85,9,61,1648:1,-0.35,2382,-0.41,,,,1940,1921,36,0.84,,,,25,41,1786,18,16,21,1.70,15,9,20,9,4,14,5,2,9,1,0,2,0.44,80,74,85,0.34,,,,,,,,,,81,76,86,90,85,95,4969,26,17,35,-0.60,8.5,0.41,Yes,1.29,76,3535,71,81,1.26,2,0.39,2032,5076,40,32,49,1.64,8100,10496,77,74,80,2.14,211,6758,3.1,-0.39,119283,20595,5.8,1.53,27,18,35,0.92,,,,45,9,57,75,57,97,-0.84,56,36,83,,,,,,,,,,,,,,,,112,75,160,17,11.5,0.00,29,0.07,
48257,Texas,Kaufman,,2258,8809,8309,9308,-0.44,6359,5515,7204,,,,,,,,,,11222,9820,12625,,,,,,,,,,9387,8658,10117,,4.3,3.5,5.1,-0.28,,8,8,8,-0.17,7,6,8,,,,10,6,13,12,11,14,,,,8,4,11,7,6,8,5.7,4.8,6.7,0.07,21,19,24,0.33,46,-0.45,55,49,37,39,47,67,-0.21,8.2,-0.61,33,21,4781:1,0.92,198,107,938:1,0.45,66,38,2612:1,0.31,3082,0.23,,,5174,1550,2917,40,0.35,,48,39,31,41,25521,17,15,19,1.38,15,13,17,11,10,13,4,3,5,0,0,1,0.54,77,75,79,0.04,,,,72,48,95,60,52,67,69,68,69,70,68,72,77460,60,56,63,2.08,8.7,0.51,No,-0.77,90,44805,89,91,-0.88,2,0.23,29452,47252,62,59,66,-0.29,87510,101359,86,85,88,0.44,3161,77440,4.1,0.40,157465,41201,3.8,-0.93,13,9,17,-0.69,15,11,25,13,8,532,72,66,78,-0.92,33,25,42,,,,,,,74,59,91,,,,,,,93,84,102,99,5.7,1.00,22,-0.95,
48259,Texas,Kendall,,518,5626,4787,6466,-1.27,3524,2468,4879,,,,,,,,,,,,,,,,,,,,,,6808,5633,7983,,3.6,2.8,4.5,-1.26,,7,6,8,-0.57,9,7,11,,,,,,,,,,,,,,,,6,5,7,5.0,4.0,6.2,-1.04,15,13,17,-1.05,46,-0.45,,49,37,42,45,79,-0.72,8.6,-0.96,40,85,1170:1,-0.86,120,237,421:1,-0.11,40,82,1224:1,-0.96,1247,-1.47,,,,897,1273,48,-0.62,,33,31,42,49,5968,15,13,17,1.04,15,12,18,12,9,15,2,1,4,1,0,2,0.45,68,63,73,-1.19,,,,,,,,,,75,67,83,64,60,69,21363,51,45,57,1.42,8.1,0.21,Yes,1.29,93,16076,91,95,-1.35,1,0.81,8019,10380,77,69,86,-1.57,30454,32551,94,92,95,-0.90,807,24335,3.3,-0.23,223788,44784,5.0,0.54,9,5,12,-1.26,,,,15,5,131,55,46,65,-1.49,30,18,48,,,,,,,,,,,,,,,,66,54,79,48,9.8,0.29,16,-1.80,
48261,Texas,Kenedy,,,,,,,,,,,,,,,,,,,,,,,,,,,,,,,,,,,7.1,6.3,8.0,,,,,,,,,,,,,,,,,,,,,,,,,,,,6.9,6.0,7.8,,47,44,49,,46,,,,,,,1,,3.2,,0,0,340:0,,0,0,343:0,,0,0,358:0,,,,,,,,,,,,,,,,104,38,33,42,,8,0,60,0,0,100,8,0,78,0,0,47,,88,43,100,,,,,,,,,,,,,,,,,25,59,0,100,,10.5,,No,,53,9,17,89,,,,8,16,50,0,100,,22,47,47,8,85,,9,127,7.1,,104667,27000,3.9,,21,13,29,,,,,,,,,,,,,,,,,,,,,,,,,,,,,,,,,0,0.0,,38,,
48263,Texas,Kent,,,,,,,,,,,,,,,,,,,,,,,,,,,,,,,,,,,3.9,3.0,4.8,,,,,,,,,,,,,,,,,,,,,,,,,,,,5.4,4.4,6.4,,18,16,20,,13,,,,,,,73,,5.1,,0,0,749:0,,0,0,734:0,,0,0,740:0,,2621,,,,,,,20,,,,,,,63,11,9,13,,6,0,15,6,0,26,0,0,14,0,0,10,,85,70,100,,,,,,,,,,,,,,,,,259,18,8,28,,6.0,,No,,93,255,85,100,,4,,87,116,75,41,100,,508,565,90,82,98,,13,606,2.1,,139222,33600,4.1,,15,9,20,,,,,,,,,,,,,,,,,,,,,,,,,,,,,,,,,0,0.0,,21,,
48265,Texas,Kerr,,969,9189,8171,10207,-0.34,6720,5271,8170,,,,,,,,,,,,,,,,,,,,,,10933,9421,12446,,4.4,3.5,5.3,-0.17,,9,8,9,0.05,8,6,9,,,,,,,,,,,,,,,,9,8,11,6.0,4.9,7.1,0.51,21,19,23,0.29,45,-0.35,,41,23,39,45,62,0.02,7.3,0.15,43,81,1236:1,-0.74,183,339,295:1,-0.55,39,73,1378:1,-0.69,1897,-0.86,,,5468,2488,1789,50,-0.86,,37,43,44,51,7081,19,17,21,1.85,14,11,17,10,7,12,3,2,5,2,1,3,0.33,72,69,75,-0.70,,,,,,,,,,74,67,80,74,70,78,22860,22,19,25,-0.89,7.7,0.01,Yes,1.29,90,19973,88,92,-0.82,3,-0.02,6034,10655,57,50,63,0.20,35287,39070,90,88,92,-0.30,796,22557,3.5,-0.06,131828,30582,4.3,-0.32,19,12,26,0.05,,,,18,8,247,93,82,105,-0.22,46,32,64,,,,,,,,,,,,,,,,116,100,132,76,14.1,-0.47,28,-0.10,
48267,Texas,Kimble,,79,8618,5577,12722,-0.49,,,,,,,,,,,,,,,,,,,,,,,,,,,,,4.5,3.8,5.4,0.12,,10,7,13,0.63,12,6,18,,,,,,,,,,,,,,,,9,5,13,5.8,4.8,6.8,0.22,23,21,25,0.69,31,1.00,,,,33,31,64,-0.05,7.0,0.41,4,92,1091:1,-1.03,4,90,1111:1,0.52,3,68,1474:1,-0.56,906,-1.78,,,,,,28,1.81,,,,35,28,664,22,19,24,2.41,8,4,12,6,2,10,3,0,6,0,0,1,-1.15,77,69,84,-0.06,,,,,,,,,,,,,,,,1999,29,17,41,-0.35,6.8,-0.44,No,-0.77,81,1498,74,87,0.57,2,0.03,481,976,49,33,65,0.84,2794,3361,83,78,88,1.03,61,1794,3.4,-0.17,127233,20215,6.3,2.16,35,23,46,1.94,,,,20,25,14,64,35,107,-1.19,,,,,,,,,,,,,,,,,,,,,,7,15.8,-0.77,22,-0.96,
48269,Texas,King,,,,,,,,,,,,,,,,,,,,,,,,,,,,,,,,,,,5.3,4.5,6.0,,,,,,,,,,,,,,,,,,,,,,,,,,,,6.2,5.4,7.0,,29,27,30,,,,,,,,,,,4.2,,0,0,258:0,,0,0,217:0,,0,0,233:0,,,,,,,,,,,,,,,,40,20,17,23,,5,0,25,11,0,82,0,0,39,0,0,28,,75,43,100,,,,,,,,,,,,,,,,,92,20,0,75,,6.1,,No,,100,90,34,100,,99,,52,58,90,0,100,,123,154,80,68,92,,5,497,1.0,,92292,33269,2.8,,10,7,14,,,,,,,,,,,,,,,,,,,,,,,,,,,,,,,,,0,0.0,,18,,
48271,Texas,Kinney,,61,9451,6330,13574,-0.27,,,,,,,,,,,,,,,,,,,,,,,,,,,,,4.8,4.0,5.8,0.58,x,7,3,10,-0.77,,,,,,,,,,,,,,,,,,,,,,5.5,4.4,6.7,-0.21,25,23,28,1.21,29,1.20,,,,24,31,96,-1.48,4.0,2.97,,,,0.28,,,,0.55,0,0,3128:0,1.43,1132,-1.57,,,,,,33,1.20,,,,33,32,249,13,11,15,0.52,1,0,4,0,0,5,0,0,3,1,0,4,-2.71,81,56,100,0.52,,,,,,,,,,,,,,,,1418,19,3,35,-1.16,7.2,-0.24,No,-0.77,74,870,58,90,1.62,,0.18,226,756,30,14,46,2.51,2263,2551,89,82,96,0.00,58,1261,4.6,0.82,84696,23860,3.5,-1.27,26,16,36,0.86,,,,,,13,75,40,128,-0.83,,,,,,,,,,,,,,,,,,,,,,0,0.0,2.01,26,-0.34,
48273,Texas,Kleberg,,484,10643,9364,11922,0.04,11214,9703,12726,,,,,,,,,,,,,,,,,,,,,,9629,6961,12296,,5.0,4.1,5.9,0.74,,8,7,9,0.00,8,7,10,,,,,,,,,,,,,,,,8,5,10,5.6,4.5,6.7,-0.17,27,24,29,1.47,39,0.23,,55,33,38,39,69,-0.31,4.6,2.46,13,42,2357:1,0.32,20,67,1503:1,0.62,18,59,1687:1,-0.31,3475,0.60,,,,4884,1959,37,0.71,,,,39,36,4752,19,16,22,1.87,25,19,30,16,11,21,8,4,11,3,1,4,2.68,76,71,80,-0.20,,,,,,,,,,75,70,81,82,76,88,13492,24,19,29,-0.74,10.5,1.41,Yes,1.29,84,9854,80,87,0.12,1,0.79,4746,7790,61,52,70,-0.17,14550,17357,84,81,87,0.90,611,13171,4.6,0.86,116524,19598,5.9,1.72,29,19,39,1.25,,,7,44,17,83,54,43,67,-1.52,46,34,61,,,,,,,,,,,,,,,,86,56,126,21,6.9,0.80,31,0.29,
48275,Texas,Knox,,82,13276,9194,18552,0.73,,,,,,,,,,,,,,,,,,,,,,,,,,,,,4.9,4.2,5.6,0.67,,9,6,12,0.29,12,6,18,,,,,,,,,,,,,,,,7,3,11,6.1,5.2,6.9,0.68,23,22,25,0.79,17,2.36,,,29,17,16,77,-0.66,7.2,0.24,1,30,3351:1,0.67,,,,0.55,0,0,3273:0,1.43,2516,-0.29,,,,,,18,3.00,,,,19,19,541,21,18,24,2.26,6,3,10,5,0,10,1,0,3,0,0,2,-1.47,78,71,84,0.11,,,,,,,,,,69,64,75,77,67,87,1448,15,9,21,-1.46,6.7,-0.49,Yes,1.29,88,1099,81,94,-0.48,0,1.07,479,810,59,46,73,-0.01,1967,2308,85,81,89,0.65,54,1522,3.5,-0.04,111000,28447,3.9,-0.83,32,20,44,1.60,,,,13,13,17,96,56,154,-0.11,,,,,,,,,,,,,,,,,,,,,,6,18.3,-1.20,24,-0.69,
48277,Texas,Lamar,,1143,12236,11154,13317,0.46,7735,5140,11179,,,,,,,,,,17935,14373,21496,,,,,,,,,,12187,10894,13480,,4.6,3.7,5.5,0.26,,8,7,9,-0.11,5,3,7,,,,,,,17,14,20,,,,10,5,16,7,6,8,6.1,5.0,7.2,0.81,22,20,24,0.54,46,-0.45,52,29,35,46,46,62,0.00,6.0,1.26,22,44,2277:1,0.28,64,125,799:1,0.37,25,50,2019:1,-0.02,4303,1.36,,,7876,2830,4001,45,-0.26,38,46,46,18,46,7326,18,16,20,1.67,17,14,19,14,12,17,2,1,2,2,1,3,0.92,79,76,81,0.22,,,,,,,74,64,85,68,60,76,81,78,84,22755,16,13,19,-1.37,8.7,0.51,No,-0.77,80,16028,77,83,0.68,2,0.39,6973,11977,58,52,65,0.07,30229,34339,88,86,90,0.13,1022,23849,4.3,0.56,120456,19996,6.0,1.82,29,22,35,1.20,,,48,38,23,209,84,72,95,-0.54,,,,,,,,,,76,49,113,,,,,,,95,81,109,65,12.9,-0.25,23,-0.81,
48279,Texas,Lamb,,274,12062,9970,14155,0.41,12979,10124,15833,,,,,,,,,,,,,,,,,,,,,,9678,6915,12441,,5.2,4.2,6.2,1.04,,8,7,10,0.01,9,7,11,,,,,,,,,,,,,,,,6,4,8,6.1,4.9,7.3,0.68,28,26,31,1.82,28,1.29,,,,22,30,49,0.59,6.2,1.09,3,23,4299:1,0.85,5,39,2542:1,0.74,2,16,6362:1,0.97,1970,-0.80,,,,2340,1466,38,0.59,,,,40,37,2391,23,20,26,2.72,11,7,15,5,2,8,4,2,7,2,1,3,-0.43,80,75,85,0.39,,,,,,,,,,77,70,84,85,67,100,5689,24,18,29,-0.77,6.1,-0.79,Yes,1.29,82,3816,79,86,0.33,3,-0.11,1333,2926,46,37,54,1.16,6262,8091,77,74,81,2.10,211,5091,4.1,0.45,106286,25227,4.2,-0.44,25,16,34,0.76,,,26,25,4,56,87,66,113,-0.43,68,44,101,,,,,,,,,,,,,,,,114,76,165,24,18.9,-1.30,27,-0.20,
48281,Texas,Lampasas,,432,10121,8525,11718,-0.10,8519,5788,12092,,,,,,,,,,,,,,,,,,,,,,10717,8696,12738,,4.4,3.6,5.3,-0.12,,7,5,8,-0.86,9,6,12,,,,,,,,,,,,,,,,6,5,8,6.0,5.0,7.2,0.60,21,19,23,0.25,27,1.39,,21,21,19,28,72,-0.42,7.3,0.15,10,45,2225:1,0.25,19,82,1224:1,0.56,3,13,7595:1,1.04,2692,-0.13,,,,,,40,0.35,,43,56,31,40,3169,18,15,20,1.53,12,9,15,9,6,11,2,1,4,2,0,3,-0.20,76,72,80,-0.11,,,,,,,,,,73,64,81,77,69,85,9002,39,32,46,0.45,7.8,0.06,Yes,1.29,89,7228,86,91,-0.67,5,-0.94,2780,4842,57,49,65,0.14,14159,15684,90,88,92,-0.29,362,9535,3.8,0.16,141621,32927,4.3,-0.33,17,11,24,-0.24,,,,13,5,82,75,60,93,-0.83,,,,,,,,,,,,,,,,,,,,,,29,12.7,-0.22,20,-1.24,
48283,Texas,La Salle,,128,10565,8217,12912,0.02,,,,,,,,,,,,,,,,,,,,,,,,,,,,,5.5,4.9,6.2,1.60,,11,9,14,1.35,,,,,,,,,,,,,,,,,,,,,,5.6,5.0,6.3,-0.01,35,33,36,3.00,23,1.78,,,,22,28,,0.12,5.8,1.43,,,,0.28,5,76,1307:1,0.58,,,,0.41,1604,-1.13,,,,1214,1484,19,2.90,,,,15,30,947,22,19,25,2.57,14,4,23,9,0,18,3,0,8,1,0,2,0.18,80,67,93,0.35,,,,,,,,,,,,,,,,2093,26,7,45,-0.55,,0.07,No,-0.77,72,1209,53,90,1.91,0,0.99,302,1797,17,7,27,3.00,2871,4496,64,56,72,3.00,105,4070,2.6,-0.84,88568,28850,3.1,-1.87,32,19,44,1.55,,,,,,21,59,36,90,-1.37,,,,,,,,,,,,,,,,,,,,,,4,6.1,0.95,29,0.04,
48285,Texas,Lavaca,,341,7894,6464,9323,-0.68,,,,,,,,,,,,,,,,,,,,,,,,,,,,,4.4,3.6,5.3,-0.03,,7,6,8,-0.74,8,6,11,,,,,,,12,6,18,,,,,,,6,4,7,5.8,4.9,6.8,0.27,21,19,23,0.25,44,-0.26,,,33,36,45,43,0.86,7.8,-0.27,12,58,1712:1,-0.12,7,34,2939:1,0.76,5,24,4118:1,0.72,4306,1.37,,,2630,2493,4348,42,0.11,,,47,28,43,2333,15,13,17,0.97,11,8,13,6,4,8,4,2,5,1,0,2,-0.50,80,77,83,0.40,,,,,,,,,,72,59,84,80,76,84,9319,30,25,34,-0.29,8.6,0.46,No,-0.77,82,6829,79,84,0.42,5,-0.93,2294,4482,51,44,58,0.67,12405,14238,87,85,89,0.29,306,9299,3.3,-0.26,138547,28440,4.9,0.38,16,10,22,-0.35,,,,19,5,69,68,53,86,-1.06,,,,,,,,,,,,,,,,,,,,,,25,12.1,-0.12,21,-1.14,
48287,Texas,Lee,,311,8759,7202,10315,-0.45,8735,6049,12206,,,,,,,,,,,,,,,,,,,,,,7480,5607,9352,,4.7,3.8,5.6,0.32,,8,6,9,-0.33,7,5,9,,,,,,,17,10,24,,,,,,,7,6,9,5.9,4.8,7.1,0.39,23,21,26,0.79,45,-0.35,,,35,25,47,52,0.45,7.4,0.07,4,23,4427:1,0.87,8,44,2280:1,0.72,4,22,4489:1,0.78,3271,0.41,,,2878,1034,3059,38,0.59,,,26,12,41,2851,20,18,23,2.13,17,11,22,11,7,15,5,2,8,1,0,2,0.87,71,65,76,-0.86,,,,,,,,,,74,60,88,68,61,74,7653,48,38,57,1.12,8.5,0.41,Yes,1.29,82,5535,77,88,0.30,4,-0.51,1633,4466,37,28,45,1.93,10486,12604,83,80,86,1.02,295,9316,3.2,-0.36,120500,26902,4.5,-0.11,16,10,22,-0.39,,,,18,3,88,101,81,124,0.03,97,60,149,,,,,,,160,87,269,,,,,,,94,71,124,18,10.0,0.25,30,0.18,
48289,Texas,Leon,,368,12444,10324,14563,0.51,,,,,,,,,,,,,,,,,,,,,,,,,,,,,4.6,3.8,5.4,0.15,,8,6,9,-0.35,9,6,12,,,,,,,,,,,,,,,,7,6,9,6.0,4.9,7.0,0.50,24,21,26,0.84,38,0.33,,,34,38,38,3,2.63,6.6,0.75,,,,0.28,6,36,2756:1,0.75,4,25,4052:1,0.71,2573,-0.24,,,,2063,2394,35,0.96,,,34,,35,2645,22,19,24,2.45,10,7,13,7,5,10,3,1,5,1,0,2,-0.61,80,75,84,0.37,,,,,,,,,,70,43,97,81,76,86,6224,48,40,56,1.16,,0.07,No,-0.77,83,5411,78,87,0.26,,0.18,1833,3451,53,42,64,0.51,9814,11370,86,84,89,0.44,310,6558,4.7,0.93,112697,26490,4.3,-0.39,21,13,29,0.27,,,60,35,9,101,120,96,143,0.66,106,58,179,,,,,,,176,84,323,,,,,,,121,96,152,29,17.9,-1.13,27,-0.17,
48291,Texas,Liberty,,1853,11242,10531,11953,0.20,8264,7180,9347,,,,,,,,,,14829,12049,17610,,,,,,,,,,12157,11153,13160,,5.1,4.2,6.0,0.89,,8,8,9,-0.07,8,7,9,,,,,,,10,8,13,,,,,,,8,7,9,6.1,5.0,7.3,0.77,28,25,30,1.70,34,0.71,,42,31,27,35,46,0.72,7.0,0.41,21,22,4649:1,0.90,32,30,3384:1,0.78,29,28,3517:1,0.60,4178,1.25,,,6082,2673,4065,30,1.56,,25,36,21,30,19083,23,20,25,2.62,16,13,18,9,7,12,7,5,8,1,1,2,0.66,79,75,82,0.23,,,,,,,78,68,89,67,60,75,75,73,78,35071,66,60,71,2.53,9.8,1.06,No,-0.77,89,26648,86,91,-0.68,2,0.28,11018,26423,42,38,46,1.49,47260,60529,78,76,80,1.97,1985,36244,5.5,1.55,131039,27448,4.8,0.26,20,13,28,0.17,,,44,27,10,445,96,87,104,-0.14,51,40,64,,,,,,,120,89,158,,,,,,,119,106,132,67,6.6,0.86,27,-0.26,
48293,Texas,Limestone,,561,11929,10333,13525,0.38,,,,,,,,,,,,,18740,13377,24103,,,,,,,,,,12654,10436,14872,,5.0,4.1,5.9,0.77,,11,9,12,1.11,9,7,12,,,,,,,20,16,25,,,,,,,9,8,11,6.1,5.0,7.3,0.76,27,24,29,1.44,36,0.52,,,28,32,37,54,0.36,6.4,0.92,9,41,2458:1,0.37,12,54,1854:1,0.68,8,36,2782:1,0.38,3557,0.67,,,5639,2438,3323,36,0.84,,,33,24,38,3295,20,17,22,2.01,16,13,19,10,7,13,6,4,9,1,0,2,0.70,84,81,87,0.94,,,,,,,81,71,91,84,76,93,81,76,87,8375,38,32,44,0.37,8.5,0.41,Yes,1.29,76,6327,71,81,1.27,1,0.57,2854,5245,54,46,63,0.40,13307,15554,86,83,88,0.59,384,9103,4.2,0.51,109140,24040,4.5,-0.03,26,17,34,0.81,,,23,36,20,102,89,72,106,-0.36,,,,,,,,,,84,48,137,,,,,,,120,95,149,22,9.9,0.28,27,-0.26,
48295,Texas,Lipscomb,x,,,,,0.07,,,,,,,,,,,,,,,,,,,,,,,,,,,,,4.4,3.8,5.0,-0.06,x,5,3,8,-1.48,,,,,,,,,,,,,,,,,,,,,,5.6,4.9,6.3,-0.08,23,22,24,0.71,29,1.20,,,,10,30,,0.12,4.6,2.46,,,,0.28,,,,0.55,0,0,2854:0,1.43,1488,-1.24,,,,,,34,1.08,,,,33,34,486,22,19,25,2.43,13,9,18,6,1,11,6,2,11,2,0,3,0.06,85,79,91,1.03,,,,,,,,,,91,78,100,81,71,91,1239,21,15,27,-0.97,6.6,-0.54,No,-0.77,87,957,85,89,-0.39,3,-0.20,380,668,57,46,68,0.18,1548,1854,83,78,88,0.97,46,1457,3.2,-0.37,130818,27676,4.7,0.20,17,11,23,-0.26,,,,23,10,11,71,35,127,-0.96,,,,,,,,,,,,,,,,,,,,,,10,35.0,-3.00,23,-0.76,
48297,Texas,Live Oak,,220,9514,7583,11445,-0.25,9095,6555,12294,,,,,,,,,,,,,,,,,,,,,,11450,8103,14796,,5.0,4.2,6.0,0.86,,8,6,9,-0.43,9,6,12,,,,,,,,,,,,,,,,5,3,8,5.8,4.8,6.9,0.26,25,23,28,1.21,30,1.10,,,,28,31,19,1.91,6.9,0.49,,,,0.28,2,17,5792:1,0.84,3,26,3809:1,0.66,1491,-1.24,,,,2399,1025,33,1.20,,,,27,36,1611,21,19,24,2.35,12,8,16,7,3,11,5,2,8,2,0,3,-0.18,82,77,86,0.62,,,,,,,,,,70,61,80,82,73,90,3772,40,29,50,0.49,8.8,0.56,No,-0.77,75,3146,69,81,1.47,1,0.57,1679,3299,51,42,60,0.70,6401,8323,77,72,81,2.19,191,5029,3.8,0.16,120588,18184,6.6,2.58,24,15,32,0.55,,,,27,14,32,54,37,76,-1.53,45,22,81,,,,,,,,,,,,,,,,68,42,104,9,7.9,0.63,27,-0.17,
48299,Texas,Llano,,489,11148,9118,13179,0.17,,,,,,,,,,,,,,,,,,,,,,,,,,,,,4.2,3.3,5.0,-0.47,,8,7,10,-0.18,6,4,9,,,,,,,,,,,,,,,,9,7,10,5.6,4.6,6.6,-0.13,18,16,21,-0.25,37,0.42,,,,21,38,79,-0.76,6.3,1.01,15,68,1465:1,-0.39,14,61,1634:1,0.65,12,53,1878:1,-0.13,2456,-0.35,,,,,,39,0.47,,,,29,39,2783,20,17,22,1.99,15,12,18,10,7,12,3,2,5,2,0,4,0.47,75,71,79,-0.30,,,,,,,,,,61,49,74,70,63,77,8388,39,33,46,0.48,7.7,0.01,Yes,1.29,88,8989,85,91,-0.55,,0.18,1770,3434,52,41,62,0.64,16066,17478,92,90,94,-0.59,352,9812,3.6,-0.01,142569,30778,4.6,0.08,21,13,29,0.27,,,,26,18,126,115,95,135,0.49,78,38,144,,,,,,,,,,,,,,,,122,100,144,26,11.5,-0.01,30,0.16,
48301,Texas,Loving,,,,,,,,,,,,,,,,,,,,,,,,,,,,,,,,,,,3.3,2.6,4.0,,,,,,,,,,,,,,,,,,,,,,,,,,,,4.8,4.0,5.7,,14,13,16,,,,,,,,,,,5.9,,0,0,57:0,,0,0,43:0,,0,0,51:0,,,,,,,,,,,,,,,,1,2,2,2,,29,0,94,0,0,100,29,0,100,0,0,67,,70,2,100,,,,,,,,,,,,,,,,,30,0,0,100,,7.8,,No,,86,31,52,100,,,,,,,,,,49,52,94,77,100,,5,1601,0.3,,52261,19333,2.7,,8,3,12,,,,,,,,,,,,,,,,,,,,,,,,,,,,,,,,,0,0.0,,19,,
48303,Texas,Lubbock,,5261,10786,10391,11181,0.08,11410,10759,12061,,,,,,6134,4168,8707,,18870,16912,20827,,,,,,,,,,9827,9286,10367,,4.5,3.8,5.2,0.04,,9,8,9,0.11,9,8,9,17,8,26,9,7,11,15,14,16,,,,10,7,14,7,7,8,5.7,4.9,6.5,0.07,21,19,23,0.31,44,-0.26,55,48,29,37,45,86,-1.06,6.9,0.49,248,79,1268:1,-0.68,713,222,450:1,-0.05,193,61,1645:1,-0.35,2415,-0.38,,,7010,2957,2122,39,0.47,,34,31,30,40,43177,16,15,18,1.25,20,18,21,16,15,18,3,3,4,1,1,1,1.52,78,77,79,0.12,66,51,80,62,54,69,73,69,77,78,76,79,79,78,81,152799,10,9,11,-1.83,5.4,-1.14,Yes,1.29,88,108767,87,89,-0.51,1,0.71,57070,84608,67,65,70,-0.73,167672,188789,89,88,90,-0.02,5525,165713,3.3,-0.22,127198,25758,4.9,0.46,20,15,25,0.11,11,21,38,26,8,1298,83,78,87,-0.56,66,59,73,,,,28,14,52,87,70,106,,,,,,,98,91,104,279,8.8,0.47,27,-0.25,
48305,Texas,Lynn,,135,13311,10250,16371,0.74,,,,,,,,,,,,,,,,,,,,,,,,,,,,,5.1,4.2,6.1,0.93,,9,7,11,0.32,10,6,14,,,,,,,,,,,,,,,,7,4,9,5.9,4.8,7.1,0.46,28,25,31,1.72,28,1.29,,,,26,27,44,0.80,5.8,1.43,6,105,948:1,-1.42,3,52,1920:1,0.69,1,17,5724:1,0.92,3848,0.94,,,,1838,3417,29,1.68,,,,33,27,798,17,14,19,1.36,14,9,19,11,6,16,3,1,4,3,1,6,0.21,80,75,84,0.34,,,,,,,,,,71,56,85,67,56,78,2451,43,35,51,0.75,6.0,-0.84,Yes,1.29,86,1786,83,90,-0.32,2,0.25,999,1556,64,55,74,-0.45,3069,3708,83,79,86,1.10,94,2876,3.3,-0.27,127585,27467,4.6,0.10,21,14,29,0.29,,,,40,11,31,106,72,150,0.20,112,63,185,,,,,,,,,,,,,,,,102,57,168,8,14.0,-0.44,27,-0.22,
48307,Texas,McCulloch,,201,13691,10437,16945,0.84,14006,9580,19773,,,,,,,,,,,,,,,,,,,,,,13437,9091,17782,,4.7,3.8,5.6,0.32,,8,5,10,-0.40,,,,,,,,,,,,,,,,,,,,,,6.0,4.9,7.1,0.51,24,22,27,0.94,30,1.10,,,,30,30,77,-0.67,5.4,1.77,3,40,2511:1,0.39,2,27,3726:1,0.79,2,27,3749:1,0.65,2192,-0.59,,,,,,25,2.17,,,,13,26,1250,22,19,25,2.57,12,6,18,11,4,17,1,0,4,0,0,2,-0.13,71,63,80,-0.75,,,,,,,,,,91,80,100,63,54,72,3091,15,9,21,-1.44,7.0,-0.34,Yes,1.29,86,2644,81,91,-0.26,1,0.48,668,1508,44,33,55,1.27,4450,5377,83,78,87,1.10,128,3113,4.1,0.42,102517,20910,4.9,0.42,28,18,38,1.11,,,,9,21,41,106,76,143,0.19,102,54,174,,,,,,,,,,,,,,,,111,73,161,10,13.3,-0.33,25,-0.52,
48309,Texas,McLennan,,4120,9298,8885,9711,-0.31,8754,7992,9517,,,,,,,,,,15127,13721,16534,,,,,,,,,,8252,7723,8781,,4.4,3.6,5.3,-0.10,,9,8,9,0.16,8,7,9,,,,10,7,14,16,15,17,,,,9,6,12,7,6,7,5.8,4.7,6.8,0.17,23,21,25,0.67,48,-0.64,,53,36,40,50,68,-0.25,6.0,1.26,202,77,1303:1,-0.62,577,215,465:1,-0.02,148,55,1803:1,-0.19,2987,0.15,,1451,4245,2730,2802,46,-0.38,,49,41,33,47,40209,19,17,20,1.75,18,17,19,15,14,16,3,3,4,1,1,1,1.17,79,78,80,0.26,84,59,100,65,52,79,77,73,81,78,75,81,80,79,82,120112,19,18,21,-1.10,8.7,0.51,Yes,1.29,88,84150,87,89,-0.51,1,0.64,41783,65710,64,61,67,-0.40,142831,162133,88,87,89,0.11,4759,129409,3.7,0.06,130088,25066,5.2,0.78,20,16,25,0.15,17,18,48,28,7,884,68,63,72,-1.06,50,43,58,,,,,,,82,69,95,,,,,,,76,69,82,292,10.9,0.09,23,-0.86,
48311,Texas,McMullen,,,,,,,,,,,,,,,,,,,,,,,,,,,,,,,,,,,5.2,4.3,6.2,,,,,,,,,,,,,,,,,,,,,,,,,,,,6.0,4.9,7.1,,28,26,31,,29,,,,,,,15,,5.5,,0,0,608:0,,1,176,568:1,,0,0,576:0,,,,,,,,,43,,,,,,,71,16,14,18,,18,4,33,8,0,39,10,0,24,5,0,18,,81,67,95,,,,,,,,,,,,,,,,,253,29,3,56,,8.4,,No,,74,125,56,92,,,,84,167,50,11,89,,313,354,88,80,96,,14,829,1.7,,94233,23250,4.1,,19,11,26,,,,,,,,,,,,,,,,,,,,,,,,,,,,,,,,,0,0.0,,23,,
48313,Texas,Madison,,251,12165,10081,14249,0.44,,,,,,,,,,,,,16800,11251,24127,,,,,,,,,,13599,10516,16682,,4.6,3.7,5.6,0.23,,8,6,9,-0.23,6,4,8,,,,,,,10,6,14,,,,,,,8,6,11,5.7,4.6,6.9,0.11,24,21,26,0.82,38,0.33,,,35,20,40,24,1.69,6.6,0.75,3,22,4573:1,0.89,3,22,4581:1,0.82,3,22,4554:1,0.79,3882,0.97,,,6650,,3541,27,1.93,,,24,,30,2279,24,21,27,2.99,16,12,21,9,5,14,6,2,9,2,1,4,0.82,77,71,84,0.05,,,,,,,,,,69,51,86,75,67,83,5027,38,30,46,0.38,8.5,0.41,No,-0.77,85,3535,81,90,-0.16,1,0.80,1847,4277,43,37,50,1.36,7329,9138,80,76,84,1.58,219,4744,4.6,0.84,119178,26472,4.5,-0.08,23,14,31,0.43,,,11,15,19,65,92,71,117,-0.25,64,32,114,,,,,,,,,,,,,,,,116,84,156,14,10.2,0.21,31,0.29,
48315,Texas,Marion,,294,14249,11303,17194,0.98,,,,,,,,,,,,,19725,12885,28902,,,,,,,,,,14144,10529,17760,,4.8,4.2,5.3,0.45,,9,7,11,0.31,,,,,,,,,,17,10,24,,,,,,,8,5,10,6.3,5.6,6.9,1.00,22,21,24,0.59,37,0.42,,,33,,37,51,0.52,7.3,0.15,,,,0.28,2,21,4786:1,0.82,1,10,9560:1,1.12,2728,-0.09,,,662,,3089,30,1.56,,,37,,28,1150,17,14,19,1.36,13,9,17,9,5,13,3,1,6,2,0,3,0.04,83,78,88,0.83,,,,,,,,,,,,,,,,3543,56,46,65,1.75,9.0,0.66,Yes,1.29,76,3205,71,81,1.23,2,0.28,937,1748,54,43,64,0.46,6146,7096,87,82,91,0.39,208,4348,4.8,0.97,101837,19626,5.2,0.78,33,22,45,1.76,,,45,,33,54,110,83,144,0.35,,,,,,,,,,100,48,185,,,,,,,127,92,171,9,9.4,0.36,28,-0.10,
48317,Texas,Martin,,93,13681,10277,17851,0.83,,,,,,,,,,,,,,,,,,,,,,,,,,,,,4.4,3.7,5.2,-0.09,,9,7,12,0.35,10,7,14,,,,,,,,,,,,,,,,7,4,10,5.5,4.6,6.6,-0.19,24,22,27,0.98,22,1.87,,,,16,22,4,2.60,7.0,0.41,1,19,5211:1,0.96,,,,0.55,1,19,5217:1,0.87,4818,1.84,,,,4595,4219,34,1.08,,,,37,33,967,21,18,24,2.30,14,6,21,6,0,13,7,2,12,1,0,2,0.24,82,72,93,0.71,,,,,,,,,,85,72,98,90,83,98,2284,24,14,33,-0.76,6.9,-0.39,Yes,1.29,75,1530,68,83,1.39,1,0.52,475,1295,37,25,48,1.92,2689,3210,84,77,91,0.92,78,2923,2.7,-0.77,157056,41894,3.7,-1.02,16,10,22,-0.39,,,,5,18,32,115,79,163,0.51,90,46,157,,,,,,,,,,,,,,,,150,92,231,8,15.3,-0.68,20,-1.25,
48319,Texas,Mason,,82,11919,7982,17117,0.37,,,,,,,,,,,,,,,,,,,,,,,,,,,,,3.9,3.1,4.8,-0.84,x,5,2,8,-1.51,,,,,,,,,,,,,,,,,,,,,,5.4,4.4,6.5,-0.37,19,17,21,-0.06,44,-0.26,,,,48,42,72,-0.43,8.0,-0.44,,,,0.28,3,76,1310:1,0.58,1,25,3982:1,0.69,1771,-0.98,,,,,,44,-0.13,,,,33,44,661,24,21,27,2.92,7,3,12,7,2,13,0,0,2,0,0,2,-1.25,73,66,81,-0.51,,,,,,,,,,,,,,,,1612,42,29,54,0.64,7.0,-0.34,No,-0.77,87,1343,84,89,-0.35,8,-2.54,589,796,74,55,93,-1.29,2343,2781,84,79,89,0.83,64,1853,3.5,-0.12,130536,23750,5.5,1.16,21,13,29,0.22,,,,,,20,96,59,148,-0.13,,,,,,,,,,,,,,,,,,,,,,6,15.1,-0.63,19,-1.35,
48321,Texas,Matagorda,,730,11456,10222,12690,0.25,10015,8366,11664,,,,,,,,,,18762,13393,24132,,,,,,,,,,11537,9511,13562,,4.8,4.0,5.7,0.54,,9,8,10,0.37,9,7,10,,,,,,,15,11,19,,,,,,,8,7,10,5.8,4.7,7.0,0.24,28,25,31,1.70,36,0.52,,41,29,30,37,72,-0.44,5.5,1.69,13,36,2796:1,0.51,20,55,1818:1,0.67,13,36,2779:1,0.38,4992,2.00,,,5966,5828,4651,33,1.20,,24,27,18,36,6320,22,19,24,2.41,19,15,23,16,12,19,3,1,4,1,0,3,1.46,82,78,86,0.62,,,,,,,,,,81,73,88,82,79,85,15008,35,28,41,0.09,9.5,0.91,Yes,1.29,82,12111,78,85,0.41,1,0.76,4887,8916,55,47,63,0.36,19922,24076,83,80,85,1.11,929,17135,5.4,1.50,117275,19393,6.0,1.85,26,18,34,0.91,,,50,39,17,177,97,83,111,-0.09,46,32,63,,,,,,,135,87,199,,,,,,,142,115,168,49,13.6,-0.37,33,0.60,
48323,Texas,Maverick,,975,10667,9775,11560,0.05,,,,,,,,,,,,,,,,,,,,,,,,,,,,,5.6,4.5,6.7,1.66,,8,8,9,-0.06,8,8,9,,,,,,,,,,,,,,,,14,8,19,5.8,4.6,7.1,0.24,36,33,39,3.41,26,1.49,,,,26,27,60,0.11,4.7,2.37,14,24,4147:1,0.83,21,36,2751:1,0.75,13,22,4449:1,0.77,3991,1.08,,,,4011,4021,18,3.02,,,,18,26,13101,26,24,29,3.42,24,20,28,15,11,18,10,7,13,1,0,2,2.63,82,78,86,0.64,,,,,,,,,,,,,,,,21985,19,15,23,-1.14,7.9,0.11,No,-0.77,80,14605,76,83,0.71,0,0.97,7587,14521,52,45,59,0.58,22584,33346,68,65,71,3.89,1780,23770,7.5,3.20,103168,16955,6.1,1.90,29,20,39,1.26,7,,,31,11,124,43,35,50,-1.91,,,,,,,,,,,,,,,,,,,,,,15,2.6,1.55,30,0.27,
48325,Texas,Medina,,854,8770,7858,9681,-0.45,8477,7340,9613,,,,,,,,,,,,,,,,,,,,,,9842,8177,11508,,4.3,3.5,5.2,-0.23,,9,8,9,0.08,9,8,10,,,,,,,23,12,34,,,,,,,8,6,9,5.2,4.2,6.2,-0.81,22,20,24,0.50,36,0.52,,,32,32,37,65,-0.13,7.6,-0.10,15,29,3465:1,0.70,32,58,1712:1,0.66,12,22,4477:1,0.78,2450,-0.35,,,,3581,1898,38,0.59,,,40,30,40,7045,17,15,19,1.35,15,11,18,10,8,13,3,2,5,2,0,3,0.42,72,69,76,-0.63,,,,,,,,,,68,62,74,66,62,71,21670,51,45,57,1.38,8.5,0.41,No,-0.77,86,15029,84,88,-0.25,3,-0.30,6723,12562,54,48,59,0.47,30645,35653,86,84,88,0.51,880,23213,3.8,0.16,139944,29987,4.7,0.12,18,12,24,-0.09,,,,22,12,174,67,57,77,-1.10,46,36,59,,,,,,,,,,,,,,,,95,77,113,39,7.3,0.74,25,-0.44,
48327,Texas,Menard,x,,,,,0.07,,,,,,,,,,,,,,,,,,,,,,,,,,,,,4.8,4.2,5.4,0.46,x,12,6,17,1.52,,,,,,,,,,,,,,,,,,,,,,5.8,5.1,6.5,0.28,22,21,23,0.50,38,0.33,,,,43,37,78,-0.71,5.9,1.35,1,50,1982:1,0.10,,,,0.55,1,51,1968:1,-0.06,1531,-1.20,,,,,,35,0.96,,,,44,34,345,26,22,29,3.00,15,8,23,11,3,20,0,0,4,5,0,10,0.60,81,70,93,0.59,,,,,,,,,,,,,,,,670,23,3,44,-0.81,6.7,-0.49,No,-0.77,76,634,71,82,1.26,2,0.08,217,322,67,37,97,-0.72,1116,1454,77,67,87,2.22,31,849,3.7,0.04,99216,18250,5.4,1.09,34,22,47,1.90,,,,,,,,,,-0.41,,,,,,,,,,,,,,,,,,,,,,3,15.2,-0.66,26,-0.33,
48329,Texas,Midland,,2211,9304,8810,9797,-0.31,8378,7721,9036,,,,,,,,,,14675,12199,17151,,,,,,,,,,10131,9283,10978,,4.0,3.3,4.9,-0.64,,8,8,8,-0.23,8,7,8,,,,7,5,9,15,13,17,,,,8,4,12,7,7,8,5.1,4.2,6.1,-0.85,19,17,21,-0.09,40,0.13,,54,32,36,41,91,-1.29,7.8,-0.27,64,38,2625:1,0.44,177,100,1001:1,0.48,106,62,1623:1,-0.37,2708,-0.11,,,3882,3030,2398,38,0.59,,50,27,31,40,28800,19,17,21,1.82,17,14,19,11,9,13,5,3,7,1,1,1,0.84,80,78,82,0.35,,,,59,45,72,86,79,94,79,76,82,84,79,88,84538,22,20,25,-0.86,7.1,-0.29,Yes,1.29,89,60006,88,91,-0.78,1,0.65,36319,55254,66,62,70,-0.58,92782,107587,86,85,88,0.46,2774,111773,2.5,-0.92,184352,37098,5.0,0.50,14,10,18,-0.64,,19,25,16,5,636,73,68,79,-0.88,54,47,61,,,,,,,116,89,148,,,,,,,92,82,102,154,9.0,0.44,17,-1.63,
48331,Texas,Milam,,523,10214,8782,11646,-0.07,9833,7504,12657,,,,,,,,,,22964,15380,32981,,,,,,,,,,8628,6993,10263,,4.5,3.6,5.5,0.09,,8,6,9,-0.38,6,4,8,,,,,,,18,12,24,,,,,,,7,5,8,5.8,4.7,6.9,0.20,21,19,23,0.27,39,0.23,,,38,39,39,59,0.13,6.6,0.75,1,4,25106:1,1.38,6,23,4325:1,0.81,4,16,6407:1,0.97,3797,0.90,,,4343,3943,3366,36,0.84,,,19,26,38,3832,19,17,22,1.91,14,11,17,10,7,13,4,3,6,1,0,2,0.27,79,77,82,0.28,,,,,,,,,,89,80,97,68,62,74,10375,40,35,46,0.55,8.5,0.41,Yes,1.29,83,8351,79,87,0.19,2,0.46,2611,5618,46,40,53,1.08,15112,17426,87,84,89,0.37,454,10911,4.2,0.46,113805,26217,4.3,-0.28,23,15,30,0.43,,,49,34,9,119,95,78,112,-0.16,79,52,115,,,,,,,104,52,185,,,,,,,102,81,127,33,12.9,-0.25,22,-0.88,
48333,Texas,Mills,,105,9187,6019,12356,-0.34,,,,,,,,,,,,,,,,,,,,,,,,,,,,,4.1,3.3,5.0,-0.54,x,5,2,7,-1.74,,,,,,,,,,,,,,,,,,,,,,5.5,4.6,6.6,-0.19,19,17,21,-0.09,19,2.16,,,,,,49,0.58,7.4,0.07,1,22,4480:1,0.88,6,132,758:1,0.34,2,44,2250:1,0.13,2379,-0.42,,,,,,39,0.47,,,,23,40,682,22,19,24,2.41,8,5,11,7,3,11,1,0,3,1,0,2,-1.05,75,68,82,-0.23,,,,,,,,,,,,,,,,1930,26,17,35,-0.55,7.3,-0.19,Yes,1.29,85,1560,79,90,-0.03,2,0.26,357,764,47,34,59,1.06,3087,3450,89,86,93,-0.14,73,1867,3.9,0.25,123851,27989,4.4,-0.18,22,14,31,0.42,,,,3,12,26,110,72,161,0.34,,,,,,,,,,,,,,,,,,,,,,8,17.8,-1.11,25,-0.48,
48335,Texas,Mitchell,,165,11322,8544,14100,0.22,9506,6210,13928,,,,,,,,,,,,,,,,,,,,,,15026,10155,19897,,4.8,4.0,5.8,0.52,,9,6,11,0.12,9,5,12,,,,,,,,,,,,,,,,9,6,13,5.7,4.6,6.9,0.15,27,24,30,1.53,19,2.16,,,,20,19,61,0.06,7.1,0.32,5,55,1814:1,-0.03,,,,0.55,1,11,8943:1,1.10,2343,-0.45,,,,,,18,3.00,,,,31,16,915,17,14,19,1.34,12,6,19,6,1,10,6,0,12,0,0,1,-0.10,81,74,88,0.50,,,,,,,,,,78,71,85,80,68,93,3638,33,23,44,0.01,6.5,-0.59,No,-0.77,80,2048,75,84,0.67,,0.18,1173,2448,48,38,58,0.96,5067,6085,83,79,88,1.01,93,2338,4.0,0.31,140304,24978,5.6,1.31,23,14,31,0.43,,,,11,9,32,75,51,105,-0.84,,,,,,,,,,,,,,,,,,,,,,7,7.8,0.64,25,-0.55,
48337,Texas,Montague,,520,13687,11816,15558,0.83,,,,,,,,,,,,,,,,,,,,,,,,,,,,,4.5,3.7,5.5,0.07,,8,7,10,0.02,7,4,11,,,,,,,,,,,,,,,,9,7,11,6.1,5.0,7.3,0.73,19,17,21,-0.11,31,1.00,,,,21,31,37,1.14,7.2,0.24,5,24,4082:1,0.82,4,19,5400:1,0.83,6,28,3511:1,0.60,3128,0.28,,,,,,31,1.44,,,,,,3431,21,18,23,2.27,11,8,15,9,6,12,1,0,2,2,1,3,-0.40,78,74,83,0.17,,,,,,,,,,,,,,,,7898,51,44,58,1.39,8.5,0.41,No,-0.77,79,6411,74,83,0.86,1,0.53,2187,4464,49,42,56,0.86,12544,14439,87,84,89,0.34,337,9567,3.5,-0.06,122130,26892,4.5,-0.03,18,11,24,-0.19,,,,8,19,123,122,100,144,0.74,,,,,,,,,,,,,,,,,,,,,,29,13.8,-0.40,23,-0.83,
48339,Texas,Montgomery,,7569,6837,6613,7061,-0.95,4841,4484,5197,,,,,,3207,2365,4252,,9616,8555,10678,,,,,,,,,,7695,7380,8010,,3.7,3.1,4.4,-1.15,,7,7,8,-0.44,7,7,7,,,,9,8,10,12,11,13,,,,8,6,10,7,7,7,5.2,4.5,6.0,-0.70,20,18,22,0.02,47,-0.55,50,49,35,35,47,88,-1.15,7.6,-0.10,410,63,1583:1,-0.25,916,129,777:1,0.36,345,51,1967:1,-0.06,3315,0.45,,604,4575,3854,3286,41,0.23,,33,37,27,42,89936,15,14,17,1.09,14,13,15,10,9,11,4,3,4,1,1,1,0.28,74,73,75,-0.38,64,54,74,63,58,68,77,73,81,73,71,76,72,70,73,307743,50,48,52,1.31,10.3,1.31,Yes,1.29,94,220828,93,94,-1.44,1,0.66,119312,175643,68,66,70,-0.77,387043,429285,90,90,91,-0.27,12256,311467,3.9,0.27,191177,41842,4.6,0.00,14,11,16,-0.68,25,4,15,22,6,2065,66,63,68,-1.14,37,33,41,,,,22,14,33,63,51,74,,,,,,,81,77,85,372,5.5,1.05,21,-1.10,
48341,Texas,Moore,,292,10115,8601,11629,-0.10,9702,7780,11625,,,,,,,,,,,,,,,,,,,,,,10180,7385,12974,,5.0,4.0,6.0,0.79,,7,6,8,-0.78,7,6,8,,,,9,5,14,,,,,,,,,,6,4,9,5.8,4.6,7.0,0.18,30,27,33,2.14,36,0.52,,27,,27,39,72,-0.42,7.2,0.24,7,33,3017:1,0.58,8,38,2649:1,0.75,7,33,2999:1,0.45,2818,-0.01,,,,2867,2665,33,1.20,,,,32,34,4765,26,23,29,3.39,15,10,19,9,5,14,5,3,8,1,0,3,0.38,84,80,87,0.88,,,,,,,,,,77,73,82,86,82,91,9844,18,12,23,-1.23,6.0,-0.84,No,-0.77,86,6224,82,89,-0.18,2,0.36,2331,5717,41,34,47,1.57,8805,12544,70,66,74,3.43,304,11299,2.7,-0.75,122237,27981,4.4,-0.25,21,16,25,0.21,88,15,3,25,7,87,83,66,102,-0.57,72,52,96,,,,,,,,,,,,,,,,112,78,155,28,13.3,-0.33,24,-0.58,
48343,Texas,Morris,,314,13733,11286,16179,0.85,,,,,,,,,,,,,14968,10303,21021,,,,,,,,,,15111,11742,18481,,4.7,3.8,5.6,0.34,,10,8,12,0.80,7,3,11,,,,,,,18,12,23,,,,,,,9,7,11,6.1,4.9,7.3,0.67,23,20,25,0.61,36,0.52,,,27,13,38,5,2.55,7.4,0.07,3,25,4010:1,0.81,4,33,3017:1,0.77,5,41,2417:1,0.22,3630,0.74,,,,,,27,1.93,,,29,,27,1554,17,14,19,1.35,11,8,15,7,4,10,3,1,5,2,0,4,-0.33,76,69,82,-0.20,,,,,,,,,,,,,,,,4884,43,34,52,0.75,8.8,0.56,No,-0.77,84,4251,80,89,0.00,2,0.34,1441,2605,55,45,66,0.32,7172,8238,87,83,91,0.31,267,4543,5.9,1.88,104297,25083,4.2,-0.51,31,21,40,1.42,,,39,16,16,60,98,75,126,-0.06,,,,,,,,,,105,58,177,,,,,,,116,85,155,19,15.7,-0.75,25,-0.51,
48345,Texas,Motley,x,,,,,0.07,,,,,,,,,,,,,,,,,,,,,,,,,,,,,4.2,3.6,4.8,-0.38,,,,,-0.06,,,,,,,,,,,,,,,,,,,,,,5.7,5.0,6.4,0.06,19,18,20,-0.19,31,1.00,,,,,,25,1.66,7.4,0.07,0,0,1067:0,1.49,,,,0.55,0,0,1032:0,1.43,,0.19,,,,,,22,2.53,,,,,,119,16,14,19,1.30,5,0,11,3,0,13,3,0,11,2,0,5,-1.74,66,56,77,-1.41,,,,,,,,,,,,,,,,608,22,9,34,-0.92,5.8,-0.94,No,-0.77,74,352,61,87,1.59,3,-0.16,132,246,54,31,76,0.46,817,953,86,74,97,0.55,20,506,4.0,0.29,111500,22120,5.0,0.59,28,18,39,1.16,,,,,,,,,,-0.41,,,,,,,,,,,,,,,,,,,,,,0,0.0,2.01,32,0.44,
48347,Texas,Nacogdoches,,1137,11089,10150,12028,0.16,5493,4211,7041,,,,,,,,,,18349,15503,21195,,,,,,,,,,11295,9988,12602,,4.7,3.9,5.7,0.42,,8,7,9,-0.13,8,6,9,,,,,,,13,11,15,,,,,,,6,5,7,5.9,4.9,7.1,0.48,22,20,24,0.50,47,-0.55,,50,41,40,48,56,0.28,6.4,0.92,46,71,1406:1,-0.47,101,154,647:1,0.24,38,59,1707:1,-0.29,3250,0.39,,,5597,1709,2913,38,0.59,,38,49,23,37,9625,19,17,21,1.88,22,18,25,16,13,19,5,4,6,2,1,2,1.98,75,72,77,-0.33,,,,,,,72,61,83,75,68,81,75,72,78,28134,21,18,24,-0.98,8.8,0.56,No,-0.77,85,21413,83,87,-0.14,3,-0.22,8631,14643,59,54,64,0.00,32287,37917,85,83,87,0.66,1221,28131,4.3,0.61,105723,19125,5.5,1.20,25,17,32,0.68,,,51,35,13,282,87,77,97,-0.44,33,21,50,,,,,,,80,58,107,,,,,,,111,96,125,59,9.1,0.41,26,-0.37,
48349,Texas,Navarro,,989,11374,10321,12427,0.23,8924,7253,10594,,,,,,,,,,17914,13905,21923,,,,,,,,,,11114,9639,12589,,5.0,4.1,6.0,0.77,,8,7,9,-0.12,8,7,9,,,,,,,15,12,18,13,7,18,,,,6,5,7,6.1,5.0,7.3,0.82,24,22,26,0.90,42,-0.06,,,26,30,44,53,0.40,6.7,0.66,15,28,3573:1,0.72,42,75,1325:1,0.58,20,37,2732:1,0.36,3597,0.71,,,6193,4244,3224,40,0.35,,,35,30,42,8281,19,17,21,1.78,17,14,20,11,8,13,6,5,8,2,1,3,0.95,81,77,84,0.48,,,,,,,87,57,100,80,76,83,80,76,84,22796,32,28,36,-0.10,8.5,0.41,Yes,1.29,83,15418,81,86,0.14,2,0.03,6587,12415,53,47,59,0.51,27084,34132,79,77,81,1.73,942,23823,4.0,0.29,122963,24379,5.0,0.60,22,14,29,0.32,,,52,25,12,212,82,71,93,-0.59,59,43,79,,,,,,,72,45,107,,,,,,,103,86,119,49,9.0,0.44,33,0.64,
48351,Texas,Newton,,334,14450,11996,16904,1.03,,,,,,,,,,,,,18711,13033,26023,,,,,,,,,,14317,11422,17213,,5.5,4.6,6.6,1.60,,9,7,11,0.46,,,,,,,,,,15,9,21,,,,,,,8,6,11,6.7,5.6,8.0,1.81,28,26,31,1.78,34,0.71,,,23,,35,2,2.66,5.5,1.69,1,8,12241:1,1.27,3,25,4013:1,0.80,,,,0.41,4112,1.19,,,4314,,3881,32,1.32,,,22,,33,1870,20,18,23,2.16,15,10,20,5,2,8,6,3,9,4,1,8,0.42,87,81,92,1.25,,,,,,,,,,,,,,,,4504,56,46,65,1.76,8.7,0.51,No,-0.77,89,4370,85,94,-0.74,2,0.03,1087,2573,42,32,53,1.44,7455,8828,84,80,88,0.79,353,4990,7.1,2.86,86911,18138,4.8,0.28,27,17,37,0.97,,,77,68,9,75,115,91,145,0.52,,,,,,,,,,130,74,211,,,,,,,117,88,152,13,10.8,0.12,27,-0.29,
48353,Texas,Nolan,,307,10043,8306,11779,-0.12,8878,6724,11502,,,,,,,,,,,,,,,,,,,,,,11974,9067,14881,,5.1,4.3,5.9,0.91,,8,6,9,-0.29,9,6,11,,,,,,,,,,,,,,,,6,4,8,6.0,5.0,7.1,0.58,27,25,30,1.55,33,0.81,,,29,24,35,62,0.01,6.7,0.66,7,48,2085:1,0.17,13,91,1100:1,0.52,8,55,1809:1,-0.19,4057,1.14,,,,2365,4034,29,1.68,,,,26,29,2193,19,16,21,1.83,16,12,20,10,6,13,6,3,8,1,0,1,0.65,79,72,85,0.24,,,,,,,,,,74,61,87,82,78,86,6371,20,15,25,-1.08,6.6,-0.54,No,-0.77,81,4707,77,84,0.56,1,0.48,1539,3303,47,39,54,1.07,8003,9584,84,80,87,0.96,239,6859,3.5,-0.10,109391,20441,5.4,0.98,28,19,37,1.07,,,14,24,19,63,86,66,110,-0.46,56,32,90,,,,,,,,,,,,,,,,117,86,156,20,13.8,-0.41,25,-0.56,
48355,Texas,Nueces,,6362,10927,10548,11305,0.11,9530,9095,9964,,,,,,,,,,15267,12808,17726,,,,,,,,,,14372,13518,15226,,4.7,3.9,5.5,0.28,,9,9,9,0.22,9,9,9,,,,8,6,10,16,14,19,,,,16,11,21,8,7,8,5.9,5.0,6.9,0.48,28,25,30,1.67,42,-0.06,,46,31,35,46,92,-1.33,6.4,0.92,279,79,1266:1,-0.69,578,164,609:1,0.20,205,58,1715:1,-0.28,2836,0.01,,628,2868,3515,2485,43,-0.01,,38,44,39,45,56276,19,18,21,1.94,19,17,20,14,13,16,4,3,5,1,1,2,1.34,80,79,82,0.43,89,72,100,71,67,76,79,75,84,80,79,82,82,81,84,159997,18,17,19,-1.21,9.6,0.96,No,-0.77,88,114770,87,89,-0.52,1,0.67,55973,95680,59,56,61,0.04,199308,233756,85,85,86,0.64,7134,168426,4.2,0.52,130389,26284,5.0,0.49,25,20,30,0.70,46,13,51,30,11,1432,80,76,84,-0.66,58,54,63,,,,30,15,53,112,87,142,,,,,,,131,121,141,217,6.2,0.93,25,-0.45,
48357,Texas,Ochiltree,,147,10610,8086,13133,0.03,8971,6213,12537,,,,,,,,,,,,,,,,,,,,,,13166,8817,18908,,4.8,4.2,5.5,0.55,,7,6,9,-0.55,6,4,8,,,,,,,,,,,,,,,,8,5,12,5.7,5.0,6.5,0.11,25,23,26,1.07,29,1.20,,,,22,31,83,-0.92,7.6,-0.10,4,41,2446:1,0.37,2,21,4852:1,0.82,4,42,2402:1,0.21,4479,1.53,,,,1182,4593,28,1.81,,,,10,32,2330,28,25,31,3.00,16,10,22,9,4,13,7,3,12,0,0,1,0.68,76,70,83,-0.12,,,,,,,,,,75,66,84,79,69,89,4830,19,13,25,-1.12,6.5,-0.59,No,-0.77,88,3300,83,93,-0.53,1,0.72,1165,2595,45,34,56,1.22,4826,5964,81,77,85,1.44,133,3987,3.3,-0.22,118810,29845,4.0,-0.73,15,9,21,-0.45,,,,20,17,40,82,59,112,-0.59,69,42,108,,,,,,,,,,,,,,,,105,65,160,18,18.7,-1.28,22,-0.96,
48359,Texas,Oldham,x,,,,,0.07,,,,,,,,,,,,,,,,,,,,,,,,,,,,,4.7,3.8,5.6,0.31,,,,,-0.06,,,,,,,,,,,,,,,,,,,,,,6.0,5.0,7.0,0.52,20,18,23,0.10,35,0.62,,,,,,57,0.25,4.5,2.54,0,0,1717:0,1.49,5,280,357:1,-0.30,0,0,1752:0,1.43,,0.19,,,,,,31,1.44,,,,,,201,16,13,18,1.11,8,3,12,6,0,14,2,0,6,1,0,3,-1.18,75,68,82,-0.27,,,,,,,,,,,,,,,,840,47,34,59,1.04,5.3,-1.19,No,-0.77,90,565,84,95,-0.79,1,0.63,412,567,73,59,86,-1.18,1095,1247,88,83,93,0.17,28,942,3.0,-0.52,174214,34850,5.0,0.54,27,17,38,1.04,,,,38,15,,,,,-0.41,,,,,,,,,,,,,,,,,,,,,,4,22.8,-1.99,23,-0.82,
48361,Texas,Orange,,1870,12675,11834,13516,0.57,5818,4075,8054,,,,,,,,,,20208,16448,23967,,,,,,,,,,12777,11830,13723,,4.5,3.7,5.4,0.04,,9,9,10,0.35,7,6,9,,,,11,5,17,16,13,18,,,,,,,8,8,9,5.9,4.9,7.0,0.45,20,18,22,0.06,41,0.04,,37,32,35,42,51,0.52,6.8,0.58,14,17,6053:1,1.04,32,37,2679:1,0.75,28,33,3033:1,0.46,2825,0.00,,,3430,,2712,39,0.47,,44,35,32,39,10382,15,13,16,0.91,11,9,13,8,6,10,2,2,3,2,1,3,-0.34,87,85,89,1.33,,,,,,,82,73,91,85,76,94,85,83,88,37515,35,32,38,0.12,8.7,0.51,Yes,1.29,91,28868,90,92,-0.96,1,0.60,12534,22166,57,52,61,0.21,51512,56615,91,90,92,-0.42,1916,35460,5.4,1.48,142978,29008,4.9,0.45,19,13,26,0.03,,29,59,22,9,436,104,94,114,0.14,54,33,83,,,,,,,134,99,178,,,,,,,109,98,120,80,9.4,0.36,22,-0.96,
48363,Texas,Palo Pinto,,707,11397,10018,12776,0.24,7028,4974,9647,,,,,,,,,,,,,,,,,,,,,,12601,10850,14351,,4.7,3.8,5.6,0.34,,7,6,8,-0.63,6,5,8,,,,,,,,,,,,,,,,7,6,8,6.0,4.9,7.2,0.64,21,19,23,0.23,45,-0.35,,36,30,40,45,57,0.26,5.0,2.11,14,49,2049:1,0.15,8,27,3718:1,0.79,10,34,2924:1,0.43,2804,-0.02,,,,,,33,1.20,,,25,23,33,4791,21,18,23,2.22,14,12,17,12,9,15,3,1,4,0,0,1,0.34,76,72,80,-0.12,,,,,,,,,,70,58,82,76,70,82,11882,37,32,43,0.31,7.8,0.06,Yes,1.29,87,9546,85,90,-0.43,1,0.48,3309,6626,50,43,57,0.78,17144,19902,86,84,88,0.48,498,13348,3.7,0.11,116142,27050,4.3,-0.34,26,20,33,0.91,2,,40,35,23,137,94,78,110,-0.18,54,31,87,,,,,,,,,,,,,,,,108,89,128,28,9.6,0.33,36,1.00,
48365,Texas,Panola,,567,13705,11940,15470,0.84,,,,,,,,,,,,,23053,17394,28712,,,,,,,,,,12847,10771,14922,,4.5,3.7,5.5,0.11,,8,7,10,-0.06,7,4,9,,,,,,,9,6,13,,,,,,,9,7,10,6.0,4.9,7.2,0.59,22,19,24,0.40,37,0.42,,,33,14,38,44,0.83,6.9,0.49,5,22,4535:1,0.89,6,26,3806:1,0.80,6,26,3780:1,0.66,3689,0.80,,,5552,,3384,31,1.44,,,26,,32,3245,18,16,20,1.68,10,8,13,7,4,9,4,2,5,0,0,1,-0.56,85,80,89,1.03,,,,,,,87,68,100,90,81,98,77,72,83,9510,42,34,49,0.64,9.0,0.66,Yes,1.29,83,7058,80,87,0.18,2,0.40,2984,5094,59,50,67,0.04,13141,15452,85,82,88,0.68,429,9639,4.5,0.70,138204,24858,5.6,1.24,19,12,26,-0.04,,,31,14,11,135,118,98,137,0.59,,,,,,,,,,169,114,242,,,,,,,122,98,146,24,10.6,0.15,21,-1.09,
48367,Texas,Parker,,2267,7329,6864,7794,-0.83,5423,4319,6527,,,,,,,,,,,,,,,,,,,,,,7665,7141,8189,,4.0,3.2,4.8,-0.76,,7,6,7,-0.87,7,6,8,,,,,,,16,10,22,,,,,,,6,6,7,5.8,4.9,6.7,0.22,16,14,18,-0.73,41,0.04,69,38,28,35,42,55,0.33,7.9,-0.36,60,38,2613:1,0.44,126,73,1377:1,0.60,57,34,2909:1,0.42,2493,-0.31,,,,1117,2541,44,-0.13,,38,40,34,45,21856,16,14,17,1.13,13,11,14,9,8,11,2,2,3,1,1,2,-0.07,78,76,79,0.08,,,,,,,,,,73,64,82,69,67,72,76021,54,51,57,1.64,8.5,0.41,Yes,1.29,93,50662,92,94,-1.38,1,0.62,27072,40168,67,63,72,-0.72,96902,107052,91,90,91,-0.33,2555,76471,3.3,-0.21,182491,43021,4.2,-0.41,9,6,12,-1.20,19,11,45,13,7,544,72,66,78,-0.91,32,22,45,,,,,,,,,,,,,,,,81,74,88,138,8.3,0.55,20,-1.21,
48369,Texas,Parmer,,131,8397,6365,10429,-0.55,,,,,,,,,,,,,,,,,,,,,,,,,,,,,4.8,3.9,5.8,0.49,,7,6,9,-0.53,8,6,10,,,,,,,,,,,,,,,,6,3,9,5.5,4.4,6.7,-0.20,27,25,30,1.59,30,1.10,,,,25,32,17,1.99,7.6,-0.10,1,10,9813:1,1.21,1,10,9617:1,0.86,1,10,9620:1,1.13,2629,-0.19,,,,2880,2600,36,0.84,,,,32,37,1969,24,21,27,3.00,10,6,15,6,3,9,3,1,5,1,0,4,-0.56,82,78,87,0.67,,,,,,,,,,70,64,76,90,83,98,4683,23,17,29,-0.84,5.9,-0.89,No,-0.77,90,2867,86,94,-0.87,1,0.50,1210,2629,46,36,56,1.12,4487,6170,73,68,78,2.96,134,5121,2.6,-0.81,121814,39840,3.1,-1.89,17,11,24,-0.21,,,,14,10,45,93,68,124,-0.23,76,49,113,,,,,,,,,,,,,,,,134,83,205,12,12.5,-0.18,25,-0.52,
48371,Texas,Pecos,,254,12159,10103,14216,0.44,11106,8856,13356,,,,,,,,,,,,,,,,,,,,,,16683,11256,23815,,5.0,4.1,6.0,0.85,,10,8,11,0.64,10,9,12,,,,,,,,,,,,,,,,8,4,11,5.5,4.4,6.7,-0.18,27,24,30,1.51,17,2.36,,,,18,16,74,-0.51,5.3,1.86,7,46,2160:1,0.22,4,27,3656:1,0.79,4,27,3684:1,0.64,1317,-1.40,,,,972,586,23,2.41,,,,13,35,2436,22,19,25,2.59,10,6,14,7,3,10,3,1,6,1,0,2,-0.72,84,78,91,0.96,,,,,,,,,,85,79,92,77,69,84,5897,21,15,27,-0.98,6.3,-0.69,Yes,1.29,83,4262,79,88,0.14,2,0.05,1785,4338,41,33,50,1.54,8013,10136,79,74,84,1.79,223,6259,3.6,-0.03,142820,21082,6.8,2.76,24,16,32,0.62,,,,43,42,61,79,61,102,-0.69,58,39,82,,,,,,,,,,,,,,,,152,101,219,11,7.5,0.70,28,-0.11,
48373,Texas,Polk,,1447,13398,12212,14584,0.76,7631,5682,10034,,,,,,,,,,17724,12773,22674,,,,,,,,,,14508,12975,16042,,5.0,4.3,5.8,0.81,,8,7,9,-0.01,6,4,8,,,,,,,17,13,22,,,,,,,8,7,9,6.2,5.4,7.1,0.96,23,21,26,0.79,43,-0.16,24,33,37,37,43,29,1.47,6.7,0.66,25,48,2076:1,0.16,35,65,1548:1,0.63,22,41,2421:1,0.22,1761,-0.99,,,1546,,1711,40,0.35,16,38,38,21,40,7495,19,17,21,1.84,15,13,18,10,8,12,6,4,8,1,0,1,0.59,81,78,85,0.55,87,70,100,,,,82,73,91,86,83,89,80,74,85,18061,36,30,41,0.18,8.7,0.51,Yes,1.29,85,15799,82,88,-0.11,3,-0.19,4985,12133,41,35,47,1.54,30592,37405,82,80,84,1.28,1020,19046,5.4,1.45,111932,24884,4.5,-0.09,30,23,37,1.36,35,,69,32,26,319,123,109,136,0.77,54,34,82,,,,,,,148,104,205,,,,,,,138,121,155,45,8.4,0.53,24,-0.67,
48375,Texas,Potter,,2537,13394,12672,14115,0.76,11214,10164,12263,,,,,,8395,6211,11098,,19433,16654,22211,,,,,,,,,,14308,13134,15481,,5.1,4.3,6.1,1.01,,10,9,10,0.66,8,8,9,,,,10,8,12,16,14,18,,,,12,7,16,10,9,11,5.9,4.9,7.1,0.37,29,26,31,1.88,45,-0.35,42,41,36,37,46,86,-1.05,6.1,1.18,102,88,1143:1,-0.92,351,306,327:1,-0.41,71,61,1629:1,-0.37,2926,0.09,,1341,3517,3447,2845,41,0.23,,23,33,31,42,21206,23,21,25,2.69,20,18,21,15,14,17,5,4,6,1,1,2,1.56,78,76,80,0.15,,,,79,71,88,82,75,89,81,79,84,83,82,85,48525,15,13,17,-1.44,5.4,-1.14,No,-0.77,86,36418,85,87,-0.25,3,0.00,15453,32114,48,44,52,0.94,57782,74650,77,76,79,2.09,1742,55594,3.1,-0.39,106693,21938,4.9,0.37,23,15,31,0.47,8,30,67,30,13,616,105,97,114,0.18,70,59,81,,,,46,25,77,120,94,152,,,,,,,144,129,158,131,11.3,0.02,31,0.30,
48377,Texas,Presidio,,75,7193,4981,10051,-0.86,,,,,,,,,,,,,,,,,,,,,,,,,,,,,5.8,4.8,6.9,2.04,,6,4,8,-1.11,,,,,,,,,,,,,,,,,,,,,,6.0,4.8,7.2,0.50,38,35,41,3.00,20,2.07,,,,16,36,95,-1.45,3.6,3.00,3,49,2047:1,0.15,5,86,1159:1,0.54,,,,0.41,1950,-0.81,,,,,,20,2.78,,,,15,38,1488,34,30,37,3.00,14,6,22,10,2,18,7,1,12,0,0,2,0.29,65,53,77,-1.60,,,,,,,,,,,,,,,,2285,3,0,11,-2.37,5.4,-1.14,Yes,1.29,77,1791,66,87,1.20,2,0.03,481,1010,48,24,72,0.98,2479,3753,66,55,77,3.00,190,3038,6.3,2.19,72267,13408,5.4,1.03,35,23,48,2.00,,,,54,59,17,53,31,84,-1.57,,,,,,,,,,,,,,,,,,,,,,5,8.4,0.53,31,0.29,
48379,Texas,Rains,,285,9817,7753,11881,-0.18,,,,,,,,,,,,,,,,,,,,,,,,,,,,,4.4,3.6,5.4,-0.12,,7,6,9,-0.44,,,,,,,,,,,,,,,,,,,,,,5.9,4.9,7.2,0.48,19,17,21,-0.19,36,0.52,,,,20,36,49,0.60,,0.72,1,8,12509:1,1.27,7,54,1855:1,0.68,2,16,6412:1,0.97,3285,0.42,,,,,,43,-0.01,,,,,,2077,22,19,24,2.42,12,8,16,7,4,10,2,1,4,3,1,5,-0.19,72,67,77,-0.68,,,,,,,,,,,,,,,,5267,60,49,70,2.06,8.1,0.21,Yes,1.29,89,4201,86,92,-0.70,1,0.61,1808,2931,62,48,75,-0.23,8450,9408,90,87,93,-0.20,234,6702,3.5,-0.09,136627,32117,4.3,-0.39,21,13,28,0.22,,,,28,18,63,101,77,129,0.03,,,,,,,,,,,,,,,,,,,,,,11,8.6,0.51,21,-1.11,
48381,Texas,Randall,,2036,8070,7556,8584,-0.63,6468,5583,7353,,,,,,,,,,11115,8196,14737,,,,,,,,,,8804,8122,9487,,3.9,3.1,4.7,-0.89,,8,7,8,-0.27,8,7,9,,,,14,10,17,11,9,14,,,,11,7,15,7,6,8,5.4,4.4,6.5,-0.37,17,15,19,-0.53,48,-0.64,,,58,40,49,92,-1.31,8.2,-0.61,79,55,1821:1,-0.02,196,132,756:1,0.34,89,61,1642:1,-0.35,2759,-0.07,,,6126,,2496,45,-0.26,,,,33,46,15728,13,11,15,0.54,12,11,13,10,9,12,2,1,2,0,0,1,-0.18,80,78,81,0.34,,,,,,,70,58,83,73,69,76,75,72,78,72689,17,15,19,-1.29,6.1,-0.79,No,-0.77,91,50844,90,93,-1.04,2,0.40,29105,40205,72,68,77,-1.16,89209,95260,94,93,94,-0.91,2262,76911,2.9,-0.54,144781,35732,4.1,-0.64,11,7,14,-1.03,3,13,33,9,9,529,75,69,82,-0.82,39,30,49,,,,,,,73,43,117,,,,,,,90,82,99,112,7.7,0.67,19,-1.34,
48383,Texas,Reagan,,50,8046,5303,11707,-0.64,,,,,,,,,,,,,,,,,,,,,,,,,,,,,4.3,3.5,5.1,-0.30,,8,6,11,0.01,,,,,,,,,,,,,,,,,,,,,,5.2,4.1,6.5,-0.72,23,21,26,0.71,20,2.07,,,,23,22,,0.12,8.5,-0.87,1,31,3253:1,0.65,,,,0.55,0,0,3135:0,1.43,1127,-1.58,,,,,,29,1.68,,,,13,42,578,21,18,24,2.27,14,6,22,10,3,18,4,0,10,0,0,2,0.38,75,65,84,-0.32,,,,,,,,,,70,55,85,92,84,100,1348,32,19,45,-0.12,6.6,-0.54,No,-0.77,88,918,82,93,-0.52,3,-0.41,360,937,38,26,51,1.77,1593,1789,89,83,95,-0.06,56,1571,3.6,-0.03,127156,35645,3.6,-1.25,14,9,20,-0.57,,,,,,21,118,73,180,0.60,,,,,,,,,,,,,,,,,,,,,,5,15.9,-0.79,16,-1.74,
48385,Texas,Real,x,,,,,0.07,,,,,,,,,,,,,,,,,,,,,,,,,,,,,5.0,4.1,6.1,0.88,x,8,4,12,-0.15,,,,,,,,,,,,,,,,,,,,,,6.1,4.9,7.3,0.74,26,23,28,1.26,33,0.81,,,,36,32,0,2.75,1.3,3.00,2,71,1413:1,-0.46,1,35,2854:1,0.76,2,70,1420:1,-0.63,2210,-0.57,,,,,,41,0.23,,,,33,41,401,21,18,24,2.21,13,6,20,10,2,18,3,0,8,0,0,3,0.00,69,52,86,-1.01,,,,,,,,,,,,,,,,681,3,0,21,-2.37,6.9,-0.39,Yes,1.29,71,722,61,81,2.09,5,-1.03,84,289,29,1,57,2.58,1688,1943,87,81,93,0.34,56,1103,5.1,1.22,81909,18138,4.5,-0.06,34,21,47,1.88,,,,42,16,20,125,76,193,0.84,,,,,,,,,,,,,,,,,,,,,,7,24.6,-2.31,29,0.01,
48387,Texas,Red River,,363,19571,16297,22845,2.37,,,,,,,,,,,,,27927,18975,39640,,,,,,,,,,20163,16093,24234,,5.0,4.1,6.0,0.83,,9,7,11,0.19,10,4,16,,,,,,,12,7,18,,,,,,,8,6,10,6.4,5.2,7.6,1.18,23,21,26,0.73,42,-0.06,,,34,20,42,32,1.33,4.6,2.46,3,26,3852:1,0.78,4,34,2920:1,0.76,3,26,3847:1,0.67,4140,1.21,,,6419,13043,3638,43,-0.01,,,49,,42,1632,19,16,22,1.87,16,11,20,13,8,18,2,0,3,2,0,3,0.67,74,70,78,-0.40,,,,,,,,,,,,,,,,4619,46,37,55,0.99,8.8,0.56,No,-0.77,72,3607,68,77,1.85,0,0.97,1211,2259,54,44,63,0.46,7444,8550,87,84,90,0.31,239,5027,4.8,0.95,99186,16320,6.1,1.89,27,17,37,1.00,,,77,36,16,79,133,105,166,1.11,,,,,,,,,,107,51,197,,,,,,,154,119,196,14,12.1,-0.12,26,-0.34,
48389,Texas,Reeves,,227,10008,8262,11754,-0.13,,,,,,,,,,,,,,,,,,,,,,,,,,,,,5.2,4.2,6.2,1.11,,8,7,10,-0.09,8,7,10,,,,,,,,,,,,,,,,7,3,12,5.6,4.5,6.8,-0.03,32,29,35,2.53,30,1.10,,,,30,31,81,-0.84,6.8,0.58,5,35,2897:1,0.54,,,,0.55,2,15,6453:1,0.98,3494,0.62,,,,3061,2281,17,3.00,,,,17,19,2125,22,19,25,2.50,14,9,20,8,4,13,6,1,10,1,0,2,0.35,82,76,88,0.71,,,,,,,,,,81,76,85,82,74,89,5721,21,14,28,-0.98,6.8,-0.44,Yes,1.29,74,3070,67,81,1.57,2,0.43,1464,3849,38,28,48,1.81,5963,8368,71,65,77,3.00,283,9177,3.1,-0.43,114231,20774,5.5,1.17,24,15,32,0.57,,,,,,57,76,58,98,-0.79,74,54,100,,,,,,,,,,,,,,,,106,58,178,5,3.9,1.33,28,-0.04,
48391,Texas,Refugio,,136,11423,8133,14713,0.24,,,,,,,,,,,,,,,,,,,,,,,,,,,,,4.9,4.1,5.6,0.58,,7,5,9,-0.64,6,3,9,,,,,,,,,,,,,,,,7,3,11,5.9,4.8,7.0,0.34,24,22,27,0.98,28,1.29,,,10,26,30,13,2.21,6.4,0.92,1,15,6756:1,1.09,,,,0.55,2,30,3316:1,0.55,3972,1.06,,,9805,3818,3124,36,0.84,,,,36,38,946,19,16,21,1.75,15,10,21,11,6,17,3,1,5,2,0,4,0.56,86,81,91,1.17,,,,,,,,,,87,75,100,88,60,100,2598,36,26,46,0.19,8.9,0.61,Yes,1.29,81,1920,78,84,0.52,1,0.72,672,1481,45,35,56,1.17,3886,4702,83,79,86,1.12,119,3085,3.9,0.21,99471,19063,5.2,0.81,26,16,36,0.91,,,51,31,2,32,93,64,132,-0.21,91,52,148,,,,,,,,,,,,,,,,100,55,168,4,6.0,0.95,25,-0.49,
48393,Texas,Roberts,,,,,,,,,,,,,,,,,,,,,,,,,,,,,,,,,,,4.2,3.4,5.0,,,,,,,,,,,,,,,,,,,,,,,,,,,,5.8,4.7,7.0,,18,16,20,,37,,,,,,,1,,5.7,,0,0,797:0,,0,0,840:0,,0,0,803:0,,,,,,,,,45,,,,,,,77,12,10,14,,3,0,11,1,0,18,1,0,12,1,0,9,,83,72,94,,,,,,,,,,,,,,,,,365,22,12,32,,6.2,,No,,77,232,73,81,,,,155,215,72,46,99,,509,522,98,94,100,,14,389,3.6,,104556,32234,3.2,,11,7,15,,,,,30,2,,,,,,,,,,,,,,,,,,,,,,,,,,,0,0.0,,20,,
48395,Texas,Robertson,,379,10658,8954,12362,0.04,7867,5308,11231,,,,,,,,,,15752,11445,21146,,,,,,,,,,10805,8304,13306,,4.4,3.6,5.4,-0.06,,9,7,10,0.16,8,5,11,,,,,,,15,11,19,,,,,,,6,4,8,5.7,4.6,6.9,0.15,21,19,23,0.27,43,-0.16,,,41,39,43,58,0.19,6.9,0.49,2,12,8479:1,1.17,4,23,4317:1,0.81,1,6,17153:1,1.26,4167,1.24,,,5484,2313,4150,38,0.59,,,35,19,40,2327,17,15,20,1.50,16,11,20,10,6,14,5,2,7,1,0,3,0.63,79,73,84,0.20,,,,,,,,,,79,62,95,80,72,89,6765,38,32,44,0.34,8.5,0.41,No,-0.77,82,5320,79,85,0.35,1,0.54,1821,3867,47,40,54,1.03,9828,11594,85,82,87,0.73,298,8178,3.6,0.04,124907,25170,5.0,0.49,25,17,34,0.76,,,50,17,10,78,91,72,114,-0.29,,,,,,,,,,99,57,161,,,,,,,112,84,146,17,9.9,0.27,27,-0.20,
48397,Texas,Rockwall,,1084,5798,5287,6308,-1.22,4661,3651,5671,,,,,,,,,,9047,6906,11188,,,,,,,,,,6027,5371,6684,,3.4,2.7,4.2,-1.60,,7,7,8,-0.63,7,6,8,,,,10,7,13,13,11,15,,,,9,5,14,6,5,7,4.8,3.9,5.8,-1.35,15,13,17,-0.94,50,-0.84,,53,39,32,51,82,-0.89,8.8,-1.13,77,66,1511:1,-0.33,245,187,536:1,0.11,86,70,1433:1,-0.61,2627,-0.19,,1084,3920,2047,2577,45,-0.26,,45,38,31,45,12023,11,10,12,0.15,10,9,12,9,7,10,2,1,3,1,0,1,-0.55,73,71,75,-0.53,,,,67,57,77,68,59,78,65,58,73,65,61,68,59118,60,56,64,2.08,8.8,0.56,No,-0.77,97,38176,96,97,-1.87,1,0.58,24290,31543,77,72,82,-1.55,71958,76396,94,93,95,-1.01,2192,61012,3.6,-0.01,214580,64743,3.3,-1.57,7,4,9,-1.55,13,7,11,5,3,263,47,42,53,-1.75,28,19,40,,,,,,,30,16,51,,,,,,,57,49,64,89,7.2,0.74,17,-1.70,
48399,Texas,Runnels,,238,10984,8779,13188,0.13,10041,6994,13964,,,,,,,,,,,,,,,,,,,,,,11915,8819,15010,,4.6,3.8,5.6,0.21,,11,9,13,1.34,15,11,19,,,,,,,,,,,,,,,,8,5,11,5.7,4.7,6.9,0.16,22,20,25,0.50,36,0.52,,,,33,36,69,-0.28,6.2,1.09,7,70,1420:1,-0.45,5,51,1974:1,0.69,2,20,4930:1,0.84,5346,2.33,,,,4753,5248,41,0.23,,,,29,42,1605,21,18,23,2.22,12,9,16,8,5,12,2,0,4,3,1,4,-0.13,82,79,86,0.70,,,,,,,,,,79,75,83,80,74,86,4507,36,28,43,0.19,6.9,-0.39,Yes,1.29,87,3322,84,91,-0.47,1,0.86,1170,2308,51,42,59,0.72,5901,6845,86,83,89,0.46,183,4677,3.9,0.26,117600,27733,4.2,-0.41,23,15,32,0.53,,,,11,11,50,99,73,130,-0.04,73,39,125,,,,,,,,,,,,,,,,115,80,160,19,19.3,-1.37,21,-1.03,
48401,Texas,Rusk,,1097,10561,9593,11530,0.02,7593,5794,9774,,,,,,,,,,13345,10708,15983,,,,,,,,,,10654,9401,11907,,4.6,3.7,5.5,0.21,,8,7,9,-0.14,7,6,9,,,,,,,15,12,18,,,,,,,7,6,8,5.8,4.8,6.9,0.28,21,18,23,0.21,43,-0.16,,,33,24,45,47,0.69,6.9,0.49,12,23,4395:1,0.87,16,30,3317:1,0.78,18,34,2963:1,0.44,4153,1.23,,,5569,2297,3866,37,0.71,,,33,24,38,7371,19,17,21,1.85,13,10,15,8,6,11,4,2,5,1,1,2,0.00,84,81,86,0.88,,,,,,,77,65,89,86,85,87,83,81,85,21180,40,36,45,0.56,9.0,0.66,Yes,1.29,75,13488,72,78,1.42,1,0.53,7135,14068,51,45,56,0.71,30766,36248,85,83,87,0.71,926,22842,4.1,0.37,125686,29211,4.3,-0.33,17,11,24,-0.24,,,14,38,14,249,92,81,104,-0.24,73,51,101,,,,,,,116,87,152,,,,,,,94,80,109,60,11.3,0.04,20,-1.20,
48403,Texas,Sabine,,299,16290,12986,19595,1.51,,,,,,,,,,,,,,,,,,,,,,,,,,,,,4.9,3.9,5.8,0.59,,9,7,11,0.40,,,,,,,,,,,,,,,,,,,,,,6.4,5.2,7.5,1.21,23,20,25,0.65,34,0.71,,,31,,34,75,-0.57,6.3,1.01,2,20,5020:1,0.94,3,30,3369:1,0.78,3,30,3349:1,0.56,2889,0.06,,,9253,,2799,31,1.44,,,33,,31,1343,19,17,22,1.91,15,11,19,12,8,17,1,0,2,1,0,3,0.43,76,68,85,-0.11,,,,,,,,,,,,,,,,3397,36,25,48,0.23,8.2,0.26,Yes,1.29,85,3790,81,89,-0.07,4,-0.55,874,1879,47,35,58,1.08,6766,7746,87,84,91,0.25,245,3603,6.8,2.64,111360,23581,4.7,0.19,30,19,42,1.41,,,16,40,15,66,128,99,162,0.93,,,,,,,,,,,,,,,,,,,,,,12,11.9,-0.08,23,-0.77,
48405,Texas,San Augustine,,250,15177,11829,18524,1.22,,,,,,,,,,,,,,,,,,,,,,,,,,,,,5.4,4.4,6.5,1.47,,8,6,10,-0.26,,,,,,,,,,13,7,18,,,,,,,7,4,9,6.6,5.3,7.9,1.52,28,25,31,1.72,42,-0.06,,,34,46,43,42,0.91,5.1,2.03,2,25,3961:1,0.80,2,26,3917:1,0.80,4,51,1964:1,-0.06,3577,0.69,,,2615,,3691,35,0.96,,,38,,36,1107,20,17,22,1.98,13,8,18,11,6,16,2,0,5,3,1,6,0.10,75,67,83,-0.23,,,,,,,,,,,,,,,,2636,43,33,54,0.78,8.3,0.31,Yes,1.29,79,2378,75,83,0.85,1,0.61,425,1435,30,20,39,2.53,4723,5782,82,77,86,1.30,178,3315,5.4,1.46,94265,16854,5.6,1.28,32,20,43,1.58,,,41,64,29,42,104,75,140,0.13,,,,,,,,,,,,,,,,,,,,,,6,7.6,0.67,27,-0.26,
48407,Texas,San Jacinto,,721,12991,11424,14558,0.65,,,,,,,,,,,,,17021,11399,24445,,,,,,,,,,14371,12360,16381,,4.9,4.1,5.9,0.70,,10,8,11,0.51,8,6,10,,,,,,,17,11,23,,,,,,,9,8,11,6.2,5.1,7.4,0.89,23,20,25,0.65,38,0.33,,,25,17,39,68,-0.26,7.0,0.41,2,7,13939:1,1.30,5,17,5787:1,0.84,1,4,28348:1,1.33,4205,1.27,,,5824,,3779,31,1.44,,,35,,32,4353,20,18,23,2.10,17,13,22,10,6,14,6,4,9,2,0,3,1.04,80,75,85,0.36,,,,,,,,,,,,,,,,10161,60,52,69,2.12,,0.07,Yes,1.29,83,8676,78,88,0.24,6,-1.50,2398,5634,43,34,51,1.42,16587,19644,84,82,87,0.79,587,12580,4.7,0.88,123238,24309,5.1,0.63,26,16,35,0.80,,,47,20,22,149,104,87,121,0.14,,,,,,,,,,78,38,144,,,,,,,124,103,145,11,3.9,1.33,21,-1.13,
48409,Texas,San Patricio,,1336,11605,10736,12474,0.29,11189,10111,12267,,,,,,,,,,,,,,,,,,,,,,12643,11051,14235,,4.8,4.0,5.7,0.53,,9,8,10,0.28,10,9,11,,,,,,,,,,,,,,,,8,7,9,5.7,4.7,6.7,0.00,25,23,28,1.15,40,0.13,,36,24,33,42,73,-0.46,6.0,1.26,16,23,4356:1,0.86,35,50,2019:1,0.70,28,40,2498:1,0.26,2669,-0.15,,,,3201,2117,37,0.71,,24,27,33,39,11131,19,17,21,1.83,17,15,20,11,9,13,6,4,7,2,1,4,1.06,83,81,85,0.82,,,,,,,,,,80,76,84,84,81,88,29340,32,29,36,-0.08,9.7,1.01,Yes,1.29,82,20051,79,84,0.38,1,0.67,9479,18538,51,46,56,0.68,38203,45542,84,82,85,0.89,1433,29808,4.8,0.99,135285,26670,5.1,0.63,26,19,32,0.81,,,3,29,8,238,70,61,79,-1.00,56,45,66,,,,,,,,,,,,,,,,94,77,111,54,7.7,0.66,26,-0.31,
48411,Texas,San Saba,,125,9943,6633,13253,-0.14,,,,,,,,,,,,,,,,,,,,,,,,,,,,,4.7,3.8,5.7,0.40,,7,4,9,-0.74,6,3,10,,,,,,,,,,,,,,,,7,4,11,5.8,4.7,7.1,0.31,22,20,24,0.48,29,1.20,,,,25,29,51,0.52,6.3,1.01,2,34,2914:1,0.55,2,34,2923:1,0.76,1,17,5824:1,0.93,2559,-0.25,,,,,,32,1.32,,,,,,1053,27,24,31,3.00,11,7,16,9,4,13,2,0,3,1,0,3,-0.37,77,69,85,-0.07,,,,,,,,,,73,57,89,77,65,89,2411,30,20,40,-0.25,7.2,-0.24,No,-0.77,88,1848,83,93,-0.59,1,0.48,644,1540,42,28,56,1.48,3474,4112,84,79,90,0.78,84,2221,3.8,0.15,99362,28314,3.5,-1.32,26,16,36,0.85,,,,36,11,20,67,41,104,-1.09,,,,,,,,,,,,,,,,,,,,,,6,10.3,0.20,27,-0.21,
48413,Texas,Schleicher,x,,,,,0.07,,,,,,,,,,,,,,,,,,,,,,,,,,,,,4.6,3.9,5.3,0.14,x,9,5,14,0.47,,,,,,,,,,,,,,,,,,,,,,5.6,5.0,6.4,-0.04,26,24,27,1.26,28,1.29,,,,26,28,81,-0.83,7.6,-0.10,,,,0.28,2,84,1196:1,0.55,0,0,2357:0,1.43,1451,-1.28,,,,,,32,1.32,,,,24,37,424,23,20,26,2.74,5,1,8,4,0,10,1,0,5,0,0,3,-1.90,76,65,87,-0.15,,,,,,,,,,,,,,,,1059,42,25,58,0.67,6.7,-0.49,No,-0.77,72,666,59,86,1.82,2,0.22,348,613,57,40,74,0.19,1376,1698,81,76,86,1.42,41,1170,3.5,-0.08,147744,30226,4.9,0.40,22,14,31,0.39,,,,,,10,76,36,139,-0.81,,,,,,,,,,,,,,,,,,,,,,4,17.0,-0.97,20,-1.25,
48415,Texas,Scurry,,313,11825,10012,13638,0.35,13545,10601,16489,,,,,,,,,,,,,,,,,,,,,,10969,8488,13450,,4.7,3.8,5.7,0.41,,9,7,10,0.17,8,6,10,,,,,,,,,,,,,,,,9,7,11,5.7,4.7,6.8,0.07,25,22,27,1.07,28,1.29,,,,25,29,75,-0.57,7.7,-0.19,10,59,1682:1,-0.15,9,56,1801:1,0.67,9,54,1854:1,-0.15,2670,-0.15,,,,996,2958,23,2.41,,,,14,26,2663,21,18,23,2.25,12,7,17,5,2,8,6,2,9,2,0,4,-0.14,81,77,86,0.57,,,,,,,,,,83,75,91,82,77,88,6790,16,10,22,-1.39,6.5,-0.59,No,-0.77,85,5041,80,90,-0.10,2,0.40,2684,4641,58,48,68,0.10,9279,10893,85,82,88,0.65,259,6324,4.1,0.41,127369,32468,3.9,-0.81,21,14,29,0.28,,,,14,6,82,98,78,122,-0.06,83,56,119,,,,,,,,,,,,,,,,114,84,151,18,10.8,0.12,19,-1.39,
48417,Texas,Shackelford,x,,,,,0.07,,,,,,,,,,,,,,,,,,,,,,,,,,,,,4.0,3.2,4.9,-0.66,x,9,6,13,0.42,,,,,,,,,,,,,,,,,,,,,,5.7,4.6,6.8,0.03,17,16,20,-0.46,43,-0.16,,,,,,78,-0.71,7.6,-0.10,1,31,3212:1,0.63,1,31,3229:1,0.78,0,0,3186:0,1.43,2332,-0.46,,,,,,42,0.11,,,,,,515,21,18,23,2.18,7,2,13,4,0,10,4,0,7,0,0,2,-1.22,77,69,85,0.01,,,,,,,,,,,,,,,,1555,34,24,44,0.07,6.8,-0.44,Yes,1.29,87,1160,81,93,-0.45,1,0.79,379,674,56,43,70,0.24,2035,2202,92,89,96,-0.69,51,1890,2.7,-0.74,128141,23018,5.6,1.25,19,12,26,-0.01,,,,41,12,14,86,47,145,-0.45,,,,,,,,,,,,,,,,,,,,,,9,28.2,-2.94,19,-1.34,
48419,Texas,Shelby,,567,13932,12155,15709,0.90,7678,5060,11171,,,,,,,,,,19960,14774,25146,,,,,,,,,,14597,12109,17085,,5.1,4.2,6.2,0.94,,8,7,9,-0.03,5,3,7,,,,,,,17,13,20,,,,,,,8,6,9,6.2,5.1,7.5,0.85,26,24,29,1.42,40,0.13,,,32,25,41,46,0.74,6.5,0.83,4,17,5985:1,1.03,19,79,1273:1,0.57,7,29,3430:1,0.58,4473,1.52,,,4860,2773,4518,29,1.68,,,31,,30,4346,22,20,25,2.59,15,12,19,8,5,11,7,5,10,2,0,3,0.60,83,79,88,0.83,,,,,,,77,64,89,77,64,90,85,80,91,10072,29,24,34,-0.34,8.8,0.56,Yes,1.29,79,7260,74,84,0.80,1,0.75,2616,5248,50,44,56,0.79,12981,15736,82,80,85,1.15,500,11227,4.5,0.70,109291,21418,5.1,0.67,24,15,33,0.62,65,,63,43,16,121,98,80,115,-0.06,51,26,89,,,,,,,109,69,163,,,,,,,115,92,141,25,10.4,0.18,25,-0.50,
48421,Texas,Sherman,x,,,,,0.07,,,,,,,,,,,,,,,,,,,,,,,,,,,,,4.4,3.7,5.3,-0.04,x,6,3,8,-1.31,,,,,,,,,,,,,,,,,,,,,,5.6,4.7,6.7,-0.08,22,20,24,0.48,32,0.91,,,,18,34,72,-0.42,7.1,0.32,,,,0.28,,,,0.55,0,0,2799:0,1.43,3023,0.18,,,,,,32,1.32,,,,27,33,640,27,24,31,3.00,17,10,25,12,4,20,5,0,9,2,0,4,1.01,74,64,83,-0.42,,,,,,,,,,,,,,,,1128,30,14,45,-0.29,6.0,-0.84,No,-0.77,95,801,92,99,-1.65,3,-0.23,311,584,53,40,67,0.50,1239,1588,78,68,88,1.98,42,1331,3.2,-0.37,135060,37646,3.6,-1.23,18,11,24,-0.19,,,,,,10,68,33,125,-1.06,,,,,,,,,,,,,,,,,,,,,,5,17.9,-1.12,24,-0.70,
48423,Texas,Smith,,3758,9375,8927,9823,-0.29,5513,4781,6246,,,,,,,,,,13692,12366,15018,,,,,,,,,,9727,9105,10349,,4.3,3.5,5.1,-0.32,,8,8,8,-0.16,7,7,8,,,,6,4,9,14,13,15,,,,10,7,13,6,6,7,5.8,4.8,6.8,0.24,21,19,23,0.31,49,-0.74,44,54,43,36,49,69,-0.30,7.4,0.07,234,99,1014:1,-1.23,454,185,540:1,0.11,156,64,1551:1,-0.46,3323,0.46,,2233,5485,1820,3156,43,-0.01,,45,41,30,43,36195,19,17,20,1.75,15,13,16,12,10,13,3,2,4,1,1,1,0.44,79,78,80,0.28,,,,68,57,79,83,79,86,80,76,83,80,78,82,107752,29,27,31,-0.34,8.7,0.51,Yes,1.29,89,72519,88,89,-0.67,2,0.05,39574,61474,64,61,68,-0.46,138578,157478,88,87,89,0.13,4198,115419,3.6,0.03,136902,31529,4.3,-0.28,17,12,22,-0.24,29,1,25,23,9,878,75,70,79,-0.84,40,33,49,,,,,,,75,63,87,,,,,,,89,82,96,290,12.0,-0.09,19,-1.42,
48425,Texas,Somervell,,159,7659,5626,9691,-0.74,,,,,,,,,,,,,,,,,,,,,,,,,,,,,3.9,3.1,4.7,-0.85,,8,6,10,-0.21,7,3,12,,,,,,,,,,,,,,,,8,6,11,5.3,4.3,6.3,-0.58,15,13,17,-1.01,47,-0.55,,,,42,47,79,-0.75,8.5,-0.87,7,74,1353:1,-0.55,5,51,1978:1,0.69,4,41,2439:1,0.23,2041,-0.73,,,,,,52,-1.10,,,,,,1281,16,14,19,1.28,16,8,24,11,4,17,5,0,10,0,0,1,0.64,73,67,80,-0.48,,,,,,,,,,,,,,,,4668,35,24,45,0.10,7.9,0.11,Yes,1.29,89,3156,83,94,-0.65,,0.18,1436,2206,65,52,78,-0.53,6196,6783,91,88,95,-0.49,168,4674,3.6,-0.01,137786,37597,3.7,-1.13,13,8,17,-0.78,,,,5,4,42,90,65,122,-0.32,,,,,,,,,,,,,,,,,,,,,,10,10.2,0.21,25,-0.51,
48427,Texas,Starr,,924,9793,8967,10619,-0.18,,,,,,,,,,,,,,,,,,,,,,,,,,,,,6.0,4.9,7.2,2.30,,10,9,11,0.69,,,,,,,,,,,,,,,,,,,,,,6.1,4.9,7.3,0.72,38,35,41,3.81,30,1.10,,,,29,36,62,0.00,3.0,3.82,17,26,3885:1,0.78,21,32,3140:1,0.77,10,15,6573:1,0.98,4460,1.51,,,,,,19,2.90,,,,19,21,14273,25,22,28,3.14,21,18,25,11,9,14,10,8,12,2,1,3,1.94,72,68,75,-0.73,,,,,,,,,,,,,,,,23444,24,20,28,-0.72,9.7,1.01,Yes,1.29,73,13615,70,76,1.76,1,0.70,8287,16357,51,45,56,0.72,22056,36715,60,57,63,5.30,2286,24458,9.3,4.73,88447,13300,6.7,2.61,37,26,48,2.22,,,9,42,59,131,40,33,47,-1.98,,,,,,,,,,,,,,,,,,,,,,13,2.0,1.66,40,1.56,
48429,Texas,Stephens,,192,11572,9046,14097,0.28,,,,,,,,,,,,,,,,,,,,,,,,,,,,,4.7,3.8,5.7,0.37,,10,8,12,0.76,9,5,12,,,,,,,,,,,,,,,,11,8,14,5.9,4.8,7.1,0.38,24,21,26,0.84,34,0.71,,,,25,35,68,-0.25,6.1,1.18,3,33,3058:1,0.59,6,64,1557:1,0.63,3,32,3130:1,0.49,3628,0.74,,,,7005,3550,29,1.68,,,,31,29,1361,21,18,23,2.23,13,7,20,10,4,17,2,0,4,1,0,3,0.14,74,67,80,-0.47,,,,,,,,,,,,,,,,3796,29,19,39,-0.37,7.0,-0.34,No,-0.77,87,3080,82,91,-0.33,1,0.70,1193,2318,51,41,62,0.65,5287,6345,83,79,88,1.00,154,3993,3.9,0.21,103492,21008,4.9,0.45,26,17,35,0.87,,,,41,6,48,103,76,136,0.10,,,,,,,,,,,,,,,,,,,,,,6,6.4,0.89,22,-0.90,
48431,Texas,Sterling,,,,,,,,,,,,,,,,,,,,,,,,,,,,,,,,,,,3.9,3.4,4.4,,x,11,6,17,,,,,,,,,,,,,,,,,,,,,,,5.4,4.8,5.9,,18,17,19,,39,,,,,20,40,,,5.3,,0,0,1381:0,,,,,,0,0,1417:0,,3145,,,,,,,45,,,,,,,172,14,12,16,,9,1,17,9,0,22,0,0,8,0,0,6,,79,67,91,,,,,,,,,,,,,,,,,547,43,25,60,,6.5,,No,,93,373,88,98,,3,,206,356,58,40,75,,692,787,88,82,94,,20,501,4.0,,165375,39500,4.2,,15,9,20,,,,,,,,,,,,,,,,,,,,,,,,,,,,,,,,,3,21.2,,15,,
48433,Texas,Stonewall,x,,,,,0.07,,,,,,,,,,,,,,,,,,,,,,,,,,,,,4.7,4.1,5.3,0.32,x,13,6,20,2.19,,,,,,,,,,,,,,,,,,,,,,6.0,5.3,6.7,0.59,23,21,24,0.61,13,2.75,,,,,,73,-0.49,7.9,-0.36,1,82,1217:1,-0.77,2,164,609:1,0.20,0,0,1182:0,1.43,2839,0.01,,,,,,31,1.44,,,,,,141,16,14,19,1.28,7,2,13,5,0,16,3,0,9,0,0,5,-1.28,89,81,97,1.56,,,,,,,,,,,,,,,,582,23,7,39,-0.79,6.3,-0.69,No,-0.77,87,413,77,96,-0.37,1,0.61,60,177,34,2,66,2.16,683,808,85,78,91,0.77,22,815,2.7,-0.74,118104,27712,4.3,-0.38,22,14,31,0.42,,,,,,12,186,96,325,2.86,,,,,,,,,,,,,,,,,,,,,,3,25.4,-2.44,23,-0.75,
48435,Texas,Sutton,,74,10626,7061,15357,0.04,,,,,,,,,,,,,,,,,,,,,,,,,,,,,4.9,4.0,6.0,0.71,x,7,4,11,-0.48,,,,,,,,,,,,,,,,,,,,,,5.7,4.6,6.8,0.07,29,26,31,1.86,25,1.58,,,,29,24,87,-1.11,6.9,0.49,4,121,830:1,-1.83,,,,0.55,2,62,1609:1,-0.39,4157,1.23,,,,4997,2648,39,0.47,,,,40,39,544,21,18,24,2.35,13,5,21,6,0,13,6,0,13,1,0,5,0.11,73,61,85,-0.57,,,,,,,,,,,,,,,,1557,19,9,28,-1.15,6.7,-0.49,No,-0.77,74,920,65,84,1.52,2,0.02,386,794,49,32,65,0.90,1732,2145,81,77,85,1.48,60,1040,5.8,1.79,119791,28813,4.2,-0.51,19,12,26,-0.03,,,,,,16,90,51,146,-0.33,,,,,,,,,,,,,,,,,,,,,,6,18.7,-1.26,19,-1.42,
48437,Texas,Swisher,,154,15481,11942,19020,1.30,16220,11640,22004,,,,,,,,,,,,,,,,,,,,,,15072,9754,22250,,5.3,4.3,6.3,1.25,,8,6,11,-0.06,7,4,10,,,,,,,,,,,,,,,,8,4,11,5.9,4.8,7.1,0.45,27,24,30,1.55,26,1.49,,,,25,27,50,0.53,5.1,2.03,1,14,7008:1,1.10,,,,0.55,1,15,6881:1,1.00,1434,-1.29,,,,945,1125,40,0.35,,,,41,40,1423,28,25,31,3.00,14,7,20,10,4,15,3,0,7,1,0,2,0.20,80,73,87,0.38,,,,,,,,,,,,,,,,2594,33,22,43,-0.06,6.3,-0.69,No,-0.77,74,1805,66,81,1.65,1,0.51,626,1703,37,24,49,1.92,3598,4479,80,75,85,1.55,117,2571,4.6,0.78,99880,16752,6.0,1.75,28,18,38,1.11,,,,51,36,37,103,72,141,0.09,109,65,173,,,,,,,,,,,,,,,,107,62,171,11,16.0,-0.79,30,0.20,
48439,Texas,Tarrant,,26325,7833,7702,7965,-0.69,6440,6226,6654,,,,,,3490,3130,3851,,11338,10963,11713,,13334,10017,17398,,,,,,7971,7764,8178,,4.1,3.5,4.8,-0.58,,9,9,9,0.17,8,8,8,6,4,9,9,9,10,14,13,14,7,5,10,9,8,10,7,7,7,5.5,4.8,6.3,-0.19,19,17,21,-0.15,48,-0.64,41,52,36,37,50,94,-1.42,7.5,-0.02,1239,58,1716:1,-0.11,4286,196,509:1,0.06,1373,64,1569:1,-0.44,3447,0.57,3970,2165,5930,3536,3121,48,-0.62,49,41,45,33,50,337288,18,17,19,1.67,17,16,17,13,12,13,4,4,4,1,1,1,0.91,74,73,74,-0.44,71,68,74,67,64,70,73,72,75,74,73,75,75,74,76,1065303,41,40,42,0.62,9.7,1.01,Yes,1.29,93,712172,92,93,-1.26,2,0.34,401412,615561,65,64,66,-0.54,1208415,1387073,87,87,88,0.30,43487,1170758,3.7,0.09,157783,37085,4.3,-0.39,14,12,16,-0.60,12,12,22,19,8,6451,61,59,62,-1.30,40,37,42,55,34,85,28,24,32,73,69,77,,,,,,,77,74,79,1520,7.1,0.77,26,-0.37,
48441,Texas,Taylor,,2482,10985,10385,11585,0.13,10937,9788,12085,,,,,,,,,,15097,12518,17677,,,,,,,,,,11013,10239,11788,,4.4,3.6,5.3,-0.12,,9,9,10,0.30,10,9,11,,,,11,7,14,14,12,15,,,,10,6,14,8,7,8,5.4,4.4,6.5,-0.36,20,18,22,0.12,43,-0.16,,33,29,38,44,83,-0.94,6.7,0.66,96,67,1493:1,-0.35,342,233,429:1,-0.09,128,88,1134:1,-1.15,3551,0.67,,2072,2731,2844,3592,41,0.23,,38,44,29,43,22214,19,17,21,1.78,13,12,15,11,9,12,3,2,3,1,0,1,0.08,79,77,80,0.19,,,,80,64,95,75,66,84,78,75,81,80,77,82,70875,8,7,9,-1.98,7.1,-0.29,Yes,1.29,91,49387,90,92,-0.98,3,-0.02,24352,38614,63,59,67,-0.35,80223,88580,91,90,91,-0.34,2352,70268,3.3,-0.21,124545,28561,4.4,-0.26,15,10,21,-0.46,,6,33,19,9,591,84,77,91,-0.53,64,52,76,,,,,,,97,73,128,,,,,,,96,86,105,186,12.8,-0.24,21,-1.05,
48443,Texas,Terrell,,,,,,,,,,,,,,,,,,,,,,,,,,,,,,,,,,,3.6,2.9,4.3,,,,,,,,,,,,,,,,,,,,,,,,,,,,5.0,4.0,6.0,,17,15,19,,21,,,,,5,24,,,3.7,,0,0,724:0,,0,0,687:0,,0,0,693:0,,,,,,,,,16,,,,,,,88,19,16,22,,14,1,27,12,0,29,1,0,9,1,0,6,,73,49,98,,,,,,,,,,,,,,,,,331,14,0,56,,6.4,,No,,83,374,66,99,,3,,69,82,84,9,100,,663,705,94,85,100,,13,374,3.5,,85269,27325,3.1,,22,13,30,,,,,,,,,,,,,,,,,,,,,,,,,,,,,,,,,0,0.0,,34,,
48445,Texas,Terry,,273,13280,11017,15543,0.73,15168,11928,18407,,,,,,,,,,,,,,,,,,,,,,10596,7352,13839,,5.3,4.4,6.4,1.28,,8,7,10,-0.10,9,7,11,,,,,,,,,,,,,,,,7,4,9,6.1,4.9,7.3,0.70,30,27,33,2.26,40,0.13,,,,32,42,49,0.59,4.9,2.20,4,34,2939:1,0.55,1,9,11547:1,0.87,6,52,1928:1,-0.09,4327,1.39,,,25000,3020,3760,24,2.29,,,,22,24,2140,24,21,27,2.84,18,11,25,13,7,19,3,0,5,2,0,5,1.21,80,74,86,0.43,,,,,,,,,,84,75,92,80,50,100,4812,30,21,40,-0.23,5.9,-0.89,Yes,1.29,87,3696,82,91,-0.33,1,0.77,1459,3084,47,35,59,1.01,5743,7387,78,74,82,2.03,180,4607,3.9,0.25,105890,21577,4.9,0.43,29,18,40,1.28,,,34,47,6,50,83,62,110,-0.55,73,47,108,,,,,,,,,,,,,,,,106,68,158,9,7.8,0.64,35,0.91,
48447,Texas,Throckmorton,x,,,,,0.07,,,,,,,,,,,,,,,,,,,,,,,,,,,,,4.7,4.1,5.2,0.29,,,,,-0.06,,,,,,,,,,,,,,,,,,,,,,6.1,5.4,6.7,0.72,19,18,20,-0.17,18,2.26,,,,,,57,0.26,4.4,2.63,1,67,1495:1,-0.35,1,66,1526:1,0.63,0,0,1550:0,1.43,3760,0.86,,,,,,33,1.20,,,,,,223,19,17,22,1.93,10,4,17,9,0,18,0,0,5,2,0,6,-0.54,80,69,91,0.37,,,,,,,,,,,,,,,,724,31,17,46,-0.15,6.8,-0.44,Yes,1.29,83,569,75,91,0.22,3,-0.06,272,367,74,55,93,-1.30,1054,1137,93,74,100,-0.74,24,676,3.6,-0.04,106750,27508,3.9,-0.86,21,13,29,0.23,,,,82,12,,,,,-0.41,,,,,,,,,,,,,,,,,,,,,,3,19.4,-1.38,26,-0.43,
48449,Texas,Titus,,526,9788,8594,10982,-0.18,5564,4346,7019,,,,,,,,,,19972,14512,26812,,,,,,,,,,12480,10233,14727,,5.1,4.2,6.1,0.99,,7,6,8,-0.48,7,6,8,,,,,,,12,8,16,,,,,,,6,5,8,6.1,5.0,7.4,0.82,26,24,29,1.40,32,0.91,,,27,20,34,52,0.47,6.1,1.18,13,42,2399:1,0.34,29,92,1081:1,0.51,21,67,1486:1,-0.54,2513,-0.29,,,2892,1081,2471,31,1.44,,,34,7,34,6323,24,22,27,2.97,21,18,23,10,8,13,10,8,13,2,1,3,1.75,77,73,81,-0.01,,,,,,,90,82,98,72,66,79,85,81,89,13356,18,15,21,-1.24,8.8,0.56,No,-0.77,84,9280,81,87,0.01,3,0.02,3414,7621,45,39,51,1.22,15095,19576,77,75,79,2.15,577,13708,4.2,0.50,109997,24589,4.5,-0.12,20,13,27,0.15,,,5,29,16,116,72,59,85,-0.93,24,14,38,,,,,,,103,58,170,,,,,,,118,94,147,31,9.9,0.27,22,-0.88,
48451,Texas,Tom Green,,1954,9679,9063,10294,-0.21,8770,7900,9639,,,,,,,,,,19916,15069,24763,,,,,,,,,,10176,9252,11100,,4.3,3.5,5.2,-0.29,,8,8,9,0.00,8,8,9,,,,11,6,16,12,8,16,,,,,,,8,7,9,5.5,4.5,6.7,-0.19,23,20,25,0.63,51,-0.93,,41,41,47,53,83,-0.93,7.0,0.41,86,72,1389:1,-0.49,257,216,463:1,-0.02,77,65,1544:1,-0.47,3974,1.06,,,7832,4143,3762,49,-0.74,,26,45,45,51,17370,18,16,20,1.65,14,12,16,11,9,12,3,2,4,1,1,2,0.33,75,72,78,-0.28,,,,,,,80,70,90,75,72,79,76,73,80,56819,12,10,14,-1.66,6.9,-0.39,Yes,1.29,87,39911,85,88,-0.34,2,0.25,20663,32955,63,58,67,-0.32,68249,78305,87,86,88,0.29,1977,56492,3.5,-0.08,125850,28905,4.4,-0.27,17,12,22,-0.24,,,35,18,6,410,69,62,75,-1.03,48,39,56,,,,,,,121,79,178,,,,,,,85,75,95,133,11.2,0.05,20,-1.26,
48453,Texas,Travis,,11382,5698,5556,5840,-1.25,6045,5798,6291,,,,,,2482,2125,2840,,10038,9359,10717,,,,,,,,,,5319,5117,5521,,3.5,3.0,4.2,-1.39,,7,7,8,-0.44,7,7,8,10,5,15,9,9,10,14,13,14,,,,8,7,10,6,6,6,5.3,4.6,6.0,-0.57,17,15,19,-0.55,54,-1.22,33,55,36,40,57,92,-1.33,7.7,-0.19,1093,84,1194:1,-0.82,5382,403,248:1,-0.83,1010,76,1313:1,-0.80,2306,-0.48,,1335,4224,2833,2006,43,-0.01,,34,36,32,45,148861,13,12,14,0.51,18,18,19,15,14,15,4,4,4,1,1,1,1.23,60,59,61,-2.30,72,64,79,56,54,58,70,68,72,68,66,70,63,62,64,736639,37,36,38,0.27,9.6,0.96,Yes,1.29,93,523813,93,94,-1.36,2,0.41,380335,474976,80,79,81,-1.82,844599,922677,92,91,92,-0.52,28012,857916,3.3,-0.28,194658,42371,4.6,0.03,12,9,15,-0.87,32,9,17,22,5,4209,65,63,67,-1.15,49,46,52,77,40,134,25,21,29,89,81,97,,,,,,,81,78,84,1168,8.8,0.47,25,-0.55,
48455,Texas,Trinity,,415,13131,10846,15416,0.69,,,,,,,,,,,,,,,,,,,,,,,,,,,,,4.8,3.9,5.8,0.49,,9,7,11,0.33,,,,,,,,,,13,5,20,,,,,,,10,7,12,6.0,4.9,7.2,0.59,21,19,24,0.35,38,0.33,,,33,23,38,84,-0.98,6.6,0.75,2,14,6914:1,1.09,6,42,2371:1,0.73,1,7,13996:1,1.22,4243,1.31,,,1034,,4212,30,1.56,,,32,,31,1795,18,15,20,1.54,12,8,16,7,4,9,4,1,7,3,1,5,-0.19,87,83,90,1.25,,,,,,,,,,,,,,,,4913,58,49,67,1.94,8.5,0.41,Yes,1.29,84,5087,80,89,0.01,2,0.29,1462,2595,56,46,67,0.23,9006,10123,89,86,92,-0.05,263,5302,5.0,1.12,107716,21072,5.1,0.68,29,18,39,1.18,,,60,43,16,77,107,84,133,0.23,,,,,,,,,,,,,,,,,,,,,,17,12.1,-0.12,28,-0.13,
48457,Texas,Tyler,,513,14227,12204,16250,0.98,,,,,,,,,,,,,,,,,,,,,,,,,,,,,5.0,4.1,6.1,0.86,,8,7,9,-0.18,,,,,,,,,,13,6,20,,,,,,,8,6,10,6.2,5.0,7.5,0.93,23,20,25,0.63,31,1.00,,,28,,31,52,0.46,5.3,1.86,5,25,4015:1,0.81,7,34,2912:1,0.76,2,10,10015:1,1.14,3281,0.42,,,,,,27,1.93,,,24,,28,2596,19,17,22,1.88,13,9,16,9,6,12,4,2,6,0,0,1,-0.06,76,72,80,-0.12,,,,,,,,,,,,,,,,6525,43,35,50,0.73,8.4,0.36,Yes,1.29,81,5761,79,84,0.44,1,0.53,1747,5018,35,28,41,2.09,12152,14621,83,80,86,1.04,415,7104,5.8,1.85,117789,22489,5.2,0.84,24,15,33,0.59,,,67,8,31,118,112,92,133,0.42,,,,,,,,,,107,56,188,,,,,,,117,95,142,26,13.0,-0.27,25,-0.51,
48459,Texas,Upshur,,933,10968,9854,12081,0.12,,,,,,,,,,,,,12935,8789,18360,,,,,,,,,,11430,10134,12726,,4.7,3.8,5.7,0.42,,8,7,9,-0.31,8,6,11,,,,,,,17,12,22,,,,,,,7,6,8,6.3,5.2,7.5,1.14,23,21,26,0.79,42,-0.06,,,41,20,43,34,1.27,7.2,0.24,9,22,4642:1,0.90,20,46,2164:1,0.71,6,14,7081:1,1.02,2931,0.09,,,1608,,2978,34,1.08,,,29,,34,5991,17,15,20,1.52,15,12,17,11,9,13,3,2,5,1,0,2,0.41,83,81,86,0.83,,,,,,,,,,78,67,88,77,71,83,16999,51,45,56,1.35,8.9,0.61,No,-0.77,88,13496,86,90,-0.52,1,0.65,5923,10250,58,51,64,0.10,24883,28653,87,85,88,0.35,769,18174,4.2,0.52,124025,25378,4.9,0.40,19,11,26,-0.05,,,28,17,14,188,90,77,103,-0.33,,,,,,,,,,68,34,122,,,,,,,102,87,117,26,6.1,0.94,22,-1.00,
48461,Texas,Upton,,56,10947,7331,15721,0.12,,,,,,,,,,,,,,,,,,,,,,,,,,,,,5.0,4.5,5.7,0.84,,10,6,13,0.60,9,5,13,,,,,,,,,,,,,,,,11,5,17,5.8,5.2,6.5,0.31,29,27,30,1.88,13,2.75,,,,10,13,67,-0.21,6.9,0.49,,,,0.28,,,,0.55,0,0,3152:0,1.43,2138,-0.64,,,,,,21,2.65,,,,20,23,507,20,17,22,1.99,6,2,10,5,0,10,2,0,4,0,0,2,-1.57,84,79,89,0.90,,,,,,,,,,77,63,91,89,76,100,1356,35,22,48,0.14,6.8,-0.44,No,-0.77,75,995,68,82,1.42,10,-3.00,291,795,37,22,51,1.93,1813,2225,81,74,89,1.34,56,3269,1.7,-1.56,114609,19706,5.8,1.56,22,14,29,0.31,,,,12,23,18,104,61,164,0.13,,,,,,,,,,,,,,,,,,,,,,0,0.0,2.01,27,-0.16,
48463,Texas,Uvalde,,507,13124,11496,14752,0.69,13321,11446,15197,,,,,,,,,,,,,,,,,,,,,,14363,10548,18178,,5.1,4.2,6.1,0.97,,8,7,9,-0.13,8,7,9,,,,,,,,,,,,,,,,7,5,9,5.7,4.7,6.7,0.03,27,25,30,1.59,31,1.00,,,,29,32,60,0.09,4.0,2.97,8,32,3091:1,0.60,21,84,1189:1,0.55,9,36,2771:1,0.37,2662,-0.16,,,,3497,1730,30,1.56,,,,19,39,4597,23,20,26,2.70,13,9,18,9,5,13,3,1,6,2,0,4,0.10,80,75,85,0.37,,,,,,,,,,79,74,84,84,77,91,10240,15,10,20,-1.47,7.9,0.11,Yes,1.29,84,7116,81,88,-0.02,2,0.30,3883,6484,60,50,69,-0.08,12138,15508,78,75,82,1.93,474,11269,4.2,0.50,99894,19614,5.1,0.66,32,21,44,1.65,,79,74,34,17,121,93,76,110,-0.22,79,62,99,,,,,,,,,,,,,,,,134,98,181,31,12.4,-0.17,29,0.01,
48465,Texas,Val Verde,,709,9199,8303,10095,-0.34,9903,8872,10933,,,,,,,,,,,,,,,,,,,,,,6801,4872,8730,,4.9,3.9,5.9,0.64,,7,6,7,-0.85,7,6,7,,,,,,,,,,,,,,,,5,3,7,5.5,4.4,6.7,-0.26,29,27,32,2.03,30,1.10,,43,27,29,31,69,-0.29,5.2,1.94,16,34,2973:1,0.57,31,65,1539:1,0.63,14,29,3400:1,0.57,2572,-0.24,,,,2626,2141,31,1.44,,45,29,28,38,8356,21,19,24,2.38,21,17,25,11,8,14,10,7,13,1,0,2,1.80,79,75,83,0.23,,,,,,,,,,80,75,85,74,67,82,20706,12,9,16,-1.65,7.5,-0.09,Yes,1.29,76,12666,71,80,1.31,1,0.73,6799,12757,53,46,60,0.49,21762,28989,75,72,78,2.53,1212,22215,5.5,1.53,116396,22515,5.2,0.75,30,22,39,1.37,,,,23,9,136,56,47,66,-1.46,52,42,62,,,,,,,,,,,,,,,,86,58,122,36,7.6,0.68,25,-0.54,
48467,Texas,Van Zandt,,1277,10899,9944,11855,0.11,6968,5000,9452,,,,,,,,,,,,,,,,,,,,,,11567,10462,12671,,4.6,3.7,5.5,0.21,,7,6,8,-0.60,7,6,9,,,,,,,11,4,17,,,,,,,7,6,8,6.1,5.0,7.3,0.74,22,19,24,0.44,35,0.62,,,35,25,35,49,0.60,6.9,0.49,5,8,12255:1,1.27,26,41,2462:1,0.73,13,21,4835:1,0.82,3111,0.26,,,3997,1395,3030,40,0.35,,,46,36,40,9597,19,17,21,1.90,12,11,14,8,6,10,3,2,4,2,1,2,-0.10,78,75,81,0.10,,,,,,,,,,70,60,79,70,65,75,25907,53,47,58,1.53,8.3,0.31,No,-0.77,84,18846,80,87,0.12,2,0.39,7980,13973,57,51,63,0.16,37219,42627,87,86,89,0.26,1016,28676,3.5,-0.05,130225,29099,4.5,-0.12,17,11,23,-0.27,,,5,15,15,280,95,84,106,-0.16,58,36,88,,,,,,,,,,,,,,,,103,90,116,58,9.2,0.39,20,-1.22,
48469,Texas,Victoria,,1564,10171,9448,10894,-0.08,10940,9912,11969,,,,,,,,,,18139,13920,22358,,,,,,,,,,9185,8044,10326,,4.6,3.7,5.5,0.16,,9,8,9,0.08,9,8,10,,,,,,,14,11,17,,,,,,,7,6,8,5.8,4.8,7.0,0.31,25,22,27,1.03,48,-0.64,,55,37,47,49,75,-0.58,6.6,0.75,66,73,1378:1,-0.51,164,179,559:1,0.14,54,59,1686:1,-0.31,4138,1.21,,,8523,5295,3560,41,0.23,,50,43,36,43,14255,19,17,21,1.88,14,13,16,11,9,12,3,2,4,1,1,2,0.32,80,78,83,0.45,,,,,,,81,74,89,79,75,83,83,80,86,41376,25,21,28,-0.69,9.0,0.66,Yes,1.29,80,27416,79,82,0.62,1,0.48,14022,23820,59,54,64,0.01,51036,60004,85,83,87,0.68,1682,41477,4.1,0.37,130841,27380,4.8,0.26,20,13,27,0.12,,,41,26,15,312,68,61,76,-1.06,54,44,64,,,,,,,73,44,114,,,,,,,86,73,99,85,9.3,0.37,19,-1.36,
48471,Texas,Walker,,1089,8101,7342,8860,-0.62,5626,4412,6840,,,,,,,,,,11022,8749,13295,,,,,,,,,,8284,7285,9282,,4.8,3.9,5.7,0.44,,9,8,10,0.23,7,6,9,,,,,,,14,12,17,,,,,,,7,6,8,5.8,4.7,7.0,0.31,24,22,27,0.98,42,-0.06,,41,33,27,43,74,-0.53,7.3,0.15,21,27,3713:1,0.75,51,63,1593:1,0.64,30,38,2629:1,0.32,3500,0.62,,,3757,2959,3460,36,0.84,,35,34,31,36,9083,19,16,21,1.77,20,17,24,17,14,21,3,2,4,1,1,2,1.71,78,74,82,0.17,,,,,,,81,68,94,71,65,78,81,76,86,29429,36,30,41,0.19,8.7,0.51,Yes,1.29,85,21397,82,88,-0.09,2,0.22,11044,22385,49,44,55,0.83,44414,52398,85,83,86,0.73,1114,24262,4.6,0.82,101280,21497,4.7,0.18,23,15,30,0.44,,,33,17,5,214,57,49,65,-1.42,36,24,54,,,,,,,33,22,47,,,,,,,76,64,88,47,6.0,0.96,34,0.77,
48473,Texas,Waller,,798,8936,8074,9797,-0.41,8238,6797,9678,,,,,,,,,,13790,10946,16633,,,,,,,,,,8713,7401,10026,,4.2,3.4,5.1,-0.42,,8,7,8,-0.33,7,6,8,,,,9,5,13,11,9,14,,,,,,,8,6,9,5.5,4.5,6.6,-0.30,22,19,24,0.40,42,-0.06,,57,37,33,44,29,1.47,7.3,0.15,7,12,8540:1,1.17,20,31,3178:1,0.77,9,15,6877:1,1.00,3103,0.25,,,3599,923,3204,37,0.71,,47,35,27,38,8810,18,16,20,1.69,15,11,19,10,7,13,5,3,8,1,0,2,0.51,78,75,82,0.19,,,,69,52,86,79,68,90,78,70,85,76,69,82,26216,54,47,61,1.64,9.7,1.01,Yes,1.29,87,15595,83,90,-0.36,,0.18,8998,15207,59,52,66,-0.02,28759,34260,84,81,86,0.88,1198,26291,4.6,0.79,158216,36140,4.4,-0.24,19,13,24,-0.06,,,25,26,4,195,68,58,77,-1.07,43,31,59,,,,,,,51,35,71,,,,,,,99,81,117,26,4.2,1.27,25,-0.51,
48475,Texas,Ward,,209,12790,10433,15148,0.60,10997,8350,14216,,,,,,,,,,,,,,,,,,,,,,15677,11254,20100,,4.7,3.9,5.7,0.41,,8,7,10,-0.08,8,6,10,,,,,,,,,,,,,,,,9,6,11,5.7,4.6,6.7,0.01,26,24,29,1.36,24,1.68,,,,26,23,86,-1.04,7.8,-0.27,1,9,11194:1,1.25,2,18,5483:1,0.83,,,,0.41,3752,0.85,,,,2561,4197,23,2.41,,,,19,25,2185,23,21,26,2.78,15,10,20,9,5,14,5,2,7,2,0,4,0.60,86,81,90,1.14,,,,,,,,,,86,79,92,92,89,94,5074,29,21,37,-0.33,6.9,-0.39,No,-0.77,82,3560,77,87,0.37,1,0.65,1367,3156,43,33,54,1.35,5771,7121,81,77,85,1.42,199,6567,3.0,-0.47,143162,33272,4.3,-0.33,19,12,25,-0.04,,,,26,9,61,105,80,135,0.18,74,48,110,,,,,,,,,,,,,,,,151,104,213,8,7.3,0.73,25,-0.56,
48477,Texas,Washington,,571,8785,7579,9991,-0.45,5263,3497,7607,,,,,,,,,,18475,13934,23016,,,,,,,,,,7664,6220,9109,,4.1,3.4,4.8,-0.60,,8,7,9,-0.06,8,6,10,,,,,,,15,12,18,,,,,,,6,5,7,5.6,4.6,6.6,-0.08,19,17,21,-0.06,40,0.13,,26,34,32,42,57,0.22,7.5,-0.02,22,61,1631:1,-0.20,33,89,1121:1,0.53,18,50,2009:1,-0.03,2429,-0.37,,,4369,2985,2233,45,-0.26,,25,41,28,46,4194,16,14,18,1.27,14,11,17,10,7,13,4,2,5,2,1,3,0.29,77,73,82,0.04,,,,,,,79,70,88,77,69,84,80,74,86,16460,24,19,29,-0.74,8.6,0.46,Yes,1.29,83,12645,80,86,0.24,3,-0.10,4581,7671,60,52,68,-0.06,22230,24595,90,89,92,-0.31,628,15921,3.9,0.28,137066,29041,4.7,0.19,20,14,26,0.16,,,42,15,5,130,73,60,85,-0.90,,,,,,,,,,119,83,166,,,,,,,77,61,95,54,14.9,-0.61,24,-0.65,
48479,Texas,Webb,,3248,8920,8534,9306,-0.41,9120,8722,9519,,,,,,,,,,,,,,,,,,,,,,7155,4379,9931,,5.0,4.1,6.1,0.85,,8,8,9,-0.10,8,8,8,,,,22,13,31,,,,,,,,,,9,6,12,5.2,4.2,6.4,-0.68,26,24,29,1.42,36,0.52,,38,8,37,27,92,-1.32,6.1,1.18,82,31,3268:1,0.65,158,59,1703:1,0.66,86,32,3114:1,0.49,3493,0.61,,,,3692,2006,25,2.17,,19,,26,17,63395,27,25,29,3.59,24,22,25,14,13,16,10,9,12,2,1,2,2.46,79,78,81,0.29,,,,,,,,,,79,78,81,78,71,85,112098,23,21,25,-0.84,10.2,1.26,Yes,1.29,84,67000,83,85,0.02,1,0.76,37303,70002,53,51,56,0.49,106348,152386,70,69,71,3.51,4818,120663,4.0,0.32,119998,24118,5.0,0.51,32,26,37,1.55,12,33,,28,32,604,44,41,48,-1.85,45,41,48,,,,,,,,,,,,,,,,41,25,63,100,3.7,1.35,23,-0.76,
48481,Texas,Wharton,,818,11245,10082,12408,0.20,10385,8758,12012,,,,,,,,,,19052,14757,23347,,,,,,,,,,10177,8362,11992,,4.7,3.8,5.6,0.33,,9,8,10,0.32,9,7,10,,,,,,,17,13,20,,,,,,,7,6,9,5.7,4.6,6.8,0.00,24,22,27,0.92,38,0.33,,,28,30,40,54,0.36,7.3,0.15,16,38,2608:1,0.44,25,60,1670:1,0.65,23,55,1818:1,-0.18,5141,2.14,,,7201,6935,4090,33,1.20,,,27,23,36,6969,21,18,23,2.20,19,15,22,11,8,14,6,4,8,2,1,3,1.30,80,77,84,0.44,,,,,,,68,56,80,79,74,84,83,79,87,17965,34,29,39,0.06,9.2,0.76,No,-0.77,81,12539,77,85,0.47,4,-0.82,5840,10488,56,49,63,0.29,23150,27578,84,82,86,0.88,836,21704,3.9,0.21,129573,24275,5.3,0.96,21,13,29,0.28,,,39,14,5,181,87,74,100,-0.43,62,47,81,,,,,,,81,50,124,,,,,,,116,93,138,62,14.8,-0.59,32,0.48,
48483,Texas,Wheeler,,127,13275,9543,17006,0.73,,,,,,,,,,,,,,,,,,,,,,,,,,,,,4.9,4.0,5.9,0.67,,7,4,10,-0.67,,,,,,,,,,,,,,,,,,,,,,6.1,5.0,7.3,0.79,24,21,26,0.84,32,0.91,,,,33,33,40,0.99,7.1,0.32,1,20,4927:1,0.93,4,83,1201:1,0.55,1,21,4807:1,0.82,2990,0.15,,,,,,27,1.93,,,,,,963,26,23,29,3.00,11,7,15,6,2,11,4,1,7,0,0,2,-0.45,77,69,84,-0.07,,,,,,,,,,,,,,,,2295,34,25,43,0.08,6.6,-0.54,No,-0.77,84,1554,78,90,0.05,1,0.77,669,1192,56,45,67,0.25,2955,3372,88,85,90,0.20,76,2069,3.7,0.06,118016,29183,4.0,-0.65,21,13,29,0.23,,,,13,14,30,120,81,172,0.68,,,,,,,,,,,,,,,,,,,,,,11,22.9,-2.00,29,0.01,
48485,Texas,Wichita,,2577,11092,10473,11711,0.16,9244,7995,10493,,,,,,,,,,13753,11613,15892,,,,,,,,,,11621,10823,12419,,4.5,3.7,5.4,0.08,,8,7,9,-0.20,7,6,8,,,,9,5,13,15,13,17,,,,10,7,13,7,6,8,5.9,4.8,7.0,0.35,21,18,23,0.21,43,-0.16,43,41,34,32,45,71,-0.37,6.5,0.83,108,83,1204:1,-0.80,288,221,452:1,-0.04,105,81,1238:1,-0.93,3674,0.78,16708,,4852,5345,3444,41,0.23,,37,43,33,42,16720,17,15,19,1.37,14,13,16,12,11,13,2,1,3,1,1,2,0.33,73,72,75,-0.53,82,43,100,58,47,69,68,61,75,71,67,76,77,75,79,62860,8,6,9,-2.02,8.1,0.21,No,-0.77,87,42518,86,88,-0.39,1,0.68,20971,35314,59,56,63,-0.03,73913,83956,88,87,89,0.13,2176,55822,3.9,0.24,121576,26264,4.6,0.08,24,19,29,0.57,3,3,35,28,17,563,86,79,93,-0.47,56,44,71,,,,,,,78,59,102,,,,,,,100,91,110,131,10.1,0.24,22,-0.90,
48487,Texas,Wilbarger,,304,13359,11017,15701,0.75,12245,8708,16740,,,,,,,,,,,,,,,,,,,,,,14699,11102,18296,,5.3,4.5,6.3,1.31,,8,7,10,-0.02,9,6,12,,,,,,,18,9,27,,,,,,,6,4,8,6.3,5.2,7.4,1.01,27,25,30,1.61,46,-0.45,,,26,40,48,81,-0.85,5.1,2.03,4,31,3183:1,0.63,24,192,522:1,0.08,5,40,2498:1,0.26,3740,0.84,,,,3242,3301,31,1.44,,,,33,31,2075,21,18,24,2.26,15,10,20,11,6,16,2,0,4,5,2,8,0.55,81,73,88,0.47,,,,,,,,,,78,65,91,79,71,87,5463,15,9,21,-1.44,7.0,-0.34,Yes,1.29,78,3693,73,83,0.98,1,0.78,1470,3142,47,36,57,1.05,7022,8638,81,77,86,1.37,246,4968,5.0,1.11,109000,20203,5.4,1.04,25,17,33,0.74,,,10,26,34,58,92,70,118,-0.28,,,,,,,,,,,,,,,,,,,,,,15,12.0,-0.10,26,-0.41,
48489,Texas,Willacy,,374,11567,9954,13179,0.28,,,,,,,,,,,,,,,,,,,,,,,,,,,,,5.8,5.0,6.5,2.00,,8,7,9,-0.14,,,,,,,,,,,,,,,,,,,,,,6.1,5.4,6.8,0.74,37,35,39,3.60,43,-0.16,,,,43,43,62,0.00,3.6,3.31,8,39,2540:1,0.41,9,45,2226:1,0.72,1,5,20143:1,1.28,3725,0.83,,,,4409,1461,20,2.78,,,,19,18,3134,22,19,24,2.41,22,16,28,10,6,14,11,6,15,3,1,6,2.06,81,76,85,0.49,,,,,,,,,,77,71,84,75,57,93,8134,27,20,34,-0.50,11.2,1.76,No,-0.77,75,4263,71,80,1.40,,0.18,1981,5827,34,26,42,2.16,8757,12929,68,64,72,3.89,554,7118,7.8,3.45,102224,16105,6.3,2.23,35,22,48,1.96,,,,30,12,56,54,40,70,-1.54,,,,,,,,,,,,,,,,,,,,,,7,3.5,1.40,36,1.10,
48491,Texas,Williamson,,5263,5175,4977,5373,-1.39,4644,4284,5003,,,,,,2303,1837,2768,,7422,6500,8343,,,,,,,,,,5732,5441,6022,,3.5,2.9,4.2,-1.43,,7,7,8,-0.47,7,7,8,,,,9,8,9,13,12,14,,,,9,7,11,6,6,7,5.3,4.5,6.1,-0.62,15,14,17,-0.96,52,-1.03,44,54,38,41,53,92,-1.31,7.8,-0.27,439,68,1465:1,-0.39,1244,178,560:1,0.14,410,61,1638:1,-0.36,2173,-0.61,,1252,3911,2333,2035,46,-0.38,67,39,39,37,47,60940,10,9,11,0.00,13,12,14,10,9,11,3,3,3,1,1,1,0.06,66,65,67,-1.47,73,58,88,42,39,46,69,61,76,63,60,66,62,60,63,337809,45,43,46,0.90,9.5,0.91,No,-0.77,95,230852,95,96,-1.70,2,0.11,157901,199795,79,77,81,-1.73,410413,435869,94,94,95,-1.01,12914,380582,3.4,-0.17,191375,52420,3.7,-1.15,7,5,9,-1.46,17,3,18,10,4,1449,47,44,49,-1.76,31,27,35,,,,14,10,19,45,37,56,,,,,,,61,57,65,403,6.0,0.96,19,-1.36,
48493,Texas,Wilson,,792,8131,7242,9020,-0.62,8529,7157,9901,,,,,,,,,,,,,,,,,,,,,,8191,6934,9449,,4.1,3.3,4.9,-0.58,,8,7,9,-0.27,9,8,11,,,,,,,,,,,,,,,,7,6,8,5.5,4.5,6.5,-0.25,22,19,24,0.40,33,0.81,,44,23,36,33,66,-0.14,8.2,-0.61,24,47,2136:1,0.20,27,50,2007:1,0.70,13,25,4057:1,0.71,2806,-0.02,,,,3474,2706,36,0.84,,,,31,38,6556,15,13,17,0.98,15,12,18,9,6,11,6,4,8,0,0,1,0.46,77,75,80,-0.01,,,,,,,,,,68,60,77,66,61,70,23816,61,56,66,2.20,8.6,0.46,No,-0.77,87,15448,85,89,-0.38,2,0.35,8206,12538,65,59,72,-0.56,31679,35353,90,88,91,-0.17,848,26609,3.2,-0.34,167206,39649,4.2,-0.44,14,10,18,-0.64,,,,13,11,185,72,62,82,-0.93,69,54,87,,,,,,,,,,,,,,,,77,62,91,32,6.1,0.95,21,-1.06,
48495,Texas,Winkler,,153,14258,11188,17327,0.98,10650,7573,14559,,,,,,,,,,,,,,,,,,,,,,21962,15617,30023,,4.6,4.0,5.1,0.15,,11,9,13,1.29,11,8,13,,,,,,,,,,,,,,,,13,8,17,5.4,4.9,6.1,-0.33,26,25,28,1.42,18,2.26,,,,20,16,98,-1.57,8.2,-0.61,2,27,3708:1,0.75,,,,0.55,2,27,3653:1,0.63,4019,1.10,,,,4806,2966,14,3.00,,,,12,15,1238,20,17,22,2.00,12,4,19,5,0,9,4,0,8,3,0,7,-0.29,90,88,93,1.73,,,,,,,,,,88,82,94,89,79,99,3483,38,27,48,0.34,6.9,-0.39,No,-0.77,89,2472,84,93,-0.69,2,0.17,830,2007,41,32,51,1.52,3468,4697,74,67,81,2.76,143,4188,3.4,-0.15,141722,40277,3.5,-1.31,18,11,24,-0.18,,,,13,24,65,170,131,216,2.32,100,64,149,,,,,,,,,,,,,,,,300,212,412,5,6.8,0.81,24,-0.67,
48497,Texas,Wise,,1208,8574,7828,9320,-0.50,6607,5176,8038,,,,,,,,,,,,,,,,,,,,,,9339,8419,10259,,4.3,3.6,5.2,-0.18,,7,6,7,-0.82,7,6,8,,,,,,,14,6,22,,,,,,,6,6,7,5.7,4.7,6.6,0.01,21,19,23,0.33,41,0.04,,,25,33,41,38,1.06,7.9,-0.36,27,38,2656:1,0.45,57,73,1370:1,0.60,16,21,4681:1,0.80,3712,0.82,,,,2899,3622,38,0.59,,,,23,38,11243,18,16,20,1.61,13,12,15,9,7,10,5,3,6,1,1,2,0.12,77,74,80,-0.02,,,,,,,,,,76,72,80,76,73,78,34271,52,49,56,1.49,8.7,0.51,Yes,1.29,89,21757,86,91,-0.63,1,0.84,10506,18311,57,52,62,0.14,42440,48985,87,85,88,0.38,1285,35165,3.7,0.04,168019,40607,4.1,-0.54,12,8,16,-0.85,,9,,18,10,308,87,77,96,-0.44,58,42,78,,,,,,,,,,,,,,,,97,85,108,77,10.3,0.21,22,-0.95,
48499,Texas,Wood,,1124,11592,10349,12835,0.29,7337,4835,10675,,,,,,,,,,,,,,,,,,,,,,12250,10787,13712,,4.4,3.7,5.4,-0.04,,7,6,8,-0.59,8,6,10,,,,,,,15,7,23,,,,21,10,33,6,5,7,5.9,4.9,7.1,0.45,20,18,22,0.04,37,0.42,,38,38,30,37,37,1.12,6.8,0.58,15,33,3058:1,0.59,28,58,1711:1,0.66,17,36,2756:1,0.37,2543,-0.27,,,,1031,2519,37,0.71,,,26,33,37,6464,20,18,22,2.03,13,11,16,10,8,12,2,1,3,3,2,4,0.14,75,73,78,-0.21,,,,,,,,,,71,55,86,73,69,78,17248,46,40,52,1.03,8.6,0.46,No,-0.77,86,15664,84,88,-0.25,1,0.62,4729,9014,52,46,59,0.56,29277,33759,87,85,89,0.37,809,18471,4.4,0.64,122121,26631,4.6,0.02,22,15,29,0.37,,,6,11,17,224,98,85,110,-0.08,49,25,85,,,,,,,,,,,,,,,,109,94,124,68,14.5,-0.54,23,-0.85,
48501,Texas,Yoakum,,128,12474,9633,15315,0.52,,,,,,,,,,,,,,,,,,,,,,,,,,,,,5.0,4.1,6.0,0.78,,7,6,9,-0.55,8,6,9,,,,,,,,,,,,,,,,6,3,9,5.8,4.8,6.9,0.17,30,27,33,2.14,21,1.97,,,,14,24,88,-1.13,7.5,-0.02,2,26,3804:1,0.77,3,40,2489:1,0.74,1,13,7451:1,1.04,1771,-0.98,,,,,,24,2.29,,,,24,25,1733,27,23,30,3.00,15,7,23,10,2,18,5,1,9,0,0,1,0.43,76,68,85,-0.09,,,,,,,,,,69,53,85,80,67,93,3122,42,25,60,0.71,5.9,-0.89,Yes,1.29,92,2415,85,99,-1.22,6,-1.38,867,1580,55,38,72,0.36,3408,4500,76,68,83,2.40,116,3414,3.4,-0.17,150647,33781,4.5,-0.13,17,11,23,-0.25,,,,23,9,38,93,65,127,-0.24,93,61,136,,,,,,,,,,,,,,,,101,52,176,10,13.4,-0.34,24,-0.65,
48503,Texas,Young,,437,13482,11451,15513,0.78,11143,7518,15907,,,,,,,,,,,,,,,,,,,,,,14313,11869,16757,,4.4,3.6,5.3,-0.03,,6,5,7,-1.19,7,5,10,,,,,,,,,,,,,,,,5,4,6,5.9,4.9,6.8,0.34,22,20,24,0.48,36,0.52,,,,24,37,67,-0.21,6.3,1.01,15,83,1198:1,-0.81,15,83,1208:1,0.55,12,67,1497:1,-0.53,1791,-0.96,,,,1644,1736,33,1.20,,,,15,34,2993,21,19,24,2.31,13,9,16,11,7,15,1,0,3,2,1,3,0.03,79,74,83,0.22,,,,,,,,,,78,68,88,77,72,81,8417,18,13,23,-1.22,7.3,-0.19,No,-0.77,90,6962,86,93,-0.81,5,-1.22,2581,4263,61,51,70,-0.13,11128,12450,89,86,92,-0.12,277,8208,3.4,-0.19,127894,28106,4.6,-0.02,20,13,27,0.13,,,7,26,32,94,105,84,128,0.16,74,39,126,,,,,,,,,,,,,,,,113,90,141,23,12.8,-0.24,21,-1.02,
48505,Texas,Zapata,,213,9589,7790,11389,-0.24,,,,,,,,,,,,,,,,,,,,,,,,,,,,,6.0,4.9,7.2,2.38,,7,6,9,-0.55,,,,,,,,,,,,,,,,,,,,,,5.9,4.8,7.1,0.44,41,38,44,3.00,31,1.00,,,,33,26,31,1.39,4.8,2.28,,,,0.28,,,,0.55,2,14,6925:1,1.01,5053,2.06,,,,5400,2510,20,2.78,,,,18,28,2778,24,21,27,2.86,24,16,32,8,3,14,14,9,20,3,0,7,2.50,75,69,82,-0.23,,,,,,,,,,,,,,,,4621,21,13,30,-0.94,,0.07,Yes,1.29,71,3283,65,78,2.01,0,0.92,1209,3441,35,26,45,2.06,5089,7944,64,58,70,3.00,283,4424,6.4,2.30,94355,12097,7.8,3.00,44,29,58,3.00,,,,,,41,58,42,79,-1.38,,,,,,,,,,,,,,,,,,,,,,0,0.0,2.01,32,0.53,
48507,Texas,Zavala,,219,15792,13076,18509,1.38,,,,,,,,,,,,,,,,,,,,,,,,,,,,,5.9,4.8,7.1,2.14,,8,6,10,-0.15,,,,,,,,,,,,,,,,,,,,,,5.8,4.8,7.0,0.32,36,33,39,3.00,21,1.97,,,,20,29,,0.12,3.5,3.00,,,,0.28,6,64,1552:1,0.63,4,43,2344:1,0.18,3673,0.78,,,,3686,3765,16,3.00,,,,16,16,1344,17,15,20,1.45,13,6,20,7,2,12,7,1,14,1,0,2,-0.01,84,76,91,0.89,,,,,,,,,,,,,,,,3424,17,10,25,-1.26,8.2,0.26,No,-0.77,76,2601,67,86,1.24,,0.18,1263,2372,53,37,69,0.50,4187,5706,73,68,78,2.84,254,3470,7.3,3.00,86526,16479,5.3,0.85,43,28,57,2.90,,,,58,13,45,82,60,110,-0.58,,,,,,,,,,,,,,,,,,,,,,4,4.3,1.26,38,1.35,
