,,,Life Expectancy,,,,,,,,,,,,,,,,,,,,,,,,Premature Age-Adjusted Mortality,,,,,,,,,,,,,,,,,,,,,,,,,Child Mortality,,,,,,,,,,,,,,,,,,,,,,,,,Infant Mortality,,,,,,,,,,,,,,,,,,,,,,,,,Frequent Physical Distress,,,Diabetes Prevalence,,,HIV Prevalence,,Adult Obesity,,,Frequent Mental Distress,,,Suicides,,,,,,,,,,,,,,,,,,,,,,,,,,Feelings of Loneliness,,,Limited Access to Healthy Foods,,Food Insecurity,,Insufficient Sleep,,,Teen Births,,,,,,,,,,,,,,,,,,,,,,,,Sexually Transmitted Infections,,Excessive Drinking,,,Alcohol-Impaired Driving Deaths,,,,,Drug Overdose Deaths,,,,,,,,,,,,,,,,,,,,,,,,,Adult Smoking,,,Physical Inactivity,,,Uninsured Adults,,,,Uninsured Children,,,,Other Primary Care Providers,,Traffic Volume,Homeownership,,,,Severe Housing Cost Burden,,,,Access to Parks,Adverse Climate Events,,,,Census Participation,Voter Turnout,High School Graduation,,Reading Scores,,,,,,Math Scores,,,,,,School Segregation,School Funding Adequacy,,Children Eligible for Free or Reduced Price Lunch,Gender Pay Gap,,,,,Median Household Income,,,,,,,,,,,,,,,,,,Child Care Centers,,Residential Segregation - Black/White,Homicides,,,,,,,,,,,,,,,,,,,,,,,,Motor Vehicle Crash Deaths,,,,,,,,,,,,,,,,,,,,,,,,,Firearm Fatalities,,,,,,,,,,,,,,,,,,,,,,,,,Disconnected Youth,,,Lack of Social and Emotional Support,,,% Below 18 Years of Age,% 65 and Older,% Female,% American Indian or Alaska Native,,% Asian,,% Hispanic,,% Native Hawaiian or Other Pacific Islander,,% Non-Hispanic Black,,% Non-Hispanic White,,% Disability: Functional Limitations,% Not Proficient in English,,,,Children in Single-Parent Households,,,,,% Rural,,Population,
FIPS,State,County,Life Expectancy,95% CI - Low,95% CI - High,Life Expectancy (Hispanic (all races)),Life Expectancy (Hispanic (all races)) 95% CI - Low,Life Expectancy (Hispanic (all races)) 95% CI - High,Life Expectancy (Non-Hispanic AIAN),Life Expectancy (Non-Hispanic AIAN) 95% CI - Low,Life Expectancy (Non-Hispanic AIAN) 95% CI - High,Life Expectancy (Non-Hispanic Asian),Life Expectancy (Non-Hispanic Asian) 95% CI - Low,Life Expectancy (Non-Hispanic Asian) 95% CI - High,Life Expectancy (Non-Hispanic Black),Life Expectancy (Non-Hispanic Black) 95% CI - Low,Life Expectancy (Non-Hispanic Black) 95% CI - High,Life Expectancy (Non-Hispanic Native Hawaiian and Other Pacific Islander),Life Expectancy (Non-Hispanic Native Hawaiian and Other Pacific Islander) 95% CI - Low,Life Expectancy (Non-Hispanic Native Hawaiian and Other Pacific Islander) 95% CI - High,Life Expectancy (Non-Hispanic 2+ races),Life Expectancy (Non-Hispanic 2+ races) 95% CI - Low,Life Expectancy (Non-Hispanic 2+ races) 95% CI - High,Life Expectancy (Non-Hispanic White),Life Expectancy (Non-Hispanic White) 95% CI - Low,Life Expectancy (Non-Hispanic White) 95% CI - High,# Deaths,Age-Adjusted Death Rate,95% CI - Low,95% CI - High,Age-Adjusted Mortality (Hispanic (all races)),Age-Adjusted Mortality (Hispanic (all races)) 95% CI - Low,Age-Adjusted Mortality (Hispanic (all races)) 95% CI - High,Age-Adjusted Mortality (Non-Hispanic AIAN),Age-Adjusted Mortality (Non-Hispanic AIAN) 95% CI - Low,Age-Adjusted Mortality (Non-Hispanic AIAN) 95% CI - High,Age-Adjusted Mortality (Non-Hispanic Asian),Age-Adjusted Mortality (Non-Hispanic Asian) 95% CI - Low,Age-Adjusted Mortality (Non-Hispanic Asian) 95% CI - High,Age-Adjusted Mortality (Non-Hispanic Black),Age-Adjusted Mortality (Non-Hispanic Black) 95% CI - Low,Age-Adjusted Mortality (Non-Hispanic Black) 95% CI - High,Age-Adjusted Mortality (Non-Hispanic Native Hawaiian and Other Pacific Islander),Age-Adjusted Mortality (Non-Hispanic Native Hawaiian and Other Pacific Islander) 95% CI - Low,Age-Adjusted Mortality (Non-Hispanic Native Hawaiian and Other Pacific Islander) 95% CI - High,Age-Adjusted Mortality (Non-Hispanic 2+ races),Age-Adjusted Mortality (Non-Hispanic 2+ races) 95% CI - Low,Age-Adjusted Mortality (Non-Hispanic 2+ races) 95% CI - High,Age-Adjusted Mortality (Non-Hispanic White),Age-Adjusted Mortality (Non-Hispanic White) 95% CI - Low,Age-Adjusted Mortality (Non-Hispanic White) 95% CI - High,# Deaths,Child Mortality Rate,95% CI - Low,95% CI - High,Child Mortality Rate (Hispanic (all races)),Child Mortality Rate (Hispanic (all races)) 95% CI - Low,Child Mortality Rate (Hispanic (all races)) 95% CI - High,Child Mortality Rate (Non-Hispanic AIAN),Child Mortality Rate (Non-Hispanic AIAN) 95% CI - Low,Child Mortality Rate (Non-Hispanic AIAN) 95% CI - High,Child Mortality Rate (Non-Hispanic Asian),Child Mortality Rate (Non-Hispanic Asian) 95% CI - Low,Child Mortality Rate (Non-Hispanic Asian) 95% CI - High,Child Mortality Rate (Non-Hispanic Black),Child Mortality Rate (Non-Hispanic Black) 95% CI - Low,Child Mortality Rate (Non-Hispanic Black) 95% CI - High,Child Mortality Rate (Non-Hispanic Native Hawaiian and Other Pacific Islander),Child Mortality Rate (Non-Hispanic Native Hawaiian and Other Pacific Islander) 95% CI - Low,Child Mortality Rate (Non-Hispanic Native Hawaiian and Other Pacific Islander) 95% CI - High,Child Mortality Rate (Non-Hispanic 2+ races),Child Mortality Rate (Non-Hispanic 2+ races) 95% CI - Low,Child Mortality Rate (Non-Hispanic 2+ races) 95% CI - High,Child Mortality Rate (Non-Hispanic White),Child Mortality Rate (Non-Hispanic White) 95% CI - Low,Child Mortality Rate (Non-Hispanic White) 95% CI - High,# Deaths,Infant Mortality Rate,95% CI - Low,95% CI - High,Infant Mortality Rate (Hispanic (all races)),Infant Mortality Rate (Hispanic (all races)) 95% CI - Low,Infant Mortality Rate (Hispanic (all races)) 95% CI - High,Infant Mortality Rate (Non-Hispanic AIAN),Infant Mortality Rate (Non-Hispanic AIAN) 95% CI - Low,Infant Mortality Rate (Non-Hispanic AIAN) 95% CI - High,Infant Mortality Rate (Non-Hispanic Asian),Infant Mortality Rate (Non-Hispanic Asian) 95% CI - Low,Infant Mortality Rate (Non-Hispanic Asian) 95% CI - High,Infant Mortality Rate (Non-Hispanic Black),Infant Mortality Rate (Non-Hispanic Black) 95% CI - Low,Infant Mortality Rate (Non-Hispanic Black) 95% CI - High,Infant Mortality Rate (Non-Hispanic Native Hawaiian and Other Pacific Islander),Infant Mortality Rate (Non-Hispanic Native Hawaiian and Other Pacific Islander) 95% CI - Low,Infant Mortality Rate (Non-Hispanic Native Hawaiian and Other Pacific Islander) 95% CI - High,Infant Mortality Rate (Non-Hispanic 2+ races),Infant Mortality Rate (Non-Hispanic 2+ races) 95% CI - Low,Infant Mortality Rate (Non-Hispanic 2+ races) 95% CI - High,Infant Mortality Rate (Non-Hispanic White),Infant Mortality Rate (Non-Hispanic White) 95% CI - Low,Infant Mortality Rate (Non-Hispanic White) 95% CI - High,% Frequent Physical Distress,95% CI - Low,95% CI - High,% Adults with Diabetes,95% CI - Low,95% CI - High,# HIV Cases,HIV Prevalence Rate,% Adults with Obesity,95% CI - Low,95% CI - High,% Frequent Mental Distress,95% CI - Low,95% CI - High,# Deaths,Suicide Rate (Age-Adjusted),95% CI - Low,95% CI - High,Crude Rate,Suicide Rate (Hispanic (all races)),Suicide Rate (Hispanic (all races)) 95% CI - Low,Suicide Rate (Hispanic (all races)) 95% CI - High,Suicide Rate (Non-Hispanic AIAN),Suicide Rate (Non-Hispanic AIAN) 95% CI - Low,Suicide Rate (Non-Hispanic AIAN) 95% CI - High,Suicide Rate (Non-Hispanic Asian),Suicide Rate (Non-Hispanic Asian) 95% CI - Low,Suicide Rate (Non-Hispanic Asian) 95% CI - High,Suicide Rate (Non-Hispanic Black),Suicide Rate (Non-Hispanic Black) 95% CI - Low,Suicide Rate (Non-Hispanic Black) 95% CI - High,Suicide Rate (Non-Hispanic Native Hawaiian and Other Pacific Islander),Suicide Rate (Non-Hispanic Native Hawaiian and Other Pacific Islander) 95% CI - Low,Suicide Rate (Non-Hispanic Native Hawaiian and Other Pacific Islander) 95% CI - High,Suicide Rate (Non-Hispanic 2+ races),Suicide Rate (Non-Hispanic 2+ races) 95% CI - Low,Suicide Rate (Non-Hispanic 2+ races) 95% CI - High,Suicide Rate (Non-Hispanic White),Suicide Rate (Non-Hispanic White) 95% CI - Low,Suicide Rate (Non-Hispanic White) 95% CI - High,% feeling lonely,95% CI - Low,95% CI - High,# Limited Access to Healthy Foods,% Limited Access to Healthy Foods,# Food Insecure,% Food Insecure,% Insufficient Sleep,95% CI - Low,95% CI - High,Teen Birth Rate,95% CI - Low,95% CI - High,Teen Birth Rate (Hispanic (all races)),Teen Birth Rate (Hispanic (all races)) 95% CI - Low,Teen Birth Rate (Hispanic (all races)) 95% CI - High,Teen Birth Rate (Non-Hispanic AIAN),Teen Birth Rate (Non-Hispanic AIAN) 95% CI - Low,Teen Birth Rate (Non-Hispanic AIAN) 95% CI - High,Teen Birth Rate (Non-Hispanic Asian),Teen Birth Rate (Non-Hispanic Asian) 95% CI - Low,Teen Birth Rate (Non-Hispanic Asian) 95% CI - High,Teen Birth Rate (Non-Hispanic Black),Teen Birth Rate (Non-Hispanic Black) 95% CI - Low,Teen Birth Rate (Non-Hispanic Black) 95% CI - High,Teen Birth Rate (Non-Hispanic Native Hawaiian and Other Pacific Islander),Teen Birth Rate (Non-Hispanic Native Hawaiian and Other Pacific Islander) 95% CI - Low,Teen Birth Rate (Non-Hispanic Native Hawaiian and Other Pacific Islander) 95% CI - High,Teen Birth Rate (Non-Hispanic 2+ races),Teen Birth Rate (Non-Hispanic 2+ races) 95% CI - Low,Teen Birth Rate (Non-Hispanic 2+ races) 95% CI - High,Teen Birth Rate (Non-Hispanic White),Teen Birth Rate (Non-Hispanic White) 95% CI - Low,Teen Birth Rate (Non-Hispanic White) 95% CI - High,# Chlamydia Cases,Chlamydia Rate,% Excessive Drinking,95% CI - Low,95% CI - High,# Alcohol-Impaired Driving Deaths,# Driving Deaths,% Driving Deaths with Alcohol Involvement,95% CI - Low,95% CI - High,# Drug Overdose Deaths,Drug Overdose Mortality Rate,95% CI - Low,95% CI - High,Drug Overdose Mortality Rate (Hispanic (all races)),Drug Overdose Mortality Rate (Hispanic (all races)) 95% CI - Low,Drug Overdose Mortality Rate (Hispanic (all races)) 95% CI - High,Drug Overdose Mortality Rate (Non-Hispanic AIAN),Drug Overdose Mortality Rate (Non-Hispanic AIAN) 95% CI - Low,Drug Overdose Mortality Rate (Non-Hispanic AIAN) 95% CI - High,Drug Overdose Mortality Rate (Non-Hispanic Asian),Drug Overdose Mortality Rate (Non-Hispanic Asian) 95% CI - Low,Drug Overdose Mortality Rate (Non-Hispanic Asian) 95% CI - High,Drug Overdose Mortality Rate (Non-Hispanic Black),Drug Overdose Mortality Rate (Non-Hispanic Black) 95% CI - Low,Drug Overdose Mortality Rate (Non-Hispanic Black) 95% CI - High,Drug Overdose Mortality Rate (Non-Hispanic Native Hawaiian and Other Pacific Islander),Drug Overdose Mortality Rate (Non-Hispanic Native Hawaiian and Other Pacific Islander) 95% CI - Low,Drug Overdose Mortality Rate (Non-Hispanic Native Hawaiian and Other Pacific Islander) 95% CI - High,Drug Overdose Mortality Rate (Non-Hispanic 2+ races),Drug Overdose Mortality Rate (Non-Hispanic 2+ races) 95% CI - Low,Drug Overdose Mortality Rate (Non-Hispanic 2+ races) 95% CI - High,Drug Overdose Mortality Rate (Non-Hispanic White),Drug Overdose Mortality Rate (Non-Hispanic White) 95% CI - Low,Drug Overdose Mortality Rate (Non-Hispanic White) 95% CI - High,% Adults Reporting Currently Smoking,95% CI - Low,95% CI - High,% Physically Inactive,95% CI - Low,95% CI - High,# Uninsured Adults,% Uninsured Adults,95% CI - Low,95% CI - High,# Uninsured Children,% Uninsured Children,95% CI - Low,95% CI - High,Other Primary Care Provider Rate,Other Primary Care Provider Ratio,Traffic Volume,# Homeowners,% Homeowners,95% CI - Low,95% CI - High,# Households with Severe Cost Burden,% Households with Severe Cost Burden,95% CI - Low,95% CI - High,% with access to parks,Adverse Climate Events,Days above 90F,Weeks in moderate or greater drought,Disaster declarations,% Census Participation,% Voter Turnout,Cohort Size,High School Graduation Rate,Average Grade Performance,Average Grade Performance (AIAN),Average Grade Performance (Asian),Average Grade Performance (Black),Average Grade Performance (Hispanic),Average Grade Performance (White),Average Grade Performance,Average Grade Performance (AIAN),Average Grade Performance (Asian),Average Grade Performance (Black),Average Grade Performance (Hispanic),Average Grade Performance (White),Segregation Index,Spending per Pupil,School Funding Adequacy,% Enrolled in Free or Reduced Lunch,Women's Median Earnings,Men's Median Earnings,Gender Pay Gap,95% CI - Low,95% CI - High,Median Household Income,95% CI - Low,95% CI - High,Household Income (AIAN),Household Income (AIAN) 95% CI - Low,Household Income (AIAN) 95% CI - High,Household Income (Asian),Household Income (Asian) 95% CI - Low,Household Income (Asian) 95% CI - High,Household Income (Black),Household Income (Black) 95% CI - Low,Household Income (Black) 95% CI - High,Household Income (Hispanic),Household Income (Hispanic) 95% CI - Low,Household Income (Hispanic) 95% CI - High,Household Income (White),Household Income (White) 95% CI - Low,Household Income (White) 95% CI - High,# Child Care Centers,"Child Care Centers per 1,000 Children",Segregation Index,Homicide Rate,95% CI - Low,95% CI - High,Homicide Rate (Hispanic (all races)),Homicide Rate (Hispanic (all races)) 95% CI - Low,Homicide Rate (Hispanic (all races)) 95% CI - High,Homicide Rate (Non-Hispanic AIAN),Homicide Rate (Non-Hispanic AIAN) 95% CI - Low,Homicide Rate (Non-Hispanic AIAN) 95% CI - High,Homicide Rate (Non-Hispanic Asian),Homicide Rate (Non-Hispanic Asian) 95% CI - Low,Homicide Rate (Non-Hispanic Asian) 95% CI - High,Homicide Rate (Non-Hispanic Black),Homicide Rate (Non-Hispanic Black) 95% CI - Low,Homicide Rate (Non-Hispanic Black) 95% CI - High,Homicide Rate (Non-Hispanic Native Hawaiian and Other Pacific Islander),Homicide Rate (Non-Hispanic Native Hawaiian and Other Pacific Islander) 95% CI - Low,Homicide Rate (Non-Hispanic Native Hawaiian and Other Pacific Islander) 95% CI - High,Homicide Rate (Non-Hispanic 2+ races),Homicide Rate (Non-Hispanic 2+ races) 95% CI - Low,Homicide Rate (Non-Hispanic 2+ races) 95% CI - High,Homicide Rate (Non-Hispanic White),Homicide Rate (Non-Hispanic White) 95% CI - Low,Homicide Rate (Non-Hispanic White) 95% CI - High,# Motor Vehicle Deaths,Motor Vehicle Mortality Rate,95% CI - Low,95% CI - High,MV Mortality Rate (Hispanic (all races)),MV Mortality Rate (Hispanic (all races)) 95% CI - Low,MV Mortality Rate (Hispanic (all races)) 95% CI - High,MV Mortality Rate (Non-Hispanic AIAN),MV Mortality Rate (Non-Hispanic AIAN) 95% CI - Low,MV Mortality Rate (Non-Hispanic AIAN) 95% CI - High,MV Mortality Rate (Non-Hispanic Asian),MV Mortality Rate (Non-Hispanic Asian) 95% CI - Low,MV Mortality Rate (Non-Hispanic Asian) 95% CI - High,MV Mortality Rate (Non-Hispanic Black),MV Mortality Rate (Non-Hispanic Black) 95% CI - Low,MV Mortality Rate (Non-Hispanic Black) 95% CI - High,MV Mortality Rate (Non-Hispanic Native Hawaiian and Other Pacific Islander),MV Mortality Rate (Non-Hispanic Native Hawaiian and Other Pacific Islander) 95% CI - Low,MV Mortality Rate (Non-Hispanic Native Hawaiian and Other Pacific Islander) 95% CI - High,MV Mortality Rate (Non-Hispanic 2+ races),MV Mortality Rate (Non-Hispanic 2+ races) 95% CI - Low,MV Mortality Rate (Non-Hispanic 2+ races) 95% CI - High,MV Mortality Rate (Non-Hispanic White),MV Mortality Rate (Non-Hispanic White) 95% CI - Low,MV Mortality Rate (Non-Hispanic White) 95% CI - High,# Firearm Fatalities,Firearm Fatalities Rate,95% CI - Low,95% CI - High,Firearm Fatalities Rate (Hispanic (all races)),Firearm Fatalities Rate (Hispanic (all races)) 95% CI - Low,Firearm Fatalities Rate (Hispanic (all races)) 95% CI - High,Firearm Fatalities Rate (Non-Hispanic AIAN),Firearm Fatalities Rate (Non-Hispanic AIAN) 95% CI - Low,Firearm Fatalities Rate (Non-Hispanic AIAN) 95% CI - High,Firearm Fatalities Rate (Non-Hispanic Asian),Firearm Fatalities Rate (Non-Hispanic Asian) 95% CI - Low,Firearm Fatalities Rate (Non-Hispanic Asian) 95% CI - High,Firearm Fatalities Rate (Non-Hispanic Black),Firearm Fatalities Rate (Non-Hispanic Black) 95% CI - Low,Firearm Fatalities Rate (Non-Hispanic Black) 95% CI - High,Firearm Fatalities Rate (Non-Hispanic Native Hawaiian and Other Pacific Islander),Firearm Fatalities Rate (Non-Hispanic Native Hawaiian and Other Pacific Islander) 95% CI - Low,Firearm Fatalities Rate (Non-Hispanic Native Hawaiian and Other Pacific Islander) 95% CI - High,Firearm Fatalities Rate (Non-Hispanic 2+ races),Firearm Fatalities Rate (Non-Hispanic 2+ races) 95% CI - Low,Firearm Fatalities Rate (Non-Hispanic 2+ races) 95% CI - High,Firearm Fatalities Rate (Non-Hispanic White),Firearm Fatalities Rate (Non-Hispanic White) 95% CI - Low,Firearm Fatalities Rate (Non-Hispanic White) 95% CI - High,% Disconnected Youth,95% CI - Low,95% CI - High,% lacking support,95% CI - Low,95% CI - High,% Below 18 Years of Age,% 65 and Over,% Female,# American Indian or Alaska Native,% American Indian or Alaska Native,# Asian,% Asian,# Hispanic,% Hispanic,# Native Hawaiian or Other Pacific Islander,% Native Hawaiian or Other Pacific Islander,# Non-Hispanic Black,% Non-Hispanic Black,# Non-Hispanic White,% Non-Hispanic White,% with disability,# Not Proficient in English,% Not Proficient in English,95% CI - Low,95% CI - High,# Children in Single-Parent Households,# Children in Households,% Children in Single-Parent Households,95% CI - Low,95% CI - High,# Rural Residents,% Rural,Population,
48000,Texas,,76.7,76.6,76.7,,,,,,,,,,,,,,,,,,,,,,394647,419,418,421,,,,,,,,,,,,,,,,,,,,,,17493,53,52,54,,,,,,,,,,,,,,,,,,,,,,14878,6,5,6,,,,,,,,,,,,,,,,,,,,,,12,11,13,13,12,14,105365,425,36,34,37,16,15,17,20290,14,14,14,14,,,,,,,,,,,,,,,,,,,,,,34,33,36,2099608,8,4919210,16,37,36,39,23,23,23,,,,,,,,,,,,,,,,,,,,,,155483,517.8,19,18,20,5080,20037,25,25,26,14645,16,16,17,,,,,,,,,,,,,,,,,,,,,,12,11,13,25,24,27,4016890,22,22,23,824236,11,10,11,115,871:1,135,6723729,63,62,63,1521186,15,14,15,46,,,,,,60.9,393993,90,,,,,,,3.2,,,,,,0.26,11664,-5341,63,49838,61939,0.80,0.80,0.81,75778,75218,76338,,,,,,,,,,,,,,,,,5,55,7,6,7,,,,,,,,,,,,,,,,,,,,,,27891,14,14,14,,,,,,,,,,,,,,,,,,,,,,20595,14,14,14,,,,,,,,,,,,,,,,,,,,,,8,8,8,29,,,24.8,13.7,50.1,331189,1.1,1819202,6.0,12135690,39.8,50428,0.2,3872036,12.7,12088544,39.6,29,1844256,7,7,7,1894693,7465102,25,25,26,4744808,16.3,30503301,
48001,Texas,Anderson,72.0,71.4,72.7,71.0,69.0,72.9,,,,,,,70.8,69.4,72.3,,,,,,,71.9,71.0,72.8,1298,637,602,672,716,595,837,,,,,,,750,656,844,,,,,,,625,581,669,25,52,33,76,,,,,,,,,,,,,,,,,,,,,,,,,,,,,,,,,,,,,,,,,,,,,,,14,12,16,14,12,16,288,573,40,31,48,18,17,20,101,33,26,39,35,42,27,63,,,,,,,17,9,29,,,,,,,36,27,47,37,31,43,9259,16,9640,17,42,34,50,36,32,40,38,31,47,,,,,,,43,33,55,,,,75,46,115,31,27,36,212,365.1,20,16,25,21,69,30,24,37,36,21,14,29,,,,,,,,,,,,,,,,,,,,,,18,16,21,28,23,33,5426,22,19,25,1011,9,6,11,78,1283:1,26,12006,70,66,74,1872,12,8,15,10,3,603,130,4,51.7,42.9,559,95,,,,,,,3.0,,,2.6,2.9,3.2,0.11,13708,-2171,69,33709,52252,0.65,0.53,0.76,56548,51309,61787,188358,88509,288207,112543,14382,210704,34959,21256,48662,47113,35052,59174,62870,54987,70753,9,3,50,7,4,10,,,,,,,,,,,,,,,,,,,,,,93,23,19,28,18,9,30,,,,,,,14,7,25,,,,,,,28,21,35,41,14,10,19,,,,,,,,,,,,,,,,,,,,,,,,,31,28,36,19.7,15.7,39.6,494,0.9,624,1.1,11345,19.6,126,0.2,11781,20.4,32827,56.9,35,973,2,1,2,2864,11217,26,20,31,39307,67.9,57736,
48003,Texas,Andrews,74.6,73.3,75.9,75.3,73.2,77.4,,,,,,,,,,,,,,,,73.7,71.8,75.6,257,517,453,581,502,408,595,,,,,,,,,,,,,,,,554,458,650,14,55,30,93,,,,,,,,,,,,,,,,,,,,,,,,,,,,,,,,,,,,,,,,,,,,,,,15,13,17,14,12,16,19,133,39,31,48,19,17,21,14,16,9,26,15,,,,,,,,,,,,,,,,,,,,,,36,31,42,1213,8,2850,16,39,31,46,43,37,48,50,43,58,,,,,,,,,,,,,,,,23,16,33,85,463.6,20,16,24,9,57,16,10,23,,,,,,,,,,,,,,,,,,,,,,,,,,16,14,18,31,27,36,2940,27,24,31,857,15,11,18,75,1333:1,44,5173,76,70,82,928,15,9,20,30,3,601,181,2,53.6,52.7,290,94,,,,,,,3.2,,,,3.0,3.5,0.00,11914,1133,49,44300,70347,0.63,0.49,0.77,80936,69027,92845,,,,,,,,,,66589,48576,84602,82298,62970,101626,4,3,78,,,,,,,,,,,,,,,,,,,,,,,,,34,27,18,37,22,12,35,,,,,,,,,,,,,,,,34,20,54,,,,,,,,,,,,,,,,,,,,,,,,,,,,,30,26,34,31.0,10.4,49.3,321,1.7,143,0.8,10855,58.2,5,0.0,274,1.5,7141,38.3,37,1248,7,5,10,1210,5697,21,12,31,3409,18.3,18664,
48005,Texas,Angelina,72.6,72.0,73.2,77.3,75.4,79.1,,,,,,,67.6,66.0,69.3,,,,,,,72.4,71.6,73.2,1805,612,582,641,455,392,518,,,,,,,852,761,944,,,,,,,621,584,658,60,62,47,80,38,20,67,,,,,,,104,59,169,,,,,,,68,47,97,54,7,5,9,,,,,,,,,,,,,,,,,,,,,,16,14,17,14,13,16,193,269,41,37,46,21,19,23,71,17,13,21,16,12,6,22,,,,,,,,,,,,,,,,21,15,28,35,32,39,8469,10,16200,19,43,38,47,32,30,35,28,24,32,,,,,,,45,38,52,,,,,,,32,28,35,404,463.8,17,15,20,17,81,21,15,27,59,23,17,29,,,,,,,,,,,,,,,,,,,,,,20,18,22,31,28,35,11654,24,21,27,2379,11,8,13,131,766:1,52,20695,64,62,67,3985,13,11,15,30,3,593,105,3,54.8,57.2,1221,94,,,,,,,3.0,,,2.6,3.0,3.2,0.13,12874,-2659,73,40815,51670,0.79,0.69,0.89,57298,51474,63122,64200,49459,78941,,,,34972,30070,39874,59615,55313,63917,67335,60259,74411,37,6,47,7,5,9,,,,,,,,,,25,16,38,,,,,,,4,2,6,115,19,15,22,17,11,25,,,,,,,22,13,34,,,,,,,19,15,24,70,16,13,20,,,,,,,,,,25,14,40,,,,,,,17,12,23,13,7,19,30,27,33,25.3,17.2,51.0,722,0.8,996,1.1,20807,23.8,63,0.1,12898,14.8,51291,58.7,38,2694,3,3,4,6695,22153,30,25,35,44844,51.9,87319,
48007,Texas,Aransas,73.3,72.0,74.5,75.4,72.9,77.9,,,,,,,,,,,,,,,,72.2,70.5,73.8,658,616,562,670,537,438,636,,,,,,,,,,,,,,,,662,592,733,12,62,32,109,,,,,,,,,,,,,,,,,,,,,,,,,,,,,,,,,,,,,,,,,,,,,,,15,13,16,13,11,14,37,170,40,33,48,20,18,22,50,36,26,49,41,,,,,,,,,,,,,,,,,,,,,,35,30,41,3754,16,4580,19,40,33,47,26,21,31,28,21,37,,,,,,,,,,,,,,,,25,19,32,52,208.5,22,17,26,3,27,11,3,22,18,25,15,39,,,,,,,,,,,,,,,,,,,,,,19,17,21,31,27,36,3114,24,20,27,574,12,9,16,59,1692:1,41,9117,78,75,81,1678,15,11,19,5,2,190,107,4,38.7,65.8,249,95,,,,,,,2.5,,,,2.6,2.5,0.00,12958,-2129,69,41188,60793,0.68,0.51,0.85,60112,51809,68415,,,,60833,26212,95454,,,,40845,37235,44455,66934,60306,73562,4,4,75,,,,,,,,,,,,,,,,,,,,,,,,,36,21,15,29,,,,,,,,,,,,,,,,,,,,,,49,41,30,54,,,,,,,,,,,,,,,,,,,,,,,,,27,24,31,17.8,28.8,50.4,369,1.5,470,1.9,6926,27.3,31,0.1,403,1.6,17033,67.1,36,79,0,0,1,917,4248,22,12,31,5618,23.6,25374,
48009,Texas,Archer,77.7,75.6,79.7,,,,,,,,,,,,,,,,,,,,,,128,395,320,469,,,,,,,,,,,,,,,,,,,,,,,,,,,,,,,,,,,,,,,,,,,,,,,,,,,,,,,,,,,,,,,,,,,,,,,,12,11,14,10,9,12,,,36,28,45,19,17,21,10,20,9,38,23,,,,,,,,,,,,,,,,,,,,,,34,29,39,446,5,1390,16,37,30,44,12,8,19,,,,,,,,,,,,,,,,,,,,,,17,192.4,22,18,27,3,19,16,5,30,,,,,,,,,,,,,,,,,,,,,,,,,,15,13,17,24,20,28,941,19,16,22,244,12,8,15,11,9029:1,3,2922,85,82,88,372,11,7,16,13,3,640,126,3,56.9,72.2,159,95,,,,,,,3.4,,,,,,0.03,11599,-175,33,44724,70572,0.63,0.52,0.75,71672,61789,81555,,,,,,,,,,69875,58028,81722,72936,59800,86072,5,11,,,,,,,,,,,,,,,,,,,,,,,,,,17,28,16,45,,,,,,,,,,,,,,,,,,,,,,10,23,11,42,,,,,,,,,,,,,,,,,,,,,,,,,25,21,28,22.7,21.6,50.1,162,1.8,59,0.7,867,9.6,4,0.0,115,1.3,7716,85.5,31,97,1,0,2,339,2012,17,11,22,7478,87.4,9029,
48011,Texas,Armstrong,69.7,64.8,74.6,,,,,,,,,,,,,,,,,,,,,,47,652,463,891,,,,,,,,,,,,,,,,,,,,,,,,,,,,,,,,,,,,,,,,,,,,,,,,,,,,,,,,,,,,,,,,,,,,,,,,12,11,13,10,10,11,,,34,31,38,19,18,20,,,,,,,,,,,,,,,,,,,,,,,,,,,34,32,37,406,21,230,12,36,33,39,,,,,,,,,,,,,,,,,,,,,,,,,5,270.3,23,20,25,7,20,35,23,47,,,,,,,,,,,,,,,,,,,,,,,,,,16,15,17,24,22,26,134,13,11,16,34,8,5,11,0,1832:0,52,617,82,77,87,56,8,0,17,1,3,466,182,2,54.9,75.6,,,,,,,,,3.7,,,,,,,12560,234,34,58679,56157,1.04,0.81,1.28,68555,58075,79035,43500,13005,73995,,,,,,,,,,69423,55579,83267,,,,,,,,,,,,,,,,,,,,,,,,,,,,,,,,,,,,,,,,,,,,,,,,,,,,,,,,,,,,,,,,,,,,,,,,,,,,,,,,,25,24,27,22.4,24.5,49.3,31,1.7,4,0.2,201,11.0,1,0.1,31,1.7,1551,84.7,30,3,0,0,4,56,409,14,2,25,1848,100.0,1832,
48013,Texas,Atascosa,74.0,73.2,74.7,73.9,72.9,74.9,,,,,,,,,,,,,,,,73.7,72.4,75.0,921,551,514,587,560,512,607,,,,,,,,,,,,,,,,557,496,618,23,38,24,57,,,,,,,,,,,,,,,,,,,,,,23,5,3,7,,,,,,,,,,,,,,,,,,,,,,15,13,16,15,13,17,76,184,43,35,51,18,17,20,48,19,14,25,19,17,11,25,,,,,,,,,,,,,,,,22,13,35,37,32,42,2618,6,8050,16,38,32,45,36,33,40,42,38,47,,,,,,,,,,,,,,,,21,16,26,175,344.1,19,16,23,12,50,24,17,32,17,11,6,18,,,,,,,,,,,,,,,,,,,,,,16,14,18,34,29,39,7214,24,21,27,1578,11,8,14,56,1786:1,28,12874,77,74,81,1702,11,8,14,18,3,845,194,2,44.1,53.2,654,92,,,,,,,2.8,,,,2.7,2.9,0.06,13372,-2542,68,40203,60211,0.67,0.58,0.76,58330,50600,66060,,,,100648,79125,122171,36408,34962,37854,63497,50435,76559,81525,67358,95692,11,3,58,5,3,7,,,,,,,,,,,,,,,,,,,,,,68,19,15,25,18,13,25,,,,,,,,,,,,,,,,23,15,33,41,16,12,22,15,10,22,,,,,,,,,,,,,,,,20,11,32,16,8,24,31,27,35,26.6,15.1,50.0,811,1.6,410,0.8,34183,66.0,112,0.2,602,1.2,16063,31.0,36,2631,6,4,7,3195,13403,24,18,30,34998,71.5,51784,
48015,Texas,Austin,76.5,75.4,77.5,79.8,76.5,83.2,,,,,,,66.2,61.9,70.4,,,,,,,77.4,76.0,78.7,470,412,372,452,422,339,520,,,,,,,849,658,1078,,,,,,,369,320,417,17,54,32,87,,,,,,,,,,,,,,,,,,,,,,,,,,,,,,,,,,,,,,,,,,,,,,,13,12,15,12,11,14,64,246,36,29,44,19,18,21,25,16,10,24,17,,,,,,,,,,,,,,,,,,,,,,35,30,40,637,2,4560,15,38,31,45,20,17,23,26,20,33,,,,,,,26,15,42,,,,,,,14,10,19,87,279.8,19,15,23,7,32,22,13,32,10,11,5,20,,,,,,,,,,,,,,,,,,,,,,17,15,19,27,23,31,3815,22,19,25,898,12,9,15,63,1584:1,42,9434,77,75,80,1538,13,10,17,17,3,620,141,2,56.8,69.0,436,97,,,,,,,3.0,,,2.3,2.7,3.4,0.04,11907,-4838,57,47386,70390,0.67,0.57,0.78,73248,63564,82932,125972,12542,239402,97074,76064,118084,37153,26347,47959,86944,54966,118922,79444,70060,88828,11,7,28,6,3,11,,,,,,,,,,,,,,,,,,,,,,45,21,16,29,,,,,,,,,,,,,,,,,,,,,,33,22,15,31,,,,,,,,,,,,,,,,,,,,,,,,,28,24,32,23.6,21.5,49.9,342,1.1,285,0.9,8947,28.2,21,0.1,2716,8.6,19218,60.7,34,1178,4,2,6,1275,7196,18,11,24,23782,78.8,31677,
48017,Texas,Bailey,74.5,72.2,76.8,74.4,71.1,77.6,,,,,,,,,,,,,,,,72.2,67.5,76.9,107,524,422,627,571,435,734,,,,,,,,,,,,,,,,568,388,801,,,,,,,,,,,,,,,,,,,,,,,,,,,,,,,,,,,,,,,,,,,,,,,,,,,13,12,15,13,12,15,5,93,38,30,47,17,16,19,,,,,,,,,,,,,,,,,,,,,,,,,,,37,32,43,157,2,1110,16,38,30,45,48,39,58,41,32,53,,,,,,,,,,,,,,,,48,29,74,26,383.5,20,16,24,3,8,38,18,56,,,,,,,,,,,,,,,,,,,,,,,,,,14,12,16,30,26,36,1202,33,29,37,307,15,10,19,120,834:1,44,1776,79,68,89,55,3,0,8,0,3,488,158,2,47.5,42.1,84,98,,,,,,,2.6,,,,,,0.01,13747,-5878,90,53132,76667,0.69,0.37,1.01,51193,43401,58985,,,,,,,,,,72400,45402,99398,61597,42712,80482,4,9,,,,,,,,,,,,,,,,,,,,,,,,,,18,37,22,59,,,,,,,,,,,,,,,,,,,,,,,,,,,,,,,,,,,,,,,,,,,,,,,,,,32,28,36,29.9,15.5,49.2,241,3.6,67,1.0,4423,66.3,18,0.3,99,1.5,1991,29.8,34,821,13,6,20,538,1973,27,9,45,1745,25.3,6672,
48019,Texas,Bandera,76.9,75.5,78.2,81.5,77.4,85.6,,,,,,,,,,,,,,,,75.6,73.9,77.2,477,439,391,486,327,243,430,,,,,,,,,,,,,,,,482,423,541,10,60,29,110,,,,,,,,,,,,,,,,,,,,,,,,,,,,,,,,,,,,,,,,,,,,,,,13,11,14,11,10,13,26,133,36,29,44,18,16,20,35,32,21,46,31,,,,,,,,,,,,,,,,,,,,,,35,29,40,2097,10,3590,17,38,32,45,15,11,19,18,11,28,,,,,,,,,,,,,,,,13,9,18,30,135.7,22,18,27,8,26,31,20,41,,,,,,,,,,,,,,,,,,,,,,,,,,16,14,18,25,21,29,2632,22,19,25,435,11,8,15,75,1332:1,6,7711,86,84,89,1028,12,9,15,4,3,698,194,2,46.3,69.6,188,88,,,,,,,3.0,,,,2.7,3.2,0.01,14040,-2790,57,44576,55777,0.80,0.62,0.98,66649,57602,75696,,,,,,,,,,53481,36494,70468,74026,63651,84401,4,5,,,,,,,,,,,,,,,,,,,,,,,,,,32,20,14,29,,,,,,,,,,,,,,,,,,,,,,29,26,17,37,,,,,,,,,,,,,,,,,,,,,,,,,27,23,31,16.9,29.7,50.5,355,1.6,164,0.7,4889,21.6,18,0.1,317,1.4,16797,74.2,31,474,2,1,4,933,3594,26,13,39,20851,100.0,22637,
48021,Texas,Bastrop,76.7,76.1,77.3,79.2,77.6,80.8,,,,,,,73.5,71.2,75.8,,,,,,,76.2,75.4,77.1,1480,422,399,444,380,340,419,,,,,,,561,460,662,,,,,,,437,406,468,64,59,45,75,62,45,85,,,,,,,,,,,,,,,,59,37,91,41,5,4,7,,,,,,,,,,,,,,,,,,,,,,13,12,15,12,11,14,221,253,40,33,47,18,16,19,90,19,15,23,19,10,6,16,,,,,,,,,,,,,,,,27,21,35,33,28,38,4125,6,14580,15,35,29,41,26,24,28,31,28,34,,,,,,,15,9,23,,,,35,20,57,16,13,19,497,468.0,20,16,24,57,147,39,35,43,41,14,10,19,,,,,,,,,,,,,,,,,,,,,,15,13,17,27,23,31,15009,25,22,27,3409,12,9,15,50,2014:1,27,26625,76,73,78,4001,12,10,14,19,3,711,150,3,55.2,62.8,1384,93,,,,,,,3.0,,,2.7,2.8,3.4,0.12,11711,-5675,74,48661,57866,0.84,0.77,0.92,77345,68389,86301,52313,30755,73871,127973,36144,219802,88355,46773,129937,71263,64396,78130,89521,81141,97901,35,6,51,6,4,8,9,6,13,,,,,,,,,,,,,,,,4,2,7,194,30,26,34,35,28,43,,,,,,,26,13,47,,,,,,,28,23,34,70,15,11,19,9,5,14,,,,,,,,,,,,,,,,19,14,26,8,3,12,27,23,30,25.9,15.6,48.9,2382,2.2,1254,1.1,50852,45.9,196,0.2,6636,6.0,50056,45.2,32,6161,6,5,8,4649,26549,18,13,22,70000,72.0,110778,
48023,Texas,Baylor,70.1,66.9,73.2,,,,,,,,,,,,,,,,,,,,,,102,765,605,925,,,,,,,,,,,,,,,,,,,,,,,,,,,,,,,,,,,,,,,,,,,,,,,,,,,,,,,,,,,,,,,,,,,,,,,,12,11,14,11,9,12,,,36,28,44,19,17,21,,,,,,,,,,,,,,,,,,,,,,,,,,,36,31,41,54,1,620,18,38,31,46,36,23,54,,,,,,,,,,,,,,,,,,,,,,9,259.7,22,18,27,2,8,25,7,46,,,,,,,,,,,,,,,,,,,,,,,,,,16,14,18,24,20,29,355,19,16,22,93,11,8,15,144,693:1,31,1034,67,60,74,184,13,5,20,26,3,644,133,3,39.8,63.0,,,,,,,,,3.0,,,,,,0.01,13129,-1203,61,45313,49167,0.92,0.61,1.23,49566,41725,57407,,,,,,,,,,25806,5809,45803,41922,30515,53329,2,13,,,,,,,,,,,,,,,,,,,,,,,,,,,,,,,,,,,,,,,,,,,,,,,,,,,,,,,,,,,,,,,,,,,,,,,,,,,,,,,28,25,32,22.3,23.7,49.4,36,1.0,14,0.4,489,14.1,24,0.7,105,3.0,2735,79.0,31,0,0,0,2,115,806,14,3,25,3465,100.0,3463,
48025,Texas,Bee,73.1,72.1,74.0,71.2,69.9,72.5,,,,,,,76.8,72.5,81.2,,,,,,,73.8,72.2,75.5,581,608,558,658,696,623,769,,,,,,,,,,,,,,,,572,491,652,17,57,33,91,,,,,,,,,,,,,,,,,,,,,,,,,,,,,,,,,,,,,,,,,,,,,,,16,14,18,16,14,18,140,538,43,34,51,19,17,20,35,20,14,29,22,18,10,28,,,,,,,,,,,,,,,,25,13,42,37,31,42,3435,11,6080,20,42,34,49,34,30,39,39,34,45,,,,,,,,,,,,,,,,16,10,25,153,503.4,19,15,24,4,19,21,10,35,14,15,8,25,,,,,,,,,,,,,,,,,,,,,,19,16,21,34,29,39,2529,19,16,22,589,9,6,12,65,1543:1,19,6188,72,69,75,1167,14,10,19,20,3,765,144,3,46.0,37.6,295,90,,,,,,,3.0,,,,2.9,3.1,0.10,14659,778,79,36894,53025,0.70,0.60,0.79,54072,46985,61159,31287,17494,45080,78056,8461,147651,,,,49273,37975,60571,75113,65628,84598,6,4,37,5,3,9,,,,,,,,,,,,,,,,,,,,,,43,19,14,26,16,10,24,,,,,,,,,,,,,,,,31,19,47,16,10,6,16,,,,,,,,,,,,,,,,,,,,,,,,,33,29,37,20.1,12.9,37.7,324,1.1,240,0.8,19025,61.7,39,0.1,2597,8.4,8691,28.2,39,860,3,2,4,1962,6312,31,20,42,16817,54.2,30850,
48027,Texas,Bell,75.5,75.2,75.8,79.0,78.2,79.8,,,,82.1,80.0,84.2,72.6,71.9,73.3,68.7,64.4,73.1,,,,75.2,74.7,75.6,5162,473,460,486,355,330,381,,,,261,209,312,586,554,618,893,683,1147,,,,492,473,511,310,68,61,76,53,42,66,,,,,,,114,93,134,,,,,,,59,48,73,278,7,6,7,5,4,7,,,,,,,11,9,14,,,,,,,5,4,6,13,12,14,14,12,15,920,296,39,34,44,19,17,21,354,19,17,21,19,10,8,14,,,,23,12,39,13,10,17,,,,,,,28,24,31,35,31,39,33023,11,61880,17,43,38,47,25,24,26,28,26,30,,,,,,,28,26,30,49,34,69,24,20,28,21,19,22,3218,828.6,18,16,22,63,221,29,25,32,174,15,13,18,6,4,10,,,,,,,19,14,25,,,,,,,19,16,23,16,14,18,28,25,32,46117,20,18,22,9790,9,7,11,210,476:1,76,77808,56,55,57,20385,15,14,16,46,3,680,167,2,61.3,52.1,4583,90,,,,,,,3.1,3.3,3.6,2.9,3.0,3.4,0.10,11484,-2566,57,44095,51559,0.86,0.81,0.90,69562,66293,72831,65318,49121,81515,67202,60053,74351,54692,51469,57915,58260,54414,62106,74022,71789,76255,151,5,45,9,7,10,4,3,6,,,,,,,22,18,25,,,,,,,5,4,6,380,15,13,16,10,7,12,,,,,,,18,14,21,,,,,,,18,16,21,358,19,17,21,11,8,14,,,,18,9,34,29,24,34,,,,,,,21,17,24,8,6,10,28,25,32,27.5,12.2,50.3,4439,1.1,13100,3.3,104756,26.6,3418,0.9,88432,22.5,168551,42.9,36,7510,2,,,33085,104909,32,28,35,50744,13.7,393193,
48029,Texas,Bexar,76.1,76.0,76.3,76.3,76.1,76.4,97.7,84.4,111.0,87.4,86.0,88.8,73.4,72.9,73.9,71.3,68.0,74.7,,,,75.8,75.6,76.0,27562,444,438,449,449,442,456,277,200,375,173,154,191,558,537,580,557,401,753,,,,446,436,455,1225,54,51,57,51,48,55,,,,45,29,67,100,85,115,,,,,,,53,46,60,1157,6,6,7,6,6,7,,,,,,,12,10,14,,,,,,,6,5,6,14,12,15,15,14,17,7127,419,37,34,41,18,16,19,1321,13,12,14,13,10,9,11,,,,7,4,10,9,7,12,,,,,,,21,19,23,37,33,40,166124,10,351000,17,41,38,45,22,22,23,27,26,27,14,7,23,3,2,4,20,19,22,,,,10,8,12,10,10,11,12287,596.6,20,17,23,318,1040,31,29,32,1119,18,17,19,16,15,18,,,,,,,24,20,28,,,,,,,24,22,27,14,13,16,28,25,31,275710,22,21,23,45490,9,7,10,145,692:1,158,437637,59,58,60,113669,16,15,16,48,3,767,186,4,65.1,57.6,25675,86,,,,,,,3.0,2.9,3.7,2.7,2.9,3.5,0.15,13229,-2489,65,46901,56434,0.83,0.81,0.85,69755,67734,71776,63319,56532,70106,87534,81170,93898,54546,51974,57118,62583,61467,63699,88698,86382,91014,545,4,42,9,8,9,9,8,9,,,,3,1,5,26,23,29,,,,,,,5,4,6,1633,12,11,12,12,11,12,,,,5,3,8,14,12,16,,,,,,,12,11,13,1476,15,14,15,12,11,13,,,,,,,32,28,36,,,,,,,18,16,19,9,8,10,29,26,32,24.5,13.1,50.4,27169,1.3,76397,3.7,1248635,59.8,5268,0.3,168637,8.1,556030,26.6,33,105831,6,5,6,146700,506483,29,28,30,94592,4.7,2087679,
48031,Texas,Blanco,78.0,76.2,79.9,80.4,74.6,86.1,,,,,,,,,,,,,,,,76.9,74.6,79.2,213,380,320,441,364,240,530,,,,,,,,,,,,,,,,412,337,488,,,,,,,,,,,,,,,,,,,,,,,,,,,,,,,,,,,,,,,,,,,,,,,,,,,13,11,14,11,9,12,8,72,35,27,43,18,17,20,15,27,14,46,25,,,,,,,,,,,,,,,,,,,,,,36,30,41,100,1,1700,15,37,30,44,9,6,15,,,,,,,,,,,,,,,,,,,,,,13,104.7,22,18,27,5,28,18,9,29,,,,,,,,,,,,,,,,,,,,,,,,,,16,14,18,24,20,28,1422,20,17,23,258,12,9,15,46,2175:1,32,3713,74,70,78,539,11,7,16,14,3,623,168,3,50.3,79.9,143,97,,,,,,,3.5,,,,3.2,3.6,0.02,12984,-40,43,50357,68305,0.74,0.53,0.94,91031,83052,99010,133393,109383,157403,,,,,,,65842,44749,86935,88376,77666,99086,3,7,,,,,,,,,,,,,,,,,,,,,,,,,,13,16,8,27,,,,,,,,,,,,,,,,,,,,,,12,20,10,35,,,,,,,,,,,,,,,,,,,,,,,,,28,24,32,16.5,27.2,50.3,186,1.4,137,1.0,2415,18.5,9,0.1,152,1.2,10060,77.1,31,125,1,0,2,246,2146,11,4,19,11374,100.0,13048,
48033,Texas,Borden,,,,,,,,,,,,,,,,,,,,,,,,,,,,,,,,,,,,,,,,,,,,,,,,,,,,,,,,,,,,,,,,,,,,,,,,,,,,,,,,,,,,,,,,,,,,,,,,,,,,9,9,10,9,8,10,16,3200,33,30,37,16,15,17,,,,,,,,,,,,,,,,,,,,,,,,,,,35,32,37,97,15,80,11,35,32,38,,,,,,,,,,,,,,,,,,,,,,,,,0,0.0,24,22,26,0,9,0,0,22,,,,,,,,,,,,,,,,,,,,,,,,,,12,11,13,19,18,21,48,15,13,17,15,11,8,15,0,572:0,0,152,64,57,71,11,7,0,48,,3,646,177,2,33.8,94.5,,,,,,,,,,,,,,,,25118,11254,,46579,61648,0.76,0.44,1.07,80738,67928,93548,,,,,,,,,,29028,5037,53019,69688,49039,90337,1,12,,,,,,,,,,,,,,,,,,,,,,,,,,,,,,,,,,,,,,,,,,,,,,,,,,,,,,,,,,,,,,,,,,,,,,,,,,,,,,,27,25,29,20.5,24.8,49.7,5,0.9,1,0.2,85,14.9,0,0.0,10,1.7,463,80.9,25,1,0,0,11,16,240,7,0,17,631,100.0,572,
48035,Texas,Bosque,73.6,72.2,74.9,83.1,73.4,92.9,,,,,,,,,,,,,,,,72.4,70.7,74.0,419,566,505,627,375,261,522,,,,,,,,,,,,,,,,609,535,683,,,,,,,,,,,,,,,,,,,,,,,,,,,,,,,,,,,,,,,,,,,,,,,,,,,15,13,17,12,11,14,22,137,37,29,46,20,19,22,15,17,9,29,16,,,,,,,,,,,,,,,,,,,,,,35,30,40,1774,10,3090,17,38,32,46,25,20,30,34,24,47,,,,,,,,,,,,,,,,19,14,25,32,171.2,21,17,25,9,28,32,22,42,11,20,10,35,,,,,,,,,,,,,,,,,,,,,,19,17,22,29,25,34,2373,23,20,26,496,12,9,16,47,2111:1,18,5667,76,72,80,415,6,4,8,6,3,661,153,3,49.8,66.4,144,89,,,,,,,3.0,,,,2.8,3.2,0.05,15209,-6122,65,40487,58896,0.69,0.60,0.78,66325,58417,74233,,,,,,,83125,5947,160303,66146,51775,80517,69272,64389,74155,5,5,24,,,,,,,,,,,,,,,,,,,,,,,,,38,29,21,40,,,,,,,,,,,,,,,,,,,,,,,,,,,,,,,,,,,,,,,,,,,,,,,,,,27,23,31,20.7,25.6,50.9,213,1.1,144,0.8,3719,19.6,20,0.1,352,1.9,14403,75.8,36,358,2,1,3,783,3867,20,13,27,18235,100.0,18996,
48037,Texas,Bowie,72.3,71.7,72.9,85.1,77.8,92.3,,,,,,,68.6,67.3,69.8,,,,,,,72.6,71.9,73.4,1999,614,586,642,300,217,404,,,,,,,831,764,899,,,,,,,590,556,624,73,76,60,96,,,,,,,,,,133,93,184,,,,,,,64,44,89,65,8,7,11,,,,,,,,,,17,12,23,,,,,,,6,4,9,14,12,15,13,11,15,276,360,41,33,49,20,18,22,113,24,19,28,24,,,,,,,,,,11,6,19,,,,,,,31,25,38,36,31,42,8785,9,15660,17,43,35,50,35,32,37,32,25,42,,,,,,,53,47,59,,,,76,56,101,25,22,28,607,659.5,19,15,23,16,81,20,14,26,34,12,8,17,,,,,,,,,,,,,,,,,,,,,,18,16,21,28,24,33,9540,19,17,22,2227,10,7,13,206,485:1,63,21818,63,61,65,4113,12,11,14,7,3,421,85,3,57.6,55.1,1266,87,,,,,,,3.2,,,2.9,2.9,3.5,0.17,12250,-3651,67,42169,53560,0.79,0.71,0.86,55343,49370,61316,66150,53100,79200,89896,66409,113383,40464,34647,46281,57603,48274,66932,66777,63952,69602,33,6,46,10,8,13,,,,,,,,,,23,16,32,,,,,,,5,3,8,121,19,15,22,,,,,,,,,,26,19,35,,,,,,,17,13,22,108,23,19,28,,,,,,,,,,24,16,35,,,,,,,26,21,33,9,6,13,30,27,34,23.7,17.7,50.0,1059,1.2,1228,1.3,7999,8.7,95,0.1,23332,25.4,56287,61.4,35,868,1,1,1,7063,22032,32,27,37,35247,37.9,91687,
48039,Texas,Brazoria,76.9,76.6,77.2,79.9,79.1,80.7,,,,91.0,87.9,94.2,76.1,75.3,76.9,,,,,,,75.2,74.8,75.6,4867,396,385,407,343,322,365,,,,147,121,173,408,378,437,,,,,,,465,448,483,190,44,38,50,37,29,48,,,,,,,70,51,95,,,,,,,45,35,57,165,5,4,6,4,3,6,,,,,,,10,8,14,,,,,,,4,3,5,12,10,13,13,11,14,971,304,40,35,44,17,15,18,280,15,13,17,15,11,8,14,,,,,,,10,6,14,,,,,,,21,18,25,33,30,37,20853,7,48140,13,42,38,46,17,16,18,23,22,25,,,,,,,11,9,13,,,,13,9,18,15,14,17,1536,395.7,20,17,23,67,215,31,28,35,188,16,14,19,10,7,14,,,,,,,11,6,17,,,,,,,25,21,29,13,11,15,25,23,29,40966,18,16,19,9004,9,7,11,81,1228:1,54,97080,74,72,76,13560,11,9,12,29,3,450,125,4,62.0,62.1,5285,95,,,,,,,3.4,2.8,4.4,3.2,3.2,3.5,0.12,12726,-3398,53,60573,77489,0.78,0.74,0.82,93071,87078,99064,66644,31543,101745,123641,107197,140085,93442,83245,103639,84038,78345,89731,97309,92842,101776,152,6,46,5,4,6,3,2,5,,,,,,,11,8,15,,,,,,,5,3,6,350,13,12,15,10,8,13,,,,,,,10,7,14,,,,,,,18,16,21,248,13,11,15,8,6,11,,,,,,,14,10,19,,,,,,,19,16,22,8,6,11,27,24,31,25.5,13.0,49.7,3567,0.9,31629,7.9,127014,31.8,486,0.1,67190,16.8,165460,41.5,30,13769,4,3,4,21182,98511,22,19,24,84062,22.6,398938,
48041,Texas,Brazos,79.0,78.5,79.4,80.8,79.4,82.1,,,,107.6,77.9,137.4,72.7,71.4,73.9,,,,,,,79.2,78.7,79.8,1966,329,314,344,310,277,342,,,,101,65,150,611,551,672,,,,,,,309,290,328,128,50,42,59,43,30,59,,,,,,,93,62,134,,,,,,,52,39,67,99,5,4,6,6,4,8,,,,,,,8,5,12,,,,,,,4,3,6,13,11,15,13,11,14,476,229,37,30,45,18,16,20,120,10,8,12,10,7,4,11,,,,,,,7,3,14,,,,,,,13,10,17,34,29,40,24093,12,40010,17,36,30,43,13,13,14,24,22,26,,,,,,,33,29,38,,,,16,10,23,5,4,6,1595,659.1,18,14,22,17,79,22,16,28,65,9,7,12,,,,,,,,,,,,,,,,,,,,,,15,13,17,26,22,30,26571,18,16,20,4983,10,8,12,89,1128:1,96,41372,47,45,48,19457,23,21,24,61,3,682,113,2,57.3,52.7,2147,90,,,,,,,3.2,,4.4,2.6,3.1,3.6,0.12,11339,-4542,60,44654,58498,0.76,0.71,0.82,55724,50559,60889,50536,2107,98965,64679,50809,78549,33382,28122,38642,51839,46968,56710,71093,66639,75547,77,6,41,4,3,5,5,3,8,,,,,,,11,7,17,,,,,,,2,1,3,154,10,8,11,12,9,16,,,,,,,11,7,17,,,,,,,9,7,11,113,10,8,11,6,4,10,,,,,,,18,11,27,,,,,,,11,8,13,5,3,6,27,23,30,20.2,10.6,49.6,1790,0.7,13997,5.7,67187,27.5,318,0.1,26326,10.8,132613,54.2,31,7353,3,3,4,12779,47914,27,23,30,27712,11.9,244703,
48043,Texas,Brewster,79.7,77.4,82.0,83.2,79.9,86.6,,,,,,,,,,,,,,,,75.4,71.7,79.1,156,416,344,487,268,189,370,,,,,,,,,,,,,,,,580,453,708,,,,,,,,,,,,,,,,,,,,,,,,,,,,,,,,,,,,,,,,,,,,,,,,,,,12,10,13,12,10,13,9,110,36,28,44,16,14,18,15,33,18,56,32,,,,,,,,,,,,,,,,,,,,,,35,30,41,1507,16,1680,18,36,29,43,15,10,23,,,,,,,,,,,,,,,,,,,,,,17,182.0,20,16,25,1,10,10,1,30,,,,,,,,,,,,,,,,,,,,,,,,,,12,11,14,24,20,28,1285,26,22,29,227,14,10,18,126,793:1,33,2819,57,52,63,469,10,5,15,55,3,351,188,2,35.2,69.5,92,96,,,,,,,3.1,,,,3.0,3.2,0.02,47297,25011,55,48867,62923,0.78,0.56,0.99,57871,49198,66544,,,,,,,,,,54630,39329,69931,48918,40956,56880,1,2,,,,,,,,,,,,,,,,,,,,,,,,,,10,15,7,28,,,,,,,,,,,,,,,,,,,,,,15,32,18,53,,,,,,,,,,,,,,,,,,,,,,,,,28,24,32,16.9,24.1,49.1,194,2.0,243,2.6,4000,42.0,14,0.1,229,2.4,4814,50.6,29,182,2,0,4,538,1623,33,18,48,3263,34.2,9513,
48045,Texas,Briscoe,,,,,,,,,,,,,,,,,,,,,,,,,22,377,227,589,,,,,,,,,,,,,,,,,,,,,,,,,,,,,,,,,,,,,,,,,,,,,,,,,,,,,,,,,,,,,,,,,,,,,,,,18,17,19,16,15,17,,,43,38,49,22,21,23,,,,,,,,,,,,,,,,,,,,,,,,,,,36,33,39,793,48,280,22,42,37,46,,,,,,,,,,,,,,,,,,,,,,,,,4,279.5,18,15,20,1,3,33,4,64,,,,,,,,,,,,,,,,,,,,,,,,,,23,21,24,36,33,40,199,25,21,29,43,13,9,17,69,1445:1,,434,78,72,85,90,18,3,33,1,3,496,168,2,41.3,71.1,,,,,,,,,3.2,,,,,,0.02,15354,-2083,51,40893,52917,0.77,0.29,1.25,57983,49349,66617,,,,,,,16875,6177,27573,42989,22302,63676,41438,25809,57067,,,,,,,,,,,,,,,,,,,,,,,,,,,,,,,,,,,,,,,,,,,,,,,,,,,,,,,,,,,,,,,,,,,,,,,,,,,,,,,,,29,27,32,21.9,23.7,48.9,19,1.3,2,0.1,412,28.5,1,0.1,58,4.0,924,63.9,42,48,4,0,11,9,218,4,0,14,1435,100.0,1445,
48047,Texas,Brooks,70.3,68.2,72.4,,,,,,,,,,,,,,,,,,,,,,160,745,624,866,,,,,,,,,,,,,,,,,,,,,,,,,,,,,,,,,,,,,,,,,,,,,,,,,,,,,,,,,,,,,,,,,,,,,,,,18,17,19,19,18,20,10,179,45,41,49,19,18,20,,,,,,,,,,,,,,,,,,,,,,,,,,,36,33,38,733,10,1850,26,42,38,45,50,39,62,,,,,,,,,,,,,,,,,,,,,,27,391.0,17,15,19,3,28,11,3,22,,,,,,,,,,,,,,,,,,,,,,,,,,17,16,19,40,37,42,807,23,19,27,142,8,5,11,44,2283:1,22,1533,53,43,63,252,11,3,19,,3,881,135,3,37.9,51.2,99,93,,,,,,,2.8,,,,,,0.07,15294,-6370,93,29400,55260,0.53,0.00,1.08,36695,31159,42231,,,,,,,,,,29503,13525,45481,61442,22868,100016,5,18,,,,,,,,,,,,,,,,,,,,,,,,,,11,22,11,40,,,,,,,,,,,,,,,,,,,,,,,,,,,,,,,,,,,,,,,,,,,,,,,,,,31,29,33,25.4,17.0,46.8,67,1.0,92,1.3,5952,86.9,2,0.0,184,2.7,568,8.3,43,548,8,4,12,262,1295,20,1,39,2579,36.4,6848,
48049,Texas,Brown,72.3,71.4,73.2,76.3,74.3,78.3,,,,,,,,,,,,,,,,71.0,69.9,72.1,929,618,575,660,471,383,560,,,,,,,690,462,991,,,,,,,675,623,727,24,67,43,99,,,,,,,,,,,,,,,,,,,,,,,,,,,,,,,,,,,,,,,,,,,,,,,14,12,15,12,11,14,41,124,38,31,46,19,18,21,38,19,13,26,20,,,,,,,,,,,,,,,,,,,,,,36,31,41,5062,13,7030,18,39,32,46,26,23,29,24,19,30,,,,,,,16,9,28,,,,,,,30,25,34,109,284.1,21,17,25,6,24,25,14,37,11,10,5,17,,,,,,,,,,,,,,,,,,,,,,17,15,19,28,24,33,4549,21,18,24,705,9,6,11,109,922:1,48,10209,68,66,71,1693,12,9,14,14,3,668,170,3,51.7,55.7,420,93,,,,,,,3.0,,,,2.8,3.1,0.06,14076,-2820,63,39135,50244,0.78,0.70,0.86,57744,49698,65790,71667,15055,128279,92500,54173,130827,48125,22452,73798,49909,38835,60983,56052,49437,62667,12,6,58,,,,,,,,,,,,,,,,,,,,,,,,,50,19,14,25,,,,,,,,,,,,,,,,,,,,,,28,15,10,21,,,,,,,,,,,,,,,,,,,,,,8,3,13,28,24,32,20.5,21.2,50.4,417,1.1,317,0.8,8864,22.9,33,0.1,1403,3.6,27372,70.7,34,403,1,1,2,2361,7863,30,23,37,16533,43.4,38709,
48051,Texas,Burleson,74.6,73.3,75.8,78.2,74.5,81.9,,,,,,,69.1,64.7,73.6,,,,,,,74.6,73.1,76.2,397,527,470,583,424,307,571,,,,,,,848,646,1094,,,,,,,509,441,578,,,,,,,,,,,,,,,,,,,,,,,,,,,,,,,,,,,,,,,,,,,,,,,,,,,14,12,15,12,11,14,30,191,38,31,47,19,18,21,13,14,7,25,14,,,,,,,,,,,,,,,,,,,,,,34,29,40,923,5,2710,15,38,31,45,26,21,32,36,26,48,,,,,,,23,12,39,,,,,,,21,15,29,68,364.5,21,17,25,10,41,24,16,33,,,,,,,,,,,,,,,,,,,,,,,,,,18,16,20,28,24,32,2587,24,21,28,530,13,9,16,51,1948:1,27,6267,81,77,84,550,7,5,10,7,3,680,120,3,43.6,64.0,209,95,,,,,,,3.1,,,2.5,2.9,3.3,0.01,13961,-5647,65,48756,58686,0.83,0.66,1.01,63764,54610,72918,,,,,,,60642,38161,83123,51964,34739,69189,77430,68813,86047,4,4,31,,,,,,,,,,,,,,,,,,,,,,,,,42,33,24,44,,,,,,,,,,,,,,,,,,,,,,17,18,11,30,,,,,,,,,,,,,,,,,,,,,,,,,27,23,30,22.3,21.3,50.3,262,1.3,161,0.8,4513,23.2,19,0.1,2033,10.4,12379,63.6,34,725,4,3,6,335,4033,8,3,13,17642,100.0,19475,
48053,Texas,Burnet,76.9,76.1,77.7,79.1,76.5,81.7,,,,,,,,,,,,,,,,76.1,75.1,77.1,859,412,381,442,339,272,405,,,,,,,,,,,,,,,,441,403,478,19,42,25,65,,,,,,,,,,,,,,,,,,,,,,,,,,,,,,,,,,,,,,,,,,,,,,,13,12,15,11,10,13,64,142,42,34,50,19,17,21,60,24,18,32,24,22,11,38,,,,,,,,,,,,,,,,25,18,35,36,30,41,2905,7,7130,14,39,32,46,22,19,24,29,24,35,,,,,,,,,,,,,,,,17,14,21,143,272.4,21,17,25,12,51,24,16,31,24,16,10,23,,,,,,,,,,,,,,,,,,,,,,16,14,18,27,23,31,6318,22,19,25,1460,13,10,17,89,1125:1,32,15139,77,75,79,2178,12,9,14,26,3,688,169,4,58.2,69.5,543,96,,,,,,,2.8,,,,2.6,3.1,0.04,11654,-1173,64,44955,62877,0.71,0.63,0.80,77824,71199,84449,,,,,,,83667,27706,139628,60621,53700,67542,80058,74851,85265,20,8,69,4,2,7,,,,,,,,,,,,,,,,,,,,,,82,24,19,30,18,10,30,,,,,,,,,,,,,,,,27,21,34,49,20,15,26,,,,,,,,,,,,,,,,,,,,,,,,,26,23,30,20.1,24.0,50.7,689,1.3,641,1.2,12690,23.5,54,0.1,912,1.7,38769,71.8,33,1786,4,3,5,1572,10459,15,10,20,33076,67.3,53991,
48055,Texas,Caldwell,75.7,74.9,76.6,76.6,75.4,77.9,,,,,,,72.0,69.1,74.9,,,,,,,75.0,73.6,76.4,746,471,436,505,436,387,485,,,,,,,658,499,850,,,,,,,499,443,554,22,46,29,70,,,,,,,,,,,,,,,,,,,,,,,,,,,,,,,,,,,,,,,,,,,,,,,15,13,17,15,13,17,111,275,39,31,48,19,17,21,30,13,9,19,13,8,4,15,,,,,,,,,,,,,,,,21,12,33,36,31,41,2620,7,7720,17,38,31,46,34,31,38,43,38,48,,,,,,,,,,,,,,,,18,13,24,229,478.6,19,15,24,16,63,25,19,32,16,12,7,19,,,,,,,,,,,,,,,,,,,,,,17,15,19,32,27,37,7607,27,23,30,1333,12,9,15,42,2374:1,32,11518,73,69,77,1687,11,8,14,9,3,744,163,2,55.7,51.5,575,86,,,,,,,2.8,,,,2.7,3.2,0.04,11793,-7079,74,40170,50089,0.80,0.68,0.92,63395,55594,71196,,,,98380,67065,129695,29602,13979,45225,68784,60429,77139,69984,61690,78278,12,4,35,7,4,10,7,3,12,,,,,,,,,,,,,,,,8,4,16,71,23,18,29,23,17,32,,,,,,,,,,,,,,,,25,16,35,33,15,10,21,10,5,17,,,,,,,,,,,,,,,,25,15,38,17,8,26,30,26,34,23.2,15.5,49.5,903,1.8,437,0.9,28715,57.6,63,0.1,2585,5.2,17520,35.1,36,3082,7,5,9,1728,10570,16,10,22,25049,54.6,49859,
48057,Texas,Calhoun,75.6,74.3,76.8,74.0,72.2,75.7,,,,,,,,,,,,,,,,75.0,72.9,77.1,353,469,417,521,496,414,578,,,,,,,,,,,,,,,,504,422,587,15,70,39,116,,,,,,,,,,,,,,,,,,,,,,,,,,,,,,,,,,,,,,,,,,,,,,,12,11,14,13,11,15,23,139,37,29,45,17,15,19,18,19,11,30,17,,,,,,,,,,,,,,,,,,,,,,36,31,41,6054,28,3190,16,38,31,46,34,28,39,42,35,50,,,,,,,,,,,,,,,,18,11,27,67,340.0,20,16,24,8,17,47,35,58,,,,,,,,,,,,,,,,,,,,,,,,,,14,12,16,27,23,32,2204,20,17,23,465,10,7,13,81,1231:1,49,6415,76,71,82,350,4,2,7,3,3,504,136,4,36.5,52.3,274,97,,,,,,,3.5,,,,3.4,3.7,0.03,12988,-1116,64,39571,72304,0.55,0.37,0.73,68885,59230,78540,,,,130667,100184,161150,,,,56023,45263,66783,83634,76004,91264,9,7,39,,,,,,,,,,,,,,,,,,,,,,,,,32,22,15,31,23,14,37,,,,,,,,,,,,,,,,24,14,40,16,15,9,25,,,,,,,,,,,,,,,,,,,,,,,,,30,26,34,23.0,20.0,48.6,220,1.1,1006,5.1,9782,49.7,16,0.1,432,2.2,8222,41.7,31,703,4,2,6,1437,4633,31,17,45,8051,40.0,19696,
48059,Texas,Callahan,73.5,71.9,75.0,,,,,,,,,,,,,,,,,,,,,,301,534,469,599,504,308,778,,,,,,,,,,,,,,,,542,471,614,13,98,52,167,,,,,,,,,,,,,,,,,,,,,,,,,,,,,,,,,,,,,,,,,,,,,,,13,11,14,11,10,13,10,83,36,28,45,19,17,21,22,30,18,47,31,,,,,,,,,,,,,,,,,,,,,,35,30,40,1222,9,2180,16,37,30,45,23,18,30,33,17,56,,,,,,,,,,,,,,,,22,17,29,30,211.1,23,18,28,4,42,10,4,18,,,,,,,,,,,,,,,,,,,,,,,,,,17,15,19,25,21,30,1681,21,18,24,339,11,8,14,90,1106:1,25,4292,82,79,85,322,6,4,9,8,3,603,146,3,54.5,63.5,147,94,,,,,,,2.9,,,,,,0.03,13635,-2388,51,42621,62841,0.68,0.50,0.85,63378,54238,72518,16250,13973,18527,,,,,,,64063,19500,108626,68391,63021,73761,3,4,59,,,,,,,,,,,,,,,,,,,,,,,,,26,26,17,39,,,,,,,,,,,,,,,,,,,,,,16,23,13,37,,,,,,,,,,,,,,,,,,,,,,,,,26,23,30,21.8,21.7,50.1,152,1.1,108,0.8,1694,11.8,15,0.1,250,1.7,11940,83.1,31,42,0,0,1,693,3005,23,14,32,13708,100.0,14374,
48061,Texas,Cameron,76.3,76.0,76.6,76.1,75.8,76.4,,,,92.2,84.1,100.4,78.4,71.0,85.8,,,,,,,74.2,73.0,75.3,5953,473,461,485,469,456,482,,,,,,,464,300,685,,,,,,,599,552,647,251,45,40,51,43,37,48,,,,,,,,,,,,,,,,111,73,162,237,5,5,6,,,,,,,,,,,,,,,,,,,,,,19,17,21,20,18,22,1051,309,48,43,52,20,18,22,173,9,7,10,8,6,5,8,,,,,,,,,,,,,,,,29,21,40,41,37,45,72825,18,92480,22,41,37,45,35,34,36,33,32,34,,,,29,17,47,107,76,145,,,,,,,63,57,70,2299,540.7,16,14,19,29,151,19,15,24,77,6,5,8,5,4,7,,,,,,,,,,,,,,,,16,9,25,17,16,20,42,38,45,78783,33,31,35,12725,10,8,12,101,995:1,89,88354,65,64,66,17322,13,12,14,42,3,693,82,5,50.7,48.4,6846,92,,,,,,,3.3,,4.5,,3.3,3.5,0.08,14808,-7379,86,37121,43843,0.85,0.80,0.89,51716,49014,54418,41654,15937,67371,78500,29325,127675,56000,21816,90184,48181,45991,50371,65492,59133,71851,202,6,85,3,2,4,,,,,,,,,,,,,,,,,,,,,,309,10,9,12,10,9,12,,,,,,,,,,,,,,,,12,8,17,137,6,5,8,5,4,6,,,,,,,,,,,,,,,,23,16,31,14,11,16,34,30,37,28.2,14.5,50.5,2884,0.7,4045,0.9,380446,89.2,367,0.1,2746,0.6,38440,9.0,44,60162,15,15,16,44148,122606,36,33,39,74021,17.6,426710,
48063,Texas,Camp,70.7,69.1,72.2,89.6,69.8,109.5,,,,,,,66.7,62.9,70.4,,,,,,,69.5,67.3,71.6,337,729,645,813,287,178,439,,,,,,,1016,782,1297,,,,,,,794,678,909,,,,,,,,,,,,,,,,,,,,,,,,,,,,,,,,,,,,,,,,,,,,,,,,,,,15,13,17,14,12,16,19,184,40,32,48,20,18,22,10,14,6,26,15,,,,,,,,,,,,,,,,,,,,,,36,30,42,613,5,2320,19,40,33,48,34,28,41,23,16,33,,,,,,,41,25,64,,,,,,,43,32,56,69,542.6,18,14,23,6,20,30,18,42,,,,,,,,,,,,,,,,,,,,,,,,,,18,16,20,30,26,35,1689,24,21,28,410,12,8,16,54,1857:1,16,3582,77,72,81,580,13,8,18,12,3,489,85,3,49.0,58.9,169,98,,,,,,,3.3,,,3.0,3.3,3.5,0.01,12679,-5014,81,40379,55029,0.73,0.51,0.95,53775,46037,61513,,,,,,,28788,15000,42576,44615,19073,70157,61042,52460,69624,4,5,21,,,,,,,,,,,,,,,,,,,,,,,,,30,33,22,47,,,,,,,,,,,,,,,,,,,,,,12,19,10,32,,,,,,,,,,,,,,,,,,,,,,,,,30,26,35,27.0,18.5,51.2,185,1.4,193,1.5,3625,27.9,23,0.2,1919,14.8,6927,53.3,36,519,4,3,6,969,3337,29,18,40,12464,100.0,13000,
48065,Texas,Carson,72.1,69.4,74.7,,,,,,,,,,,,,,,,,,,,,,121,563,455,671,,,,,,,,,,,,,,,,,,,,,,,,,,,,,,,,,,,,,,,,,,,,,,,,,,,,,,,,,,,,,,,,,,,,,,,,12,10,13,10,9,12,,,34,27,43,18,16,20,,,,,,,,,,,,,,,,,,,,,,,,,,,34,29,39,326,5,750,13,38,30,45,13,8,21,,,,,,,,,,,,,,,,,,,,,,13,224.8,23,18,28,5,21,24,12,36,,,,,,,,,,,,,,,,,,,,,,,,,,15,14,18,22,19,27,540,17,14,19,170,12,8,16,153,653:1,11,1815,79,73,84,91,4,0,9,37,3,441,164,3,54.0,68.7,,,,,,,,,3.2,,,,,,0.03,14530,-412,38,41552,85543,0.49,0.43,0.55,73716,63233,84199,,,,,,,,,,83750,66670,100830,88750,72760,104740,1,2,,,,,,,,,,,,,,,,,,,,,,,,,,13,31,17,54,,,,,,,,,,,,,,,,,,,,,,,,,,,,,,,,,,,,,,,,,,,,,,,,,,25,21,28,23.3,21.0,48.7,95,1.6,44,0.7,662,11.3,4,0.1,84,1.4,4883,83.1,29,13,0,0,2,213,1302,16,4,29,5807,100.0,5878,
48067,Texas,Cass,70.7,69.7,71.8,,,,,,,,,,65.8,62.8,68.7,,,,,,,71.2,70.0,72.4,778,697,644,750,,,,,,,,,,1007,840,1174,,,,,,,670,611,729,23,80,51,121,,,,,,,,,,238,123,415,,,,,,,56,28,100,,,,,,,,,,,,,,,,,,,,,,,,,,15,13,17,12,11,14,50,208,39,31,47,22,20,24,42,30,21,41,29,,,,,,,,,,,,,,,,,,,,,,37,32,42,2282,7,5390,19,42,35,49,28,24,33,33,18,56,,,,,,,27,18,38,,,,,,,29,24,34,92,322.4,20,16,24,5,50,10,4,18,14,16,9,27,,,,,,,,,,,,,,,,,,,,,,21,18,23,30,26,35,3131,20,17,23,800,12,9,16,80,1246:1,17,9124,77,75,80,1235,11,8,14,7,3,445,84,3,51.0,61.2,365,96,,,,,,,3.1,,,2.8,3.1,3.2,0.07,13535,-6519,65,36935,58204,0.63,0.55,0.72,52092,45963,58221,,,,,,,35514,20002,51026,40807,26318,55296,57613,53245,61981,5,3,30,8,4,13,,,,,,,,,,,,,,,,,,,,,,61,29,22,38,,,,,,,,,,32,16,57,,,,,,,29,21,39,39,27,19,36,,,,,,,,,,,,,,,,,,,,,,,,,31,27,35,22.9,22.5,51.4,272,0.9,205,0.7,1654,5.8,25,0.1,4581,16.0,21495,75.0,37,79,0,0,1,2305,6456,36,26,46,22923,80.6,28659,
48069,Texas,Castro,75.4,73.2,77.6,73.7,70.8,76.6,,,,,,,,,,,,,,,,78.5,75.3,81.8,116,488,395,582,529,412,670,,,,,,,,,,,,,,,,392,264,559,,,,,,,,,,,,,,,,,,,,,,,,,,,,,,,,,,,,,,,,,,,,,,,,,,,14,13,16,15,13,16,5,86,40,32,49,18,16,20,,,,,,,,,,,,,,,,,,,,,,,,,,,35,29,40,361,4,1130,15,40,32,47,32,25,41,,,,,,,,,,,,,,,,,,,,,,14,191.8,19,15,23,4,13,31,16,46,,,,,,,,,,,,,,,,,,,,,,,,,,15,13,17,32,27,37,1188,31,27,34,340,16,11,20,69,1445:1,0,1679,69,62,76,266,12,5,18,37,3,468,178,2,42.4,45.9,116,93,,,,,,,3.1,,,,2.9,4.1,0.41,13468,-5505,75,45906,55273,0.83,0.65,1.01,55135,46774,63496,,,,,,,,,,56930,41647,72213,70625,51332,89918,2,3,,,,,,,,,,,,,,,,,,,,,,,,,,16,30,17,49,,,,,,,,,,,,,,,,,,,,,,,,,,,,,,,,,,,,,,,,,,,,,,,,,,28,24,32,29.3,17.2,48.2,164,2.3,72,1.0,4742,65.6,4,0.1,141,2.0,2203,30.5,36,768,11,7,15,402,2121,19,9,29,7371,100.0,7227,
48071,Texas,Chambers,76.2,75.4,77.0,82.9,77.1,88.6,,,,,,,73.8,71.0,76.6,,,,,,,75.4,74.4,76.4,649,438,404,472,349,275,438,,,,,,,579,451,731,,,,,,,454,413,495,27,47,31,68,,,,,,,,,,,,,,,,,,,,,,,,,,,,,,,,,,,,,,,,,,,,,,,12,11,14,12,10,14,43,104,39,31,47,19,17,20,40,18,13,24,17,,,,,,,,,,,,,,,,,,,,,,33,28,39,1451,4,7320,16,39,32,47,15,13,17,14,11,19,,,,,,,29,19,42,,,,,,,14,11,17,70,136.5,21,17,26,17,66,26,19,32,31,21,14,30,,,,,,,,,,,,,,,,,,,,,,15,13,17,25,21,30,4975,16,14,19,1419,9,7,12,67,1497:1,36,13651,82,79,85,1550,10,6,13,12,3,412,84,4,53.4,75.1,619,98,,,,,,,3.6,,,2.9,3.4,3.7,0.03,12872,-2089,51,55035,90085,0.61,0.53,0.69,103034,91550,114518,,,,,,,61176,29779,92573,95238,70266,120210,118858,102059,135657,17,6,17,4,2,7,,,,,,,,,,,,,,,,,,,,,,44,14,10,19,,,,,,,,,,,,,,,,,,,,,,37,16,11,22,,,,,,,,,,,,,,,,,,,,,,,,,25,22,29,27.7,11.9,49.4,633,1.2,841,1.6,14727,27.3,89,0.2,4644,8.6,32781,60.8,32,1243,3,2,4,1637,13509,12,7,17,25198,54.1,53876,
48073,Texas,Cherokee,73.1,72.4,73.9,78.9,75.4,82.3,,,,,,,69.7,67.5,71.8,,,,,,,72.9,71.9,73.9,1095,594,557,630,441,355,527,,,,,,,735,625,845,,,,,,,612,566,659,34,58,40,81,47,22,86,,,,,,,,,,,,,,,,59,33,95,40,8,6,11,,,,,,,,,,,,,,,,,,,,,,15,13,17,14,12,16,120,283,39,31,47,20,18,22,51,20,15,27,20,,,,,,,,,,,,,,,,,,,,,,37,32,42,6499,13,8490,17,41,33,48,40,36,44,47,41,54,,,,,,,47,37,59,,,,71,45,105,32,27,36,271,524.7,19,15,23,25,75,33,27,39,17,11,6,17,,,,,,,,,,,,,,,,,,,,,,19,17,22,31,26,35,6603,24,21,27,1348,10,7,13,69,1450:1,30,13155,73,70,76,1805,11,9,13,18,3,574,118,3,50.1,55.7,737,96,,,,,,,3.0,,,2.6,2.8,3.3,0.16,13244,-12702,66,36530,50760,0.72,0.61,0.83,57691,52039,63343,155241,13839,296643,80423,25295,135551,37996,28690,47302,54254,39892,68616,64622,59663,69581,8,2,43,5,3,7,,,,,,,,,,,,,,,,,,,,,,113,31,25,37,31,20,45,,,,,,,32,18,52,,,,,,,32,25,40,43,16,12,22,,,,,,,,,,,,,,,,,,,,,,10,3,16,31,28,35,25.3,18.1,48.8,852,1.6,373,0.7,12630,24.2,63,0.1,6882,13.2,31240,59.8,37,2119,4,3,5,3578,12975,28,22,33,36531,72.5,52217,
48075,Texas,Childress,73.6,71.6,75.6,70.2,65.8,74.5,,,,,,,,,,,,,,,,73.8,71.1,76.4,122,577,471,683,762,518,1082,,,,,,,,,,,,,,,,556,436,699,,,,,,,,,,,,,,,,,,,,,,,,,,,,,,,,,,,,,,,,,,,,,,,,,,,15,13,17,14,12,16,8,136,41,33,50,19,17,21,,,,,,,,,,,,,,,,,,,,,,,,,,,35,30,40,1334,19,1110,16,41,34,49,33,24,45,47,29,73,,,,,,,,,,,,,,,,24,14,39,27,396.5,19,15,24,0,10,0,0,20,,,,,,,,,,,,,,,,,,,,,,,,,,19,17,22,31,26,36,700,22,19,26,131,9,6,13,162,617:1,57,1382,64,56,71,248,12,3,21,,3,645,190,2,51.5,42.2,72,93,,,,,,,3.4,,,,3.3,3.5,0.01,12598,-2235,62,33460,66875,0.50,0.22,0.78,53921,45521,62321,,,,,,,,,,76068,34036,118100,65227,44768,85686,2,6,,,,,,,,,,,,,,,,,,,,,,,,,,,,,,,,,,,,,,,,,,,,,,,,,,,,,,,,,,,,,,,,,,,,,,,,,,,,,,,29,25,33,19.1,17.0,41.4,79,1.2,75,1.1,2122,31.3,5,0.1,657,9.7,3770,55.5,37,69,1,0,3,437,1260,35,13,56,2148,32.2,6788,
48077,Texas,Clay,75.7,73.9,77.5,,,,,,,,,,,,,,,,,,,,,,220,487,415,559,,,,,,,,,,,,,,,,,,,,,,,,,,,,,,,,,,,,,,,,,,,,,,,,,,,,,,,,,,,,,,,,,,,,,,,,12,10,13,10,9,12,6,66,35,27,43,19,17,20,18,32,18,53,34,,,,,,,,,,,,,,,,,,,,,,34,29,40,2212,21,1660,16,36,29,43,23,17,30,,,,,,,,,,,,,,,,,,,,,,17,162.1,22,18,27,6,25,24,14,35,,,,,,,,,,,,,,,,,,,,,,,,,,15,14,17,23,19,27,1060,18,15,21,249,11,8,14,47,2148:1,16,3404,81,77,84,349,9,5,13,7,3,633,140,2,57.9,70.8,139,93,,,,,,,3.1,,,,,,0.03,15597,-1531,52,52642,70725,0.74,0.61,0.88,73557,65941,81173,93365,68160,118570,,,,,,,99800,52449,147151,75379,66921,83837,3,7,62,,,,,,,,,,,,,,,,,,,,,,,,,15,21,12,34,,,,,,,,,,,,,,,,,,,,,,12,23,12,40,,,,,,,,,,,,,,,,,,,,,,,,,26,22,29,20.5,24.2,49.6,178,1.7,104,1.0,789,7.3,8,0.1,139,1.3,9312,86.7,29,74,1,0,2,596,2040,29,19,40,10218,100.0,10738,
48079,Texas,Cochran,71.4,67.7,75.0,,,,,,,,,,,,,,,,,,,,,,61,682,519,880,778,539,1087,,,,,,,,,,,,,,,,594,363,917,,,,,,,,,,,,,,,,,,,,,,,,,,,,,,,,,,,,,,,,,,,,,,,,,,,19,17,21,18,15,20,,,44,35,52,22,20,24,,,,,,,,,,,,,,,,,,,,,,,,,,,37,32,42,288,9,570,23,43,35,51,45,31,63,,,,,,,,,,,,,,,,,,,,,,6,237.5,17,13,21,0,3,0,0,42,,,,,,,,,,,,,,,,,,,,,,,,,,22,19,24,40,35,46,438,30,26,34,63,9,7,12,40,2509:1,,620,65,59,71,52,7,0,15,,3,491,162,2,44.9,54.6,,,,,,,,,2.9,,,,,,0.11,17692,-6831,70,33594,50057,0.67,0.39,0.96,46409,39278,53540,,,,,,,,,,36033,27679,44387,65100,47067,83133,,,,,,,,,,,,,,,,,,,,,,,,,,,,,,,,,,,,,,,,,,,,,,,,,,,,,,,,,,,,,,,,,,,,,,,,,,,,,,,,,32,28,36,27.0,15.1,49.1,96,3.8,18,0.7,1511,60.2,7,0.3,96,3.8,840,33.5,45,232,10,5,14,103,630,16,6,26,2547,100.0,2509,
48081,Texas,Coke,74.0,71.1,76.8,,,,,,,,,,,,,,,,,,,,,,68,493,372,642,,,,,,,,,,,,,,,,,,,,,,,,,,,,,,,,,,,,,,,,,,,,,,,,,,,,,,,,,,,,,,,,,,,,,,,,16,14,17,13,12,15,,,40,31,48,21,19,23,,,,,,,,,,,,,,,,,,,,,,,,,,,34,29,40,1198,36,620,19,40,33,48,24,14,38,,,,,,,,,,,,,,,,,,,,,,15,450.0,20,16,25,0,1,0,0,66,,,,,,,,,,,,,,,,,,,,,,,,,,21,18,23,31,27,36,372,21,17,24,85,12,8,16,30,3352:1,0,1051,71,64,78,91,7,1,12,,3,674,152,2,31.4,69.0,,,,,,,,,3.0,,,,,,0.05,15680,-2330,57,41369,60506,0.68,0.49,0.88,56786,49109,64463,,,,,,,,,,43750,16020,71480,52454,33582,71326,,,,,,,,,,,,,,,,,,,,,,,,,,,,,,,,,,,,,,,,,,,,,,,,,,,,,,,,,,,,,,,,,,,,,,,,,,,,,,,,,26,23,30,21.5,27.1,50.1,97,2.9,4,0.1,731,21.8,1,0.0,29,0.9,2489,74.3,37,20,1,0,3,122,658,19,4,33,3285,100.0,3352,
48083,Texas,Coleman,70.5,68.6,72.5,,,,,,,,,,,,,,,,,,,,,,234,678,579,777,882,618,1222,,,,,,,,,,,,,,,,690,573,808,,,,,,,,,,,,,,,,,,,,,,,,,,,,,,,,,,,,,,,,,,,,,,,,,,,14,12,15,12,11,14,9,134,38,31,47,19,18,21,,,,,,,,,,,,,,,,,,,,,,,,,,,35,30,41,908,10,1510,19,39,32,46,32,23,42,37,21,60,,,,,,,,,,,,,,,,32,22,45,22,280.3,21,17,25,6,23,26,15,38,,,,,,,,,,,,,,,,,,,,,,,,,,18,16,20,27,23,32,1100,26,22,30,173,10,7,14,64,1568:1,13,2485,77,75,79,297,10,5,15,,3,659,177,2,41.8,66.8,,,,,,,,,2.7,,,,,,0.02,14687,-6675,68,39771,57607,0.69,0.46,0.92,48955,41760,56150,,,,,,,49107,1654,96560,48200,4581,91819,52854,48254,57454,2,5,40,,,,,,,,,,,,,,,,,,,,,,,,,12,21,11,37,,,,,,,,,,,,,,,,,,,,,,,,,,,,,,,,,,,,,,,,,,,,,,,,,,27,23,31,21.1,25.5,50.0,114,1.5,93,1.2,1329,16.9,2,0.0,247,3.1,6010,76.6,34,123,2,0,3,358,1597,22,3,42,4085,53.2,7842,
48085,Texas,Collin,81.3,81.1,81.5,84.4,83.4,85.4,92.2,83.1,101.3,88.5,87.6,89.4,79.1,78.4,79.8,,,,,,,80.3,80.0,80.5,8043,233,228,238,219,203,235,,,,116,106,125,301,282,320,,,,,,,259,252,266,433,36,32,39,33,26,41,,,,29,23,38,54,42,67,,,,,,,37,32,42,350,4,4,5,4,3,6,,,,4,3,5,7,5,9,,,,,,,4,3,4,9,8,10,10,8,11,2297,238,29,25,32,14,12,15,611,11,10,12,11,6,4,8,,,,7,5,10,7,5,10,,,,,,,15,14,16,33,29,37,22214,3,130740,12,35,31,38,7,7,7,17,16,18,,,,1,0,1,9,8,10,,,,6,5,8,4,4,5,2811,242.6,18,16,21,88,287,31,28,34,336,10,9,11,7,5,9,,,,2,1,3,9,6,13,,,,,,,14,13,16,9,8,10,17,15,20,89657,12,11,13,20677,7,6,8,98,1023:1,141,256431,64,63,65,51300,13,12,14,63,3,623,105,2,70.6,76.1,17294,97,,,,,,,3.6,3.3,4.2,3.0,3.1,3.7,0.11,10618,-627,30,65949,96183,0.69,0.67,0.70,120149,114336,125962,121989,74464,169514,147227,141489,152965,84968,80478,89458,87151,82130,92172,124316,121032,127600,400,6,29,2,2,3,2,1,3,,,,1,0,2,8,6,10,,,,,,,2,1,2,502,7,6,7,8,7,10,,,,3,2,4,7,6,10,,,,,,,8,7,9,449,8,8,9,5,3,6,,,,3,2,5,11,8,14,,,,,,,11,10,12,6,4,7,24,21,27,24.4,11.9,50.2,8102,0.7,235347,19.7,192389,16.1,1306,0.1,137085,11.5,596604,49.9,21,37823,4,3,4,41642,279857,15,14,16,65460,6.1,1195359,
48087,Texas,Collingsworth,71.2,67.3,75.2,,,,,,,,,,,,,,,,,,,,,,53,590,433,784,,,,,,,,,,,,,,,,,,,,,,,,,,,,,,,,,,,,,,,,,,,,,,,,,,,,,,,,,,,,,,,,,,,,,,,,15,14,17,14,12,16,0,0,39,31,48,20,18,22,,,,,,,,,,,,,,,,,,,,,,,,,,,37,32,43,87,3,550,19,40,32,48,21,12,36,,,,,,,,,,,,,,,,,,,,,,8,311.5,20,16,24,1,4,25,2,54,,,,,,,,,,,,,,,,,,,,,,,,,,18,16,21,31,26,36,426,31,27,35,117,17,12,21,78,1282:1,0,706,75,59,90,36,4,0,12,55,3,587,190,2,46.4,59.6,,,,,,,,,2.9,,,,2.8,3.2,0.02,13026,-4556,61,31635,59554,0.53,0.40,0.66,48858,41240,56476,,,,,,,50197,41817,58577,52868,26312,79424,72586,60178,84994,1,6,,,,,,,,,,,,,,,,,,,,,,,,,,,,,,,,,,,,,,,,,,,,,,,,,,,,,,,,,,,,,,,,,,,,,,,,,,,,,,,30,26,34,26.0,19.4,50.4,91,3.6,17,0.7,803,31.3,0,0.0,144,5.6,1508,58.8,37,68,3,0,6,249,789,32,13,50,2652,100.0,2563,
48089,Texas,Colorado,74.0,72.6,75.3,76.8,73.8,79.8,,,,,,,67.3,63.3,71.3,,,,,,,74.3,72.5,76.1,402,519,463,575,414,323,522,,,,,,,840,645,1074,,,,,,,517,440,594,21,97,60,148,,,,,,,,,,,,,,,,,,,,,,,,,,,,,,,,,,,,,,,,,,,,,,,14,12,15,13,11,14,56,324,40,31,49,19,17,21,24,23,14,35,23,,,,,,,,,,,,,,,,,,,,,,37,32,42,1521,7,2710,13,38,31,46,25,20,30,31,24,40,,,,,,,32,20,50,,,,,,,16,10,24,66,318.0,20,16,25,6,49,12,6,20,,,,,,,,,,,,,,,,,,,,,,,,,,17,15,19,29,25,34,2838,26,23,29,771,15,11,20,47,2112:1,15,6139,81,79,83,534,7,5,10,5,3,626,148,2,52.6,65.8,224,93,,,,,,,3.1,,,2.7,2.9,3.4,0.05,12328,-4740,68,41420,59542,0.70,0.56,0.83,61410,53387,69433,,,,,,,63810,36527,91093,54223,39913,68533,75229,69086,81372,9,7,26,9,5,15,,,,,,,,,,,,,,,,,,,,,,40,27,19,37,24,12,43,,,,,,,,,,,,,,,,28,18,42,22,21,13,32,,,,,,,,,,,,,,,,,,,,,,,,,31,27,35,23.8,23.3,49.9,254,1.2,174,0.8,6549,31.0,22,0.1,2368,11.2,11664,55.2,34,517,3,1,4,1062,4808,22,13,31,20557,100.0,21117,
48091,Texas,Comal,78.3,77.9,78.7,79.6,78.6,80.5,,,,85.1,81.5,88.6,80.4,77.3,83.4,,,,,,,77.6,77.1,78.1,2231,329,314,343,320,291,349,,,,,,,265,191,358,,,,,,,346,328,365,81,49,39,61,43,28,63,,,,,,,,,,,,,,,,51,37,67,55,5,4,6,,,,,,,,,,,,,,,,,,,,,,11,10,12,10,9,11,260,166,39,33,45,17,15,19,155,19,16,22,19,9,6,14,,,,,,,,,,,,,,,,23,19,28,34,29,38,4851,4,22720,14,36,30,41,14,12,15,23,20,26,,,,,,,,,,,,,17,9,29,8,6,9,490,265.4,24,20,28,23,92,25,20,31,52,10,7,13,,,,,,,,,,,,,,,,,,,,,,13,11,15,23,19,26,16623,15,13,17,3788,9,7,11,90,1115:1,87,51991,77,75,78,8379,13,11,14,18,3,720,176,3,65.6,79.7,2608,96,,,,,,,3.4,,,3.2,3.0,3.7,0.03,9613,-449,35,60152,75541,0.80,0.75,0.85,99871,92310,107432,,,,132563,90347,174779,101331,62432,140230,79289,71714,86864,101957,97503,106411,38,4,38,3,2,4,,,,,,,,,,,,,,,,,,,,,,148,13,11,16,7,5,11,,,,,,,,,,,,,,,,17,14,20,117,14,12,17,7,4,11,,,,,,,,,,,,,,,,17,14,21,6,3,10,27,24,31,22.1,18.8,50.1,1722,0.9,3431,1.8,55885,28.8,355,0.2,5850,3.0,124931,64.4,28,3148,2,1,2,6000,38725,15,12,19,75278,46.6,193928,
48093,Texas,Comanche,74.8,73.4,76.2,77.6,73.3,81.9,,,,,,,,,,,,,,,,74.5,72.8,76.2,294,513,449,577,467,346,615,,,,,,,,,,,,,,,,545,465,625,11,82,41,146,,,,,,,,,,,,,,,,,,,,,,,,,,,,,,,,,,,,,,,,,,,,,,,14,13,16,13,11,14,13,111,39,31,48,20,18,22,14,22,12,38,20,,,,,,,,,,,,,,,,,,,,,,35,30,40,1109,8,2350,17,39,32,47,32,26,40,42,32,55,,,,,,,,,,,,,,,,25,17,34,31,223.4,21,17,26,1,26,4,0,15,,,,,,,,,,,,,,,,,,,,,,,,,,17,15,20,29,25,34,1939,26,23,29,401,12,9,16,71,1405:1,15,4318,80,77,84,332,6,3,10,,3,654,162,3,48.0,61.8,138,93,,,,,,,3.3,,,,3.1,3.4,0.04,15212,-5633,64,39428,51608,0.76,0.66,0.86,54726,46670,62782,75815,30251,121379,,,,,,,50605,39434,61776,66389,52706,80072,3,4,,,,,,,,,,,,,,,,,,,,,,,,,,34,36,25,50,51,28,86,,,,,,,,,,,,,,,,30,19,47,16,23,13,38,,,,,,,,,,,,,,,,,,,,,,,,,28,24,31,22.6,23.4,49.6,215,1.5,120,0.9,4187,29.8,7,0.0,130,0.9,9383,66.8,36,560,4,2,6,449,3148,14,8,21,13594,100.0,14050,
48095,Texas,Concho,84.2,80.0,88.4,,,,,,,,,,,,,,,,,,,,,,50,329,237,445,,,,,,,,,,,,,,,,,,,,,,,,,,,,,,,,,,,,,,,,,,,,,,,,,,,,,,,,,,,,,,,,,,,,,,,,16,15,18,15,14,16,23,790,39,35,44,21,20,22,,,,,,,,,,,,,,,,,,,,,,,,,,,37,35,41,492,12,570,18,42,38,46,21,10,37,,,,,,,,,,,,,,,,,,,,,,13,389.2,20,17,22,0,14,0,0,16,,,,,,,,,,,,,,,,,,,,,,,,,,21,19,22,34,31,36,244,19,16,22,35,8,5,12,91,1099:1,17,660,78,71,85,37,5,0,13,9,3,658,168,2,31.0,67.3,,,,,,,,,2.5,,,,,,0.01,17257,-7293,73,40339,48853,0.83,0.74,0.91,54909,46735,63083,,,,,,,,,,33500,356,66644,70163,56922,83404,2,18,,,,,,,,,,,,,,,,,,,,,,,,,,,,,,,,,,,,,,,,,,,,,,,,,,,,,,,,,,,,,,,,,,,,,,,,,,,,,,,32,29,34,12.2,21.8,35.7,35,1.1,52,1.6,1038,31.5,1,0.0,386,11.7,1778,53.9,40,434,14,5,23,106,421,25,10,41,3303,100.0,3297,
48097,Texas,Cooke,76.6,75.7,77.4,87.6,77.1,98.1,,,,,,,,,,,,,,,,76.0,75.0,76.9,714,443,408,477,384,295,492,,,,,,,497,308,760,,,,,,,461,421,501,22,51,32,77,,,,,,,,,,,,,,,,,,,,,,,,,,,,,,,,,,,,,,,,,,,,,,,13,11,14,11,10,13,38,105,37,29,46,19,17,21,47,22,16,29,23,,,,,,,,,,,,,,,,,,,,,,35,29,40,1040,3,6880,16,39,32,47,34,30,38,50,41,58,,,,,,,37,19,65,,,,53,28,91,26,21,30,135,313.6,21,17,26,15,43,35,27,43,17,13,8,21,,,,,,,,,,,,,,,,,,,,,,16,14,19,26,22,31,5230,21,19,24,1118,11,8,14,89,1123:1,50,11727,72,70,75,1536,10,7,12,31,3,577,114,2,61.2,66.4,460,95,,,,,,,3.1,,,,3.0,3.2,0.19,13535,-1373,50,47190,58116,0.81,0.71,0.91,75003,67916,82090,103413,102648,104178,38968,191,77745,,,,61364,41977,80751,77199,70200,84198,10,4,58,,,,,,,,,,,,,,,,,,,,,,,,,53,18,14,24,,,,,,,,,,,,,,,,,,,,,,32,15,10,22,,,,,,,,,,,,,,,,,,,,,,,,,26,23,30,23.4,19.5,50.2,668,1.5,500,1.1,9256,21.1,39,0.1,1380,3.2,31561,72.1,32,1238,3,2,4,2279,9840,23,17,29,25124,60.3,43782,
48099,Texas,Coryell,75.3,74.7,75.9,82.4,78.6,86.3,,,,85.7,81.1,90.3,76.3,73.9,78.7,,,,,,,74.0,73.2,74.7,1093,482,454,511,316,255,388,,,,,,,414,339,489,,,,,,,547,509,585,47,59,43,78,,,,,,,,,,103,53,180,,,,,,,66,43,96,43,7,5,9,,,,,,,,,,,,,,,,,,,,,,14,13,16,13,11,15,263,370,38,31,46,20,19,23,83,20,16,25,21,19,10,33,,,,,,,,,,,,,,,,25,19,32,35,30,40,19277,26,13930,17,42,36,49,26,24,29,26,21,32,,,,,,,16,11,22,,,,34,23,48,29,25,33,361,424.4,20,16,24,12,53,23,16,30,23,9,6,14,,,,,,,,,,,,,,,,,,,,,,19,17,22,31,27,36,7679,17,15,20,1780,9,6,12,59,1698:1,46,15493,59,57,62,2545,10,8,12,12,3,669,161,3,59.5,41.8,799,88,,,,,,,3.2,,3.7,2.9,3.1,3.3,0.05,13268,-1933,58,40689,44550,0.91,0.85,0.98,72724,68741,76707,80951,73306,88596,61596,51435,71757,66617,57470,75764,54669,43990,65348,71768,67575,75961,30,6,42,5,3,7,,,,,,,,,,12,6,22,,,,,,,4,2,7,80,15,12,18,11,5,19,,,,,,,,,,,,,,,,18,14,24,61,15,12,20,,,,,,,,,,15,7,28,,,,,,,19,14,26,10,6,15,28,24,32,22.5,11.7,49.6,1158,1.4,2098,2.5,17919,21.1,928,1.1,13765,16.2,46953,55.3,37,1076,1,1,2,3782,19019,20,16,24,16227,19.5,84878,
48101,Texas,Cottle,,,,,,,,,,,,,,,,,,,,,,,,,29,445,285,663,,,,,,,,,,,,,,,,,,,,,,,,,,,,,,,,,,,,,,,,,,,,,,,,,,,,,,,,,,,,,,,,,,,,,,,,17,15,19,15,13,17,,,42,33,52,22,20,25,,,,,,,,,,,,,,,,,,,,,,,,,,,36,30,41,856,57,370,22,42,34,51,,,,,,,,,,,,,,,,,,,,,,,,,,,18,14,23,0,2,0,0,51,,,,,,,,,,,,,,,,,,,,,,,,,,21,19,24,34,29,40,140,19,16,23,25,10,6,13,0,1294:0,0,449,79,53,100,71,13,0,27,,3,649,183,2,34.3,57.1,,,,,,,,,,,,,,,,19745,-6460,71,55655,66985,0.83,0.42,1.24,52342,44663,60021,,,,,,,16167,12635,19699,,,,77688,61263,94113,1,8,,,,,,,,,,,,,,,,,,,,,,,,,,,,,,,,,,,,,,,,,,,,,,,,,,,,,,,,,,,,,,,,,,,,,,,,,,,,,,,29,25,32,19.4,26.3,50.1,10,0.8,3,0.2,352,27.2,1,0.1,126,9.7,782,60.4,40,0,0,0,6,120,287,42,22,62,1380,100.0,1294,
48103,Texas,Crane,73.5,70.8,76.1,,,,,,,,,,,,,,,,,,,,,,79,586,463,733,470,329,650,,,,,,,,,,,,,,,,767,521,1088,,,,,,,,,,,,,,,,,,,,,,,,,,,,,,,,,,,,,,,,,,,,,,,,,,,15,14,16,15,14,16,,,40,36,45,19,18,20,,,,,,,,,,,,,,,,,,,,,,,,,,,37,34,40,171,4,530,12,39,36,44,36,26,48,,,,,,,,,,,,,,,,,,,,,,19,417.9,20,18,22,4,19,21,10,35,,,,,,,,,,,,,,,,,,,,,,,,,,17,16,18,34,31,37,725,27,24,31,203,15,11,19,22,4574:1,33,1355,81,72,91,104,7,0,13,89,3,744,180,2,51.0,56.6,85,98,,,,,,,3.1,,,,,,0.01,15031,1510,63,49375,59879,0.82,0.42,1.23,58133,48452,67814,,,,133833,84838,182828,,,,54167,27132,81202,78185,43102,113268,2,6,,,,,,,,,,,,,,,,,,,,,,,,,,11,33,17,59,,,,,,,,,,,,,,,,,,,,,,,,,,,,,,,,,,,,,,,,,,,,,,,,,,32,30,34,29.0,12.9,48.9,94,2.1,52,1.1,3210,70.2,9,0.2,135,3.0,1111,24.3,37,353,8,3,14,358,1203,30,5,55,4675,100.0,4574,
48105,Texas,Crockett,71.2,68.2,74.2,,,,,,,,,,,,,,,,,,,,,,76,654,508,830,709,519,946,,,,,,,,,,,,,,,,647,401,989,,,,,,,,,,,,,,,,,,,,,,,,,,,,,,,,,,,,,,,,,,,,,,,,,,,14,12,16,14,12,16,,,39,30,47,18,16,19,,,,,,,,,,,,,,,,,,,,,,,,,,,38,32,43,84,2,450,15,39,31,46,49,34,67,,,,,,,,,,,,,,,,,,,,,,12,407.7,20,16,25,4,23,17,7,30,,,,,,,,,,,,,,,,,,,,,,,,,,15,13,17,30,26,35,501,31,27,35,137,17,13,22,35,2858:1,23,879,75,60,89,15,1,0,8,,3,662,194,2,30.2,64.6,,,,,,,,,2.3,,,,,,0.01,15564,-480,62,36277,60432,0.60,0.40,0.80,58833,49755,67911,,,,,,,,,,109470,29098,189842,67069,37973,96165,2,23,,,,,,,,,,,,,,,,,,,,,,,,,,,,,,,,,,,,,,,,,,,,,,,,,,,,,,,,,,,,,,,,,,,,,,,,,,,,,,,32,28,36,25.9,19.5,49.3,93,3.3,41,1.4,1802,63.1,3,0.1,35,1.2,940,32.9,35,244,9,3,15,61,667,9,0,28,3098,100.0,2858,
48107,Texas,Crosby,69.3,66.8,71.8,67.6,64.4,70.7,,,,,,,,,,,,,,,,70.9,66.9,74.8,146,808,670,946,889,703,1109,,,,,,,,,,,,,,,,754,550,1009,,,,,,,,,,,,,,,,,,,,,,,,,,,,,,,,,,,,,,,,,,,,,,,,,,,16,14,18,15,14,17,17,414,41,33,50,20,18,22,,,,,,,,,,,,,,,,,,,,,,,,,,,36,31,42,141,2,1120,22,41,33,48,45,34,57,45,33,61,,,,,,,,,,,,,,,,48,28,75,18,360.1,18,14,22,6,12,50,36,62,,,,,,,,,,,,,,,,,,,,,,,,,,19,17,22,35,31,41,734,26,23,30,171,13,9,17,41,2459:1,12,1419,72,67,77,155,9,3,14,,3,529,151,2,40.7,47.3,,,,,,,,,2.8,,,,,,0.03,17293,-5218,82,37417,43513,0.86,0.73,0.99,46106,41251,50961,,,,88173,13672,162674,43884,38358,49410,41979,30906,53052,72750,57748,87752,1,3,35,,,,,,,,,,,,,,,,,,,,,,,,,17,44,25,70,,,,,,,,,,,,,,,,,,,,,,,,,,,,,,,,,,,,,,,,,,,,,,,,,,31,27,35,25.7,18.8,49.8,85,1.7,22,0.4,2785,56.6,4,0.1,167,3.4,1865,37.9,39,166,3,1,6,386,1300,30,17,42,5133,100.0,4917,
48109,Texas,Culberson,73.1,69.3,76.9,,,,,,,,,,,,,,,,,,,,,,49,684,491,928,,,,,,,,,,,,,,,,,,,,,,,,,,,,,,,,,,,,,,,,,,,,,,,,,,,,,,,,,,,,,,,,,,,,,,,,16,15,17,17,15,18,,,43,39,47,19,18,21,,,,,,,,,,,,,,,,,,,,,,,,,,,37,35,40,102,4,460,21,41,38,45,53,34,79,,,,,,,,,,,,,,,,,,,,,,7,324.8,18,17,20,6,35,17,9,27,,,,,,,,,,,,,,,,,,,,,,,,,,17,16,18,37,35,40,329,27,23,32,64,13,9,17,46,2196:1,52,520,74,56,92,15,3,0,14,1,3,463,160,2,28.9,58.4,,,,,,,,,2.5,,,,,,,20589,1480,82,43147,65030,0.66,0.05,1.28,54183,45727,62639,,,,,,,,,,38750,23785,53715,87702,17690,157714,1,6,,,,,,,,,,,,,,,,,,,,,,,,,,,,,,,,,,,,,,,,,,,,,,,,,,,,,,,,,,,,,,,,,,,,,,,,,,,,,,,33,30,35,23.7,19.7,47.9,55,2.5,52,2.4,1500,68.3,1,0.0,63,2.9,534,24.3,41,155,7,1,14,342,471,73,42,100,2188,100.0,2196,
48111,Texas,Dallam,70.4,68.1,72.7,71.7,66.0,77.3,,,,,,,,,,,,,,,,70.7,67.8,73.6,152,721,605,837,740,560,959,,,,,,,,,,,,,,,,722,573,899,12,117,60,204,,,,,,,,,,,,,,,,,,,,,,,,,,,,,,,,,,,,,,,,,,,,,,,15,13,17,15,13,17,7,130,40,32,49,19,17,21,11,30,15,54,30,,,,,,,,,,,,,,,,,,,,,,36,31,42,1179,18,990,14,40,33,48,69,57,81,80,63,100,,,,,,,,,,,,,,,,38,25,56,28,386.7,19,15,24,2,14,14,3,31,,,,,,,,,,,,,,,,,,,,,,,,,,18,16,20,32,27,37,1375,35,31,39,414,17,12,22,166,603:1,61,1616,68,64,72,76,3,0,8,,3,435,171,2,42.8,39.8,108,95,,,,,,,2.8,,,,2.7,3.0,0.07,12076,-4451,67,37386,48263,0.77,0.60,0.95,61424,53569,69279,,,,,,,,,,68108,53400,82816,83550,65283,101817,1,1,,,,,,,,,,,,,,,,,,,,,,,,,,20,40,24,61,,,,,,,,,,,,,,,,,,,,,,12,33,17,58,,,,,,,,,,,,,,,,,,,,,,,,,30,27,34,34.6,11.0,47.3,235,3.2,104,1.4,3973,54.9,55,0.8,129,1.8,2925,40.4,37,605,9,3,16,160,2339,7,0,17,1658,23.3,7237,
48113,Texas,Dallas,76.7,76.6,76.8,80.0,79.6,80.3,91.5,83.8,99.1,85.5,84.8,86.3,72.1,71.8,72.3,,,,,,,76.9,76.7,77.1,32975,417,412,422,337,329,344,279,218,352,191,179,203,620,608,631,,,,,,,407,399,415,1774,60,58,63,51,47,54,,,,43,34,54,101,94,109,,,,,,,48,42,55,1670,6,6,7,6,5,6,,,,3,2,4,11,10,12,,,,8,5,12,4,4,5,12,11,13,13,12,15,20192,943,35,31,39,17,16,19,1463,11,11,12,11,7,6,7,,,,6,5,8,7,6,8,,,,,,,20,19,22,36,33,40,171370,7,406340,16,36,32,39,27,27,28,34,33,35,10,6,17,4,3,5,29,28,30,,,,15,13,17,10,9,11,22007,846.1,19,16,21,469,1603,29,28,30,1589,20,19,21,12,11,14,,,,3,2,5,28,26,31,,,,,,,31,28,33,14,12,15,28,26,31,441918,27,26,28,94781,14,13,16,156,641:1,248,493453,51,50,51,161903,17,17,18,84,3,635,113,3,62.1,59.9,37578,81,,,,,,,3.1,2.8,4.0,2.7,3.1,3.6,0.25,11646,-7232,77,50879,57406,0.89,0.87,0.90,74352,72497,76207,68875,65141,72609,105088,101259,108917,56799,55017,58581,65311,63772,66850,99344,97245,101443,700,4,54,10,9,10,7,6,7,,,,2,1,2,24,23,26,,,,,,,4,3,4,2290,13,12,13,12,11,13,,,,5,4,6,18,17,19,,,,,,,11,10,12,1980,15,14,16,10,9,11,,,,3,2,4,28,26,30,,,,,,,16,15,17,9,8,10,28,25,31,24.8,12.2,50.4,29902,1.1,192048,7.4,1077853,41.4,2891,0.1,600055,23.0,692400,26.6,32,241343,10,10,10,197559,660646,30,29,31,15113,0.6,2606358,
48115,Texas,Dawson,70.7,69.2,72.1,69.7,67.8,71.6,,,,,,,,,,,,,,,,72.1,69.5,74.7,271,721,633,808,837,704,971,,,,,,,1324,848,1970,,,,,,,583,462,725,,,,,,,,,,,,,,,,,,,,,,,,,,,,,,,,,,,,,,,,,,,,,,,,,,,17,15,19,16,14,18,13,131,43,34,52,20,18,22,12,20,10,35,19,,,,,,,,,,,,,,,,,,,,,,36,31,41,2599,19,2560,21,41,34,49,62,53,72,72,60,84,,,,,,,,,,,,,,,,43,29,63,59,486.4,18,14,22,7,19,37,25,49,,,,,,,,,,,,,,,,,,,,,,,,,,19,17,22,36,31,41,1592,27,24,31,377,12,8,16,67,1501:1,48,2904,70,65,75,455,12,7,16,17,3,585,175,2,49.8,41.7,150,95,,,,,,,2.8,,,,2.6,3.4,0.14,15656,-1181,71,31777,59901,0.53,0.45,0.61,55057,47238,62876,,,,,,,29167,88,58246,46838,34317,59359,76250,58112,94388,2,2,43,,,,,,,,,,,,,,,,,,,,,,,,,21,24,15,36,21,11,38,,,,,,,,,,,,,,,,33,16,60,,,,,,,,,,,,,,,,,,,,,,,,,,,,,32,28,35,25.0,14.1,42.2,171,1.4,143,1.2,6768,56.4,16,0.1,773,6.4,4190,34.9,41,405,4,2,5,667,2936,23,11,35,3725,29.9,12004,
48117,Texas,Deaf Smith,74.2,73.0,75.5,73.2,71.7,74.7,,,,,,,,,,,,,,,,76.1,73.7,78.6,275,511,449,573,549,470,629,,,,,,,,,,,,,,,,442,336,572,15,60,33,99,,,,,,,,,,,,,,,,,,,,,,,,,,,,,,,,,,,,,,,,,,,,,,,19,17,21,17,15,20,19,133,44,35,53,21,19,23,17,19,11,30,18,,,,,,,,,,,,,,,,,,,,,,38,33,43,1440,7,3110,17,42,34,50,59,52,66,66,58,73,,,,,,,,,,,,,,,,28,17,44,98,533.3,18,14,22,3,22,14,4,26,,,,,,,,,,,,,,,,,,,,,,,,,,21,18,23,41,35,46,2794,27,24,31,857,15,10,19,114,874:1,38,3938,66,60,72,639,11,7,15,57,3,463,180,2,52.7,44.7,285,91,,,,,,,2.9,,,,2.9,3.3,0.04,12531,-6024,84,40358,50716,0.80,0.66,0.93,60118,52158,68078,,,,,,,,,,52575,47092,58058,62083,54615,69551,6,4,82,,,,,,,,,,,,,,,,,,,,,,,,,25,19,12,28,,,,,,,,,,,,,,,,,,,,,,15,16,9,27,,,,,,,,,,,,,,,,,,,,,,,,,33,29,37,31.3,12.9,49.7,410,2.2,119,0.6,14151,77.1,17,0.1,187,1.0,3726,20.3,45,1427,8,6,11,1308,5755,23,14,31,3063,16.5,18347,
48119,Texas,Delta,72.0,69.3,74.7,,,,,,,,,,,,,,,,,,,,,,114,567,455,680,,,,,,,,,,,,,,,,,,,,,,,,,,,,,,,,,,,,,,,,,,,,,,,,,,,,,,,,,,,,,,,,,,,,,,,,13,11,14,11,10,13,13,292,37,29,45,19,17,21,,,,,,,,,,,,,,,,,,,,,,,,,,,35,30,41,104,2,850,16,38,31,45,27,18,38,,,,,,,,,,,,,,,,,,,,,,16,296.0,21,17,25,0,2,0,0,51,,,,,,,,,,,,,,,,,,,,,,,,,,15,13,17,24,20,28,482,16,13,19,116,9,6,12,54,1840:1,6,1741,83,77,89,207,10,4,17,19,3,537,76,2,51.8,64.2,,,,,,,,,2.6,,,,,,0.02,12147,-2981,69,48352,51314,0.94,0.71,1.18,56945,48692,65198,,,,,,,22917,4628,41206,96974,15251,178697,61111,52106,70116,1,2,59,,,,,,,,,,,,,,,,,,,,,,,,,10,27,13,49,,,,,,,,,,,,,,,,,,,,,,,,,,,,,,,,,,,,,,,,,,,,,,,,,,27,24,31,24.1,20.7,51.2,147,2.7,41,0.7,551,10.0,4,0.1,318,5.8,4336,78.6,31,13,0,0,2,178,1269,14,4,24,5230,100.0,5520,
48121,Texas,Denton,80.7,80.5,80.9,85.6,84.4,86.7,123.2,63.1,183.2,88.1,86.8,89.4,78.6,77.8,79.4,,,,,,,79.8,79.6,80.1,7670,260,254,265,225,210,241,183,116,275,128,114,142,332,310,354,,,,,,,280,272,287,370,38,34,41,33,26,41,,,,21,13,32,62,49,78,,,,,,,39,33,44,322,4,4,5,5,4,6,,,,3,2,4,8,6,10,,,,,,,4,3,5,10,9,11,10,9,11,1801,220,31,26,35,15,14,17,523,11,10,12,11,6,4,8,,,,7,5,11,7,5,10,,,,,,,14,13,16,33,29,37,31443,5,114180,13,35,31,40,9,9,10,18,17,19,,,,1,0,1,11,10,13,,,,9,7,11,5,5,6,2558,261.7,20,17,23,62,282,22,19,25,293,10,9,12,5,4,8,,,,3,2,6,11,8,15,,,,,,,14,12,16,11,9,12,20,17,23,81868,13,12,14,19016,8,7,9,85,1177:1,119,226694,65,65,66,44537,13,12,14,56,3,635,113,2,68.4,71.6,13500,88,,,,,,,3.3,3.3,4.0,2.7,2.9,3.5,0.13,11164,-1522,36,61264,81558,0.75,0.73,0.77,107401,102350,112452,78325,52569,104081,145682,138217,153147,77652,72225,83079,84526,81523,87529,116984,114136,119832,273,5,42,2,2,3,2,1,3,,,,,,,8,6,10,,,,,,,2,1,2,488,8,7,9,8,6,9,,,,4,3,7,10,7,12,,,,,,,8,7,9,415,9,8,10,5,4,7,,,,3,2,6,13,10,17,,,,,,,11,10,12,4,3,6,26,23,29,23.0,12.0,50.4,8402,0.8,121703,12.1,206574,20.5,1400,0.1,119083,11.8,533137,52.9,24,28276,3,3,3,38548,224166,17,16,19,65296,7.2,1007703,
48123,Texas,DeWitt,74.6,73.3,75.8,73.9,71.8,76.0,,,,,,,,,,,,,,,,75.0,73.2,76.9,383,511,457,565,592,485,699,,,,,,,674,474,928,,,,,,,471,402,541,11,56,28,100,,,,,,,,,,,,,,,,,,,,,,,,,,,,,,,,,,,,,,,,,,,,,,,14,13,16,14,12,15,7,42,41,33,50,19,17,21,21,20,12,31,21,,,,,,,,,,,,,,,,,,,,,,37,32,43,437,2,3490,18,39,32,47,41,35,48,57,46,67,,,,,,,,,,,,,,,,26,19,35,66,333.8,20,16,24,4,24,17,7,29,,,,,,,,,,,,,,,,,,,,,,,,,,17,15,19,30,25,34,2199,22,19,25,551,12,8,15,65,1533:1,38,4722,71,68,73,759,12,8,16,,3,713,159,2,51.0,53.7,187,96,,,,,,,3.0,,,3.0,2.9,3.3,0.05,16775,1508,66,39464,51194,0.77,0.65,0.89,61067,54069,68065,,,,,,,29500,18755,40245,65731,51726,79736,65965,60061,71869,8,7,29,,,,,,,,,,,,,,,,,,,,,,,,,30,21,14,30,,,,,,,,,,,,,,,,,,,,,,19,19,11,30,,,,,,,,,,,,,,,,,,,,,,,,,32,28,36,23.0,20.4,47.1,226,1.1,119,0.6,7189,36.1,14,0.1,1528,7.7,10858,54.5,35,416,2,1,3,699,4476,16,10,22,10189,51.4,19929,
48125,Texas,Dickens,73.3,69.7,76.8,,,,,,,,,,,,,,,,,,,,,,49,650,465,885,,,,,,,,,,,,,,,,,,,,,,,,,,,,,,,,,,,,,,,,,,,,,,,,,,,,,,,,,,,,,,,,,,,,,,,,14,13,16,13,11,14,0,0,37,29,46,19,17,21,,,,,,,,,,,,,,,,,,,,,,,,,,,35,30,40,144,6,280,18,38,31,46,,,,,,,,,,,,,,,,,,,,,,,,,6,347.6,20,16,24,1,2,50,10,77,,,,,,,,,,,,,,,,,,,,,,,,,,18,15,20,28,24,33,207,22,19,26,33,10,7,12,58,1711:1,2,557,81,75,88,80,13,2,24,41,3,598,148,2,40.0,61.8,,,,,,,,,2.6,,,,,,0.01,21386,-9579,62,45104,48688,0.93,0.56,1.29,47356,39987,54725,,,,,,,,,,38977,25682,52272,58750,48721,68779,,,,,,,,,,,,,,,,,,,,,,,,,,,,,,,,,,,,,,,,,,,,,,,,,,,,,,,,,,,,,,,,,,,,,,,,,,,,,,,,,28,24,31,18.2,28.9,50.4,52,3.0,25,1.5,473,27.6,4,0.2,43,2.5,1126,65.8,35,33,2,0,7,90,355,25,14,37,1770,100.0,1711,
48127,Texas,Dimmit,71.0,69.1,72.9,,,,,,,,,,,,,,,,,,,,,,214,750,646,853,775,661,888,,,,,,,,,,,,,,,,695,430,1062,,,,,,,,,,,,,,,,,,,,,,,,,,,,,,,,,,,,,,,,,,,,,,,,,,,21,19,24,22,19,24,8,119,50,41,58,22,19,24,,,,,,,,,,,,,,,,,,,,,,,,,,,37,32,43,2666,27,2470,29,44,37,51,39,31,46,,,,,,,,,,,,,,,,,,,,,,99,1180.4,15,11,18,2,25,8,1,20,,,,,,,,,,,,,,,,,,,,,,,,,,21,19,24,47,41,52,1121,25,22,29,211,9,6,11,109,917:1,56,1830,61,49,73,615,22,11,32,6,3,945,216,4,31.7,53.3,169,88,,,,,,,3.2,,,,,,0.01,15499,-668,77,30044,53750,0.56,0.29,0.83,45002,37978,52026,,,,,,,,,,28639,20245,37033,107798,41314,174282,5,9,,,,,,,,,,,,,,,,,,,,,,,,,,14,20,11,34,,,,,,,,,,,,,,,,,,,,,,,,,,,,,,,,,,,,,,,,,,,,,,,,,,33,29,38,28.7,16.5,50.6,105,1.3,86,1.0,7220,87.4,2,0.0,126,1.5,803,9.7,49,337,4,2,7,1062,2412,44,23,65,3000,34.8,8257,
48129,Texas,Donley,73.3,70.2,76.3,,,,,,,,,,,,,,,,,,,,,,82,582,449,741,,,,,,,,,,,,,,,,,,,,,,,,,,,,,,,,,,,,,,,,,,,,,,,,,,,,,,,,,,,,,,,,,,,,,,,,14,12,16,12,10,14,9,314,37,29,46,20,18,22,,,,,,,,,,,,,,,,,,,,,,,,,,,36,30,41,203,6,490,15,39,32,47,14,8,22,,,,,,,,,,,,,,,,,,,,,,7,209.6,21,17,26,1,17,6,0,20,,,,,,,,,,,,,,,,,,,,,,,,,,18,16,20,27,23,32,385,25,21,28,97,14,10,19,124,804:1,54,907,75,69,81,101,9,2,16,,3,513,175,2,37.3,63.6,,,,,,,,,3.4,,,,,,0.03,15562,-6038,59,42112,38262,1.10,0.74,1.46,48934,41722,56146,,,,,,,,,,60357,23016,97698,58711,47027,70395,,,44,,,,,,,,,,,,,,,,,,,,,,,,,,,,,,,,,,,,,,,,,,,,,,,,,,,,,,,,,,,,,,,,,,,,,,,,,,,,,,28,24,31,19.9,25.8,51.2,40,1.2,30,0.9,429,13.3,2,0.1,170,5.3,2494,77.6,34,32,1,0,3,145,585,25,12,38,3258,100.0,3214,
48131,Texas,Duval,70.3,68.5,72.1,,,,,,,,,,,,,,,,,,,,,,237,768,667,868,769,662,876,,,,,,,,,,,,,,,,924,586,1387,,,,,,,,,,,,,,,,,,,,,,,,,,,,,,,,,,,,,,,,,,,,,,,,,,,17,15,19,18,15,20,21,258,43,33,52,20,18,22,,,,,,,,,,,,,,,,,,,,,,,,,,,38,33,43,1639,14,2110,21,41,33,50,34,27,42,,,,,,,,,,,,,,,,,,,,,,68,687.7,18,14,22,1,21,5,0,17,,,,,,,,,,,,,,,,,,,,,,,,,,18,15,20,40,34,45,1074,22,19,25,247,10,7,13,52,1921:1,20,2124,71,64,78,194,7,2,12,,3,834,167,3,28.7,62.8,197,94,,,,,,,2.9,,,,,,0.22,22496,-4289,87,41760,51537,0.81,0.51,1.11,40415,34058,46772,,,,,,,,,,42949,30478,55420,60608,47996,73220,6,9,,,,,,,,,,,,,,,,,,,,,,,,,,16,21,12,34,,,,,,,,,,,,,,,,,,,,,,,,,,,,,,,,,,,,,,,,,,,,,,,,,,34,30,38,25.7,17.6,47.0,128,1.3,59,0.6,7871,82.0,18,0.2,216,2.2,1392,14.5,43,363,4,1,6,1268,2546,50,28,71,9831,100.0,9604,
48133,Texas,Eastland,72.0,70.8,73.2,74.8,71.9,77.7,,,,,,,,,,,,,,,,71.0,69.6,72.5,458,639,575,703,445,308,622,,,,,,,,,,,,,,,,685,611,759,15,83,46,136,,,,,,,,,,,,,,,,,,,,,,,,,,,,,,,,,,,,,,,,,,,,,,,14,13,16,12,10,14,13,85,37,29,46,20,18,22,28,32,20,47,31,,,,,,,,,,,,,,,,,,,,,,36,31,42,2023,11,3410,19,40,32,47,29,24,34,22,15,32,,,,,,,,,,,,,,,,31,25,38,38,211.8,20,16,25,14,42,33,25,41,,,,,,,,,,,,,,,,,,,,,,,,,,19,17,22,29,24,33,2283,24,20,27,455,12,8,15,61,1640:1,18,5099,71,68,74,725,11,7,15,,3,630,145,4,43.9,59.3,169,94,,,,,,,3.1,,,,2.8,3.2,0.04,15166,-3617,63,39353,51489,0.76,0.67,0.86,52188,44566,59810,,,,,,,29667,5850,53484,51324,30955,71693,52307,46167,58447,5,5,43,,,,,,,,,,,,,,,,,,,,,,,,,36,28,20,39,,,,,,,,,,,,,,,,,,,,,,19,21,13,33,,,,,,,,,,,,,,,,,,,,,,,,,28,24,32,21.5,22.2,50.0,245,1.4,162,0.9,3110,17.2,18,0.1,372,2.1,13984,77.5,35,469,3,1,4,1123,3798,30,18,41,17725,100.0,18037,
48135,Texas,Ector,71.5,71.0,71.9,73.5,72.9,74.1,,,,83.0,75.0,91.1,67.1,64.9,69.3,,,,,,,68.6,67.8,69.4,2821,650,626,674,551,520,582,,,,,,,865,730,1001,,,,,,,801,756,847,157,72,61,83,61,49,74,,,,,,,129,66,225,,,,,,,100,73,133,116,6,5,7,5,4,6,,,,,,,,,,,,,,,,6,4,9,14,13,16,14,13,16,312,249,40,32,49,19,17,20,136,18,15,21,17,10,7,13,,,,,,,,,,,,,,,,35,28,43,36,31,41,9847,7,27350,17,38,31,45,43,41,45,47,44,49,,,,,,,31,23,40,,,,30,17,51,35,31,39,1064,661.4,20,16,24,100,251,40,37,43,103,21,17,25,14,10,19,,,,,,,,,,,,,,,,40,30,52,16,14,18,33,28,38,24791,26,23,29,6822,14,10,17,99,1009:1,85,40217,64,62,67,8104,14,11,16,52,3,677,179,2,50.9,44.7,2009,82,,,,,,,2.8,,3.5,2.4,2.7,3.0,0.09,11033,-2748,64,44438,63504,0.70,0.64,0.76,66813,61666,71960,,,,118355,66603,170107,65021,41051,88991,64908,59070,70746,82610,75915,89305,47,3,43,7,6,9,6,5,8,,,,,,,20,10,37,,,,,,,8,6,12,354,31,28,35,28,25,32,,,,,,,28,15,47,,,,,,,38,32,45,130,16,13,19,9,7,12,,,,,,,,,,,,,,,,31,25,39,12,6,17,30,27,34,30.6,10.0,48.7,2511,1.5,2467,1.5,106164,64.5,491,0.3,7483,4.5,46177,28.1,36,10336,7,6,8,13135,49467,27,22,31,15015,9.1,164494,
48137,Texas,Edwards,,,,,,,,,,,,,,,,,,,,,,,,,42,545,375,766,,,,,,,,,,,,,,,,,,,,,,,,,,,,,,,,,,,,,,,,,,,,,,,,,,,,,,,,,,,,,,,,,,,,,,,,18,16,20,17,15,19,,,42,34,51,21,19,23,,,,,,,,,,,,,,,,,,,,,,,,,,,37,32,43,219,11,260,19,41,33,49,40,20,72,,,,,,,,,,,,,,,,,,,,,,,,18,14,22,0,7,0,0,26,,,,,,,,,,,,,,,,,,,,,,,,,,20,17,22,37,32,42,248,36,31,40,48,15,11,19,0,1393:0,0,448,95,84,100,63,13,0,32,1,3,614,188,3,18.4,71.3,,,,,,,,,2.3,,,,,,0.13,16086,-11422,67,,,,,,51691,43788,59594,,,,,,,,,,,,,,,,1,36,,,,,,,,,,,,,,,,,,,,,,,,,,,,,,,,,,,,,,,,,,,,,,,,,,,,,,,,,,,,,,,,,,,,,,,,,,,,,,,32,28,36,21.2,29.9,47.2,46,3.3,17,1.2,692,49.7,0,0.0,24,1.7,638,45.8,42,78,6,0,13,42,224,19,0,40,1422,100.0,1393,
48139,Texas,Ellis,76.8,76.4,77.1,79.5,78.4,80.6,,,,86.3,78.5,94.2,73.8,72.8,74.9,,,,,,,76.4,75.9,76.9,2587,391,375,406,307,276,339,,,,,,,484,438,531,,,,,,,406,387,426,115,50,41,59,43,30,59,,,,,,,68,42,105,,,,,,,55,42,71,94,6,5,7,4,3,7,,,,,,,10,6,15,,,,,,,6,4,8,12,11,14,11,10,13,406,234,38,31,45,18,16,20,146,15,13,17,15,7,4,11,,,,,,,9,5,16,,,,,,,20,17,24,36,32,42,10974,7,25540,13,41,35,48,18,17,19,24,22,27,,,,,,,17,14,21,,,,18,11,27,14,12,15,710,334.6,19,16,24,43,162,27,23,31,65,11,8,14,6,3,12,,,,,,,13,7,23,,,,,,,13,9,17,14,13,16,26,22,30,24979,20,18,22,5783,10,8,12,72,1393:1,46,52500,76,75,78,8259,12,11,14,27,3,630,105,3,68.8,68.9,3202,94,,,,,,,3.2,,3.8,2.8,3.0,3.4,0.09,12059,-5135,52,52612,67039,0.78,0.73,0.84,90077,82876,97278,,,,,,,98142,86464,109820,74434,70997,77871,102762,99037,106487,62,5,33,4,3,6,3,2,6,,,,,,,13,8,19,,,,,,,4,2,5,203,15,13,18,12,9,16,,,,,,,9,5,16,,,,,,,19,16,22,110,11,9,13,5,3,8,,,,,,,15,9,24,,,,,,,14,11,18,8,6,11,29,25,33,26.3,13.1,50.6,1990,0.9,2586,1.2,63312,28.4,347,0.2,36830,16.5,115601,51.9,31,6336,3,3,4,12544,53881,23,20,27,59073,30.7,222829,
48141,Texas,El Paso,76.5,76.3,76.7,76.8,76.6,77.0,96.8,73.1,120.5,86.6,84.1,89.2,75.5,74.2,76.7,,,,,,,74.5,74.0,75.0,11154,434,426,442,422,413,431,330,204,505,183,138,237,509,456,562,,,,,,,508,483,533,446,44,40,49,42,37,46,,,,,,,96,63,140,,,,,,,66,50,86,380,5,4,5,4,4,5,,,,,,,11,7,15,,,,,,,6,5,8,15,13,16,16,14,18,2655,374,39,35,44,18,16,20,500,12,11,13,12,9,8,10,,,,,,,11,6,17,,,,,,,33,28,38,36,32,40,73081,9,167200,19,38,34,42,28,27,29,29,28,30,21,11,36,8,4,14,21,17,25,29,14,53,7,4,12,22,20,25,5074,584.0,20,17,23,136,433,31,29,34,430,17,15,18,15,13,16,,,,,,,21,13,34,,,,,,,30,24,37,14,13,16,31,28,35,149919,29,27,31,25156,11,9,13,111,899:1,161,188705,64,63,65,44136,15,15,16,59,3,537,109,2,64.0,51.8,13875,87,,,,,,,3.2,,3.9,3.2,3.2,3.5,0.12,13464,-13418,77,39147,48041,0.81,0.78,0.85,58656,55949,61363,74489,63943,85035,71713,50171,93255,64829,57088,72570,54858,53284,56432,75856,71343,80369,257,4,50,4,3,4,3,3,4,,,,,,,12,7,18,,,,,,,4,2,6,708,12,11,13,11,10,12,,,,,,,21,15,28,,,,,,,14,12,17,392,9,8,10,6,5,7,,,,,,,20,13,29,,,,,,,28,23,32,7,6,8,30,27,33,25.7,13.5,50.3,9956,1.1,13202,1.5,720562,82.8,2089,0.2,30117,3.5,96653,11.1,36,102688,13,12,13,69238,228574,30,29,32,34831,4.0,869880,
48143,Texas,Erath,76.7,75.9,77.6,85.1,76.5,93.7,,,,,,,,,,,,,,,,75.9,74.9,76.9,568,423,386,459,348,270,442,,,,,,,,,,,,,,,,452,409,494,18,37,22,59,,,,,,,,,,,,,,,,,,,,,,,,,,,,,,,,,,,,,,,,,,,,,,,14,12,16,12,11,14,29,77,40,32,48,20,18,22,28,14,9,20,13,,,,,,,,,,,,,,,,,,,,,,34,29,39,6864,18,7140,17,41,34,48,11,9,13,24,19,30,,,,,,,,,,,,,,,,8,6,9,252,574.1,22,18,26,17,72,24,18,30,14,11,6,18,,,,,,,,,,,,,,,,,,,,,,18,16,20,28,24,33,5882,23,20,26,1234,13,10,17,63,1578:1,52,10450,64,61,67,2772,18,14,21,31,3,628,160,2,48.8,54.3,386,97,,,,,,,3.5,,,,3.4,3.6,0.05,12287,-1865,54,40057,55633,0.72,0.64,0.80,63564,56620,70508,,,,,,,,,,52087,37563,66611,67040,62687,71393,12,5,71,,,,,,,,,,,,,,,,,,,,,,,,,73,24,19,31,29,18,46,,,,,,,,,,,,,,,,24,18,31,23,11,7,16,,,,,,,,,,,,,,,,,,,,,,,,,26,23,30,20.6,15.2,50.8,648,1.5,526,1.2,9901,22.4,45,0.1,847,1.9,32093,72.6,34,1347,3,2,4,1879,8963,21,14,28,21693,51.0,44195,
48145,Texas,Falls,73.9,72.4,75.5,78.3,73.6,83.0,,,,,,,71.2,67.7,74.8,,,,,,,73.5,71.2,75.8,328,539,477,600,443,326,587,,,,,,,666,524,835,,,,,,,543,458,629,20,125,77,194,,,,,,,,,,,,,,,,,,,,,,,,,,,,,,,,,,,,,,,,,,,,,,,16,14,17,15,13,17,40,277,43,34,51,21,19,23,11,14,7,26,13,,,,,,,,,,,,,,,,,,,,,,36,31,42,919,5,2900,17,42,35,49,37,30,44,50,38,66,,,,,,,40,27,58,,,,,,,23,15,33,79,463.4,18,14,22,10,29,34,25,44,,,,,,,,,,,,,,,,,,,,,,,,,,20,18,22,33,28,38,1786,21,18,25,404,11,7,15,52,1921:1,15,4714,78,74,83,519,9,5,13,6,3,672,136,3,45.8,47.3,,,,,,,,,2.7,,,2.5,2.9,3.0,0.18,14059,-6712,81,49609,49389,1.00,0.65,1.36,49940,44139,55741,,,,,,,34063,11581,56545,37993,30887,45099,60549,53962,67136,6,6,59,,,,,,,,,,,,,,,,,,,,,,,,,26,21,14,31,,,,,,,,,,,,,,,,,,,,,,10,12,6,21,,,,,,,,,,,,,,,,,,,,,,,,,30,27,34,21.4,19.3,51.9,232,1.3,128,0.7,4469,25.9,41,0.2,3693,21.4,8688,50.3,39,298,2,1,3,1132,3604,31,23,40,11572,68.2,17286,
48147,Texas,Fannin,73.3,72.4,74.2,79.8,75.5,84.0,,,,,,,73.8,70.3,77.3,,,,,,,72.6,71.6,73.6,761,545,504,585,271,177,396,,,,,,,544,387,744,,,,,,,580,534,627,22,65,41,98,,,,,,,,,,,,,,,,,,,,,,20,8,5,12,,,,,,,,,,,,,,,,,,,,,,13,12,15,12,10,13,83,261,38,29,46,19,17,21,35,20,13,27,19,,,,,,,,,,,,,,,,,,,,,,37,31,42,4408,13,5790,16,40,32,47,24,21,28,29,21,40,,,,,,,42,22,73,,,,,,,23,19,27,93,250.5,21,17,25,17,54,31,24,39,17,16,9,25,,,,,,,,,,,,,,,,,,,,,,17,15,19,27,23,31,3932,20,17,22,761,9,7,12,53,1879:1,8,9658,75,72,79,1344,11,9,13,13,3,553,95,3,56.4,56.3,380,93,,,,,,,3.1,,,,3.0,3.2,0.06,14074,-5696,57,44950,58175,0.77,0.66,0.88,66381,58434,74328,,,,68400,67684,69116,23750,5569,41931,75369,48185,102553,70861,65993,75729,6,3,63,4,2,8,,,,,,,,,,,,,,,,,,,,,,79,32,25,40,37,18,65,,,,,,,,,,,,,,,,31,24,40,30,17,11,24,,,,,,,,,,,,,,,,,,,,,,8,3,13,29,25,33,21.2,18.0,46.6,530,1.4,316,0.8,5164,13.7,44,0.1,2443,6.5,28518,75.9,33,618,2,1,3,1679,7794,22,16,27,27863,78.1,37571,
48149,Texas,Fayette,76.4,75.2,77.6,77.0,74.3,79.7,,,,,,,,,,,,,,,,76.5,75.1,77.9,454,433,388,478,401,304,520,,,,,,,971,700,1313,,,,,,,425,371,479,15,68,38,112,,,,,,,,,,,,,,,,,,,,,,,,,,,,,,,,,,,,,,,,,,,,,,,12,11,14,11,10,13,36,167,36,29,44,18,17,20,20,14,8,23,16,,,,,,,,,,,,,,,,,,,,,,35,30,40,1374,6,3680,15,38,31,45,19,16,24,26,19,34,,,,,,,25,12,45,,,,,,,12,8,17,88,353.2,21,17,25,8,75,11,6,17,10,13,6,24,,,,,,,,,,,,,,,,,,,,,,17,15,19,25,21,29,2832,22,19,24,652,13,9,16,63,1592:1,21,7859,80,77,82,883,9,7,12,21,3,675,155,2,52.7,67.5,269,96,,,,,,,3.1,,,2.8,2.9,3.4,0.04,12964,-3097,54,42363,55810,0.76,0.60,0.92,71442,65218,77666,,,,,,,,,,75929,63017,88841,81280,74892,87668,9,8,31,,,,,,,,,,,,,,,,,,,,,,,,,40,23,16,31,26,13,48,,,,,,,,,,,,,,,,19,12,29,20,16,10,25,,,,,,,,,,,,,,,,,,,,,,,,,27,23,30,20.3,27.1,50.7,376,1.5,164,0.6,5649,22.2,27,0.1,1446,5.7,17803,69.9,30,485,2,1,3,956,4958,19,13,26,19415,79.5,25474,
48151,Texas,Fisher,71.6,68.4,74.8,,,,,,,,,,,,,,,,,,,,,,92,631,497,790,618,382,944,,,,,,,,,,,,,,,,641,479,840,,,,,,,,,,,,,,,,,,,,,,,,,,,,,,,,,,,,,,,,,,,,,,,,,,,14,13,15,12,12,13,,,38,34,42,19,18,20,,,,,,,,,,,,,,,,,,,,,,,,,,,35,33,38,146,4,600,16,38,35,42,30,19,46,,,,,,,,,,,,,,,,,,,,,,5,138.0,21,19,23,3,7,43,22,61,,,,,,,,,,,,,,,,,,,,,,,,,,17,16,18,29,26,31,359,18,15,21,83,10,7,13,83,1204:1,0,1300,82,77,86,94,6,2,11,,3,657,159,2,45.4,61.5,,,,,,,,,3.1,,,,,,0.04,14895,-3089,61,36765,56779,0.65,0.52,0.78,61808,55463,68153,,,,,,,40000,2882,77118,49479,39143,59815,70491,62102,78880,1,4,24,,,,,,,,,,,,,,,,,,,,,,,,,,,,,,,,,,,,,,,,,,,,,,,,,,,,,,,,,,,,,,,,,,,,,,,,,,,,,,28,26,30,21.7,24.6,49.3,46,1.3,17,0.5,986,27.3,3,0.1,143,4.0,2376,65.8,34,63,2,0,4,145,761,19,9,29,3672,100.0,3612,
48153,Texas,Floyd,72.9,70.8,75.0,72.0,69.1,74.9,,,,,,,,,,,,,,,,73.4,70.2,76.5,119,624,507,741,679,519,872,,,,,,,,,,,,,,,,619,446,836,,,,,,,,,,,,,,,,,,,,,,,,,,,,,,,,,,,,,,,,,,,,,,,,,,,17,16,19,16,14,18,5,116,41,34,49,20,19,22,,,,,,,,,,,,,,,,,,,,,,,,,,,37,32,43,289,4,1010,19,40,34,47,31,23,43,,,,,,,,,,,,,,,,,,,,,,21,401.1,19,15,22,4,11,36,20,52,,,,,,,,,,,,,,,,,,,,,,,,,,19,17,21,37,32,42,868,30,26,34,197,14,10,18,118,848:1,0,1459,75,71,80,143,8,2,14,45,3,506,157,2,45.1,52.1,,,,,,,,,2.7,,,,,,0.02,16357,-489,78,35818,54720,0.65,0.54,0.77,46817,39711,53923,,,,,,,,,,58875,48174,69576,54662,34075,75249,2,6,46,,,,,,,,,,,,,,,,,,,,,,,,,,,,,,,,,,,,,,,,,,,,,,,,,,,,,,,,,,,,,,,,,,,,,,,,,,,,,,32,28,36,25.6,19.2,49.7,82,1.6,27,0.5,2987,58.7,3,0.1,187,3.7,1827,35.9,41,423,9,5,12,282,1377,20,10,31,5402,100.0,5090,
48155,Texas,Foard,,,,,,,,,,,,,,,,,,,,,,,,,35,767,517,1094,,,,,,,,,,,,,,,,,,,,,,,,,,,,,,,,,,,,,,,,,,,,,,,,,,,,,,,,,,,,,,,,,,,,,,,,16,15,17,14,13,15,,,40,36,45,22,20,23,,,,,,,,,,,,,,,,,,,,,,,,,,,37,34,40,552,41,220,20,41,37,44,,,,,,,,,,,,,,,,,,,,,,,,,0,0.0,19,17,21,,,,,,,,,,,,,,,,,,,,,,,,,,,,,,,21,19,22,32,29,34,120,21,17,25,25,11,7,15,93,1079:1,0,281,67,54,79,61,15,0,32,0,3,658,171,2,31.8,56.5,,,,,,,,,,,,,,,,20063,-3896,65,39643,44583,0.89,0.15,1.63,50030,42414,57646,,,,,,,,,,39464,5859,73069,54000,22750,85250,1,15,,,,,,,,,,,,,,,,,,,,,,,,,,,,,,,,,,,,,,,,,,,,,,,,,,,,,,,,,,,,,,,,,,,,,,,,,,,,,,,29,27,32,20.9,25.4,51.4,13,1.2,11,1.0,208,19.3,0,0.0,63,5.8,772,71.5,39,1,0,0,7,159,254,63,51,75,1095,100.0,1079,
48157,Texas,Fort Bend,81.0,80.7,81.2,82.5,81.8,83.1,,,,86.9,86.1,87.6,77.6,77.1,78.1,,,,,,,80.0,79.7,80.3,7253,261,255,267,255,241,268,,,,154,144,164,366,351,382,,,,,,,271,260,282,389,39,35,43,33,27,40,,,,31,24,40,68,56,79,,,,,,,32,25,39,293,4,4,5,4,3,5,,,,4,3,5,7,6,9,,,,,,,3,3,4,10,9,11,12,10,13,1938,267,33,27,40,15,13,16,419,10,9,11,10,7,6,9,,,,6,4,8,6,5,8,,,,,,,17,15,19,33,28,38,34618,6,92640,11,37,31,43,8,7,8,15,14,15,,,,0,0,1,9,8,10,,,,5,3,7,4,3,4,2327,261.7,17,13,20,45,189,24,20,28,266,10,9,12,9,7,11,,,,4,2,6,14,11,17,,,,,,,14,12,17,11,9,12,22,19,26,79048,15,14,16,17783,7,6,9,88,1137:1,81,217921,77,77,78,36299,13,12,14,20,3,574,113,4,71.5,73.6,16553,93,,,,,,,3.6,3.5,4.2,3.1,3.2,3.8,0.14,11316,-3633,45,60442,82916,0.73,0.70,0.76,106213,101210,111216,81969,66614,97324,135301,128750,141852,92138,86651,97625,88718,79959,97477,132992,127841,138143,292,6,48,5,4,5,4,3,5,,,,2,1,2,13,11,16,,,,,,,3,2,3,390,7,6,8,8,7,10,,,,3,2,4,11,9,12,,,,,,,6,5,7,461,11,10,12,8,6,10,,,,4,2,5,18,15,21,,,,,,,14,12,17,5,4,7,29,25,32,26.4,13.0,50.8,5857,0.6,207723,22.7,226892,24.7,1053,0.1,199190,21.7,264675,28.9,25,43035,5,5,6,37546,231580,16,15,18,39477,4.8,916778,
48159,Texas,Franklin,74.5,72.6,76.3,80.2,74.1,86.4,,,,,,,,,,,,,,,,74.0,71.9,76.2,215,521,446,597,,,,,,,,,,,,,,,,,,,,,,,,,,,,,,,,,,,,,,,,,,,,,,,,,,,,,,,,,,,,,,,,,,,,,,,,11,10,12,10,9,11,14,155,35,26,43,17,16,19,14,25,13,44,26,,,,,,,,,,,,,,,,,,,,,,36,31,41,2204,21,1520,15,36,29,43,23,18,30,23,12,41,,,,,,,,,,,,,,,,20,14,28,31,292.0,23,18,28,6,12,50,36,62,,,,,,,,,,,,,,,,,,,,,,,,,,14,12,16,21,18,25,1003,17,14,20,213,9,6,12,37,2684:1,11,3129,79,73,86,302,8,4,12,12,3,506,80,5,46.0,65.1,121,98,,,,,,,3.0,,,,3.0,3.0,0.00,12047,-1967,68,49461,60435,0.82,0.52,1.12,59972,50935,69009,,,,,,,57333,15869,98797,63000,41323,84677,69447,56839,82055,3,5,68,,,,,,,,,,,,,,,,,,,,,,,,,22,29,18,45,,,,,,,,,,,,,,,,,,,,,,,,,,,,,,,,,,,,,,,,,,,,,,,,,,28,24,32,21.7,23.1,50.1,142,1.3,125,1.2,1548,14.4,10,0.1,494,4.6,8309,77.4,27,265,3,1,4,320,2380,13,6,21,10359,100.0,10735,
48161,Texas,Freestone,74.4,73.2,75.7,84.8,74.0,95.6,,,,,,,67.9,64.1,71.6,,,,,,,74.9,73.4,76.4,405,529,475,583,275,165,429,,,,,,,836,666,1037,,,,,,,513,448,577,15,76,43,126,,,,,,,,,,,,,,,,,,,,,,,,,,,,,,,,,,,,,,,,,,,,,,,14,13,16,13,11,15,69,408,39,31,48,20,18,22,23,22,13,33,23,,,,,,,,,,,,,,,,,,,,,,35,30,40,1727,9,3350,17,40,33,48,26,22,31,33,24,46,,,,,,,,,,,,,,,,24,18,31,40,200.5,20,16,25,7,55,13,7,20,,,,,,,,,,,,,,,,,,,,,,,,,,19,17,22,29,25,34,2253,22,19,26,500,11,8,14,59,1703:1,11,5138,75,71,79,645,10,7,14,1,3,615,136,2,43.8,59.8,252,94,,,,,,,3.1,,,2.6,3.1,3.1,0.01,14058,-1171,62,43181,58113,0.74,0.64,0.85,58850,52349,65351,,,,,,,47750,15813,79687,59646,48090,71202,69961,60404,79518,7,6,25,,,,,,,,,,,,,,,,,,,,,,,,,42,30,22,41,,,,,,,,,,48,23,88,,,,,,,30,20,44,20,20,12,31,,,,,,,,,,,,,,,,,,,,,,,,,29,25,33,22.6,20.9,47.9,307,1.5,198,1.0,3561,17.4,13,0.1,2881,14.1,13411,65.6,35,207,1,0,2,1106,4483,25,17,33,19435,100.0,20441,
48163,Texas,Frio,72.4,71.1,73.7,71.5,70.0,73.0,,,,,,,,,,,,,,,,74.1,71.1,77.2,334,643,573,712,689,606,772,,,,,,,,,,,,,,,,584,435,767,13,64,34,110,,,,,,,,,,,,,,,,,,,,,,,,,,,,,,,,,,,,,,,,,,,,,,,17,15,19,17,15,20,194,1316,42,33,50,19,17,21,12,12,6,22,12,,,,,,,,,,,,,,,,,,,,,,38,32,44,2007,12,3580,20,42,34,50,41,35,47,43,37,50,,,,,,,,,,,,,,,,25,12,45,221,1240.5,18,14,22,5,38,13,6,22,,,,,,,,,,,,,,,,,,,,,,,,,,19,17,21,38,33,44,2393,27,23,31,462,11,8,14,95,1058:1,36,3243,63,56,70,489,11,7,15,14,3,912,213,2,40.0,40.8,204,97,,,,,,,2.8,,,,,,0.02,13484,-3927,84,36017,43509,0.83,0.52,1.14,50112,43067,57157,,,,,,,,,,48954,31889,66019,92548,47611,137485,8,7,51,,,,,,,,,,,,,,,,,,,,,,,,,24,18,11,26,,,,,,,,,,,,,,,,,,,,,,12,12,6,22,,,,,,,,,,,,,,,,,,,,,,,,,35,30,39,25.8,12.2,42.0,225,1.3,499,2.8,13968,77.7,8,0.0,692,3.8,2762,15.4,42,2367,14,6,22,1405,3923,36,29,43,9322,50.7,17987,
48165,Texas,Gaines,73.8,72.5,75.1,74.7,72.6,76.7,,,,,,,,,,,,,,,,73.1,71.3,74.9,295,515,455,574,478,387,568,,,,,,,,,,,,,,,,543,462,625,27,78,52,114,,,,,,,,,,,,,,,,,,,,,,,,,,,,,,,,,,,,,,,,,,,,,,,15,13,16,14,12,16,8,49,40,32,49,19,18,21,11,11,6,20,10,,,,,,,,,,,,,,,,,,,,,,38,33,44,241,1,3340,16,39,32,46,39,34,43,46,38,54,,,,,,,,,,,,,,,,33,27,39,34,153.3,20,16,24,4,43,9,4,18,,,,,,,,,,,,,,,,,,,,,,,,,,18,16,20,31,27,36,4632,38,34,42,1869,23,17,28,22,4505:1,27,5407,77,71,82,726,11,6,16,15,3,578,185,2,43.3,54.7,272,98,,,,,,,3.2,,,,2.9,3.6,0.07,16839,-179,61,34333,75577,0.45,0.39,0.52,66019,57026,75012,,,,,,,,,,73266,56881,89651,87539,69800,105278,4,2,67,,,,,,,,,,,,,,,,,,,,,,,,,53,35,27,46,20,11,35,,,,,,,,,,,,,,,,48,34,66,14,13,7,22,,,,,,,,,,,,,,,,,,,,,,,,,32,28,37,36.0,9.2,48.9,257,1.1,167,0.7,9162,40.7,7,0.0,354,1.6,12614,56.0,36,1608,8,5,11,870,7830,11,5,17,14530,67.3,22523,
48167,Texas,Galveston,76.1,75.8,76.4,79.6,78.8,80.4,,,,84.2,82.0,86.5,70.8,69.8,71.7,,,,,,,75.7,75.3,76.1,5574,446,434,458,357,332,381,,,,214,171,265,706,662,750,,,,,,,447,431,462,192,52,45,59,44,33,57,,,,,,,96,71,128,,,,,,,49,39,61,142,5,4,6,5,4,7,,,,,,,10,7,14,,,,,,,4,3,5,12,10,13,12,10,13,1147,383,40,35,44,17,15,18,279,16,14,18,16,9,6,12,,,,,,,8,4,12,,,,,,,21,18,24,34,30,37,25207,9,53140,15,37,33,41,17,16,18,22,20,24,,,,,,,26,23,29,,,,15,10,22,12,11,13,1483,415.3,21,17,24,73,204,36,32,39,254,24,21,27,11,7,15,,,,,,,29,21,40,,,,,,,31,26,35,14,12,15,24,21,27,39515,19,17,20,8158,9,7,11,114,876:1,84,93591,67,66,69,22153,16,15,18,40,3,326,96,5,58.7,64.8,6148,94,,,,,,,3.2,,3.9,2.7,3.1,3.5,0.11,13699,-3936,59,59559,76366,0.78,0.74,0.82,83080,78830,87330,82500,50921,114079,100466,76419,124513,51967,46091,57843,75102,70434,79770,98035,93055,103015,109,5,51,8,7,9,6,4,9,,,,,,,25,19,31,,,,,,,6,4,7,327,14,12,15,11,8,14,,,,,,,18,14,24,,,,,,,15,13,17,311,18,16,20,10,7,13,,,,,,,30,23,38,,,,,,,20,17,23,6,4,8,26,23,29,23.4,16.2,50.7,2958,0.8,13543,3.7,96707,26.7,384,0.1,46014,12.7,198228,54.8,30,9648,3,3,3,19798,84443,23,21,26,14253,4.1,361744,
48169,Texas,Garza,73.5,71.4,75.5,73.9,69.3,78.5,,,,,,,,,,,,,,,,74.1,71.4,76.8,104,577,464,690,675,458,958,,,,,,,,,,,,,,,,561,412,746,,,,,,,,,,,,,,,,,,,,,,,,,,,,,,,,,,,,,,,,,,,,,,,,,,,16,14,17,15,14,17,52,921,41,33,50,18,16,20,,,,,,,,,,,,,,,,,,,,,,,,,,,36,31,42,340,5,1040,18,41,33,48,47,34,64,54,35,80,,,,,,,,,,,,,,,,43,23,74,13,207.6,20,16,25,3,16,19,7,34,,,,,,,,,,,,,,,,,,,,,,,,,,19,17,22,35,29,40,654,26,22,30,104,12,8,15,66,1506:1,51,982,69,58,79,72,5,0,13,,3,610,150,2,41.1,47.6,,,,,,,,,3.6,,,,,,0.02,16686,73,69,34886,41039,0.85,0.43,1.27,53190,45335,61045,,,,,,,,,,35700,25448,45952,61835,43935,79735,2,14,64,,,,,,,,,,,,,,,,,,,,,,,,,,,,,,,,,,,,,,,,,,,,,,,,,,,,,,,,,,,,,,,,,,,,,,,,,,,,,,32,28,36,20.4,13.8,40.8,76,1.7,49,1.1,2414,53.4,10,0.2,259,5.7,1706,37.8,39,617,12,7,17,90,1000,9,2,16,5816,100.0,4517,
48171,Texas,Gillespie,78.7,77.5,79.8,82.7,78.3,87.1,,,,,,,,,,,,,,,,77.9,76.5,79.4,385,339,299,378,313,234,409,,,,,,,,,,,,,,,,360,311,410,15,64,36,105,,,,,,,,,,,,,,,,,,,,,,,,,,,,,,,,,,,,,,,,,,,,,,,12,11,14,11,9,12,25,105,34,26,42,19,17,21,30,19,12,28,22,,,,,,,,,,,,,,,,,,,,,,34,29,39,778,3,4090,15,36,29,43,22,18,26,37,29,47,,,,,,,,,,,,,,,,13,9,17,37,134.7,22,17,27,14,39,36,28,44,,,,,,,,,,,,,,,,,,,,,,,,,,15,13,17,25,21,29,3858,28,25,31,926,17,12,21,83,1206:1,31,8004,71,68,74,1291,12,9,15,8,3,593,168,3,57.3,79.4,296,96,,,,,,,3.3,,,,2.9,3.7,0.07,16092,2867,56,41976,56957,0.74,0.66,0.82,76238,65177,87299,95994,94873,97115,,,,,,,66176,42164,90188,67919,59234,76604,6,5,,,,,,,,,,,,,,,,,,,,,,,,,,33,17,12,25,,,,,,,,,,,,,,,,,,,,,,28,21,14,30,,,,,,,,,,,,,,,,,,,,,,,,,25,22,29,19.2,30.8,51.2,363,1.3,187,0.7,6466,23.3,32,0.1,170,0.6,20541,74.1,30,855,3,1,5,1154,5277,22,13,31,15084,56.4,27733,
48173,Texas,Glasscock,,,,,,,,,,,,,,,,,,,,,,,,,,,,,,,,,,,,,,,,,,,,,,,,,,,,,,,,,,,,,,,,,,,,,,,,,,,,,,,,,,,,,,,,,,,,,,,,,,,,11,10,12,11,10,13,,,34,26,42,15,14,17,,,,,,,,,,,,,,,,,,,,,,,,,,,34,29,40,447,36,140,13,35,28,42,,,,,,,,,,,,,,,,,,,,,,,,,0,0.0,23,18,28,0,21,0,0,11,,,,,,,,,,,,,,,,,,,,,,,,,,12,11,14,22,18,25,139,20,16,23,39,13,9,16,0,1141:0,8,293,66,53,79,13,4,0,26,,3,664,186,2,35.1,73.4,,,,,,,,,3.9,,,,,,0.00,25273,10343,17,59821,70563,0.85,0.51,1.18,99602,83729,115475,,,,,,,,,,80357,10793,149921,118359,63232,173486,1,10,,,,,,,,,,,,,,,,,,,,,,,,,,,,,,,,,,,,,,,,,,,,,,,,,,,,,,,,,,,,,,,,,,,,,,,,,,,,,,,27,23,30,25.2,15.2,45.3,14,1.2,3,0.3,392,34.4,2,0.2,30,2.6,703,61.6,27,75,7,0,16,16,274,6,0,21,1116,100.0,1141,
48175,Texas,Goliad,77.8,75.7,80.0,73.4,69.4,77.4,,,,,,,,,,,,,,,,80.2,77.7,82.6,121,417,335,499,625,464,824,,,,,,,,,,,,,,,,323,238,428,,,,,,,,,,,,,,,,,,,,,,,,,,,,,,,,,,,,,,,,,,,,,,,,,,,13,12,15,13,11,15,12,196,39,30,48,18,16,20,,,,,,,,,,,,,,,,,,,,,,,,,,,36,31,42,711,10,1100,16,38,31,46,18,11,26,21,11,35,,,,,,,,,,,,,,,,17,9,30,9,126.2,21,16,25,4,16,25,12,39,,,,,,,,,,,,,,,,,,,,,,,,,,16,14,18,28,24,33,747,19,16,22,150,10,7,13,14,7144:1,18,2317,83,78,87,181,7,3,11,16,3,711,146,3,48.2,69.1,86,98,,,,,,,2.8,,,,2.7,3.2,0.00,13571,505,51,49273,66556,0.74,0.60,0.88,64024,54367,73681,,,,,,,,,,38913,25544,52282,76174,63900,88448,3,13,27,,,,,,,,,,,,,,,,,,,,,,,,,16,31,18,50,,,,,,,,,,,,,,,,,,,,,,,,,,,,,,,,,,,,,,,,,,,,,,,,,,30,26,34,19.6,26.0,49.7,93,1.3,50,0.7,2250,31.5,2,0.0,290,4.1,4420,61.9,33,137,2,0,4,88,1421,6,2,10,7012,100.0,7144,
48177,Texas,Gonzales,74.2,73.1,75.4,75.7,73.5,77.8,,,,,,,,,,,,,,,,73.7,71.9,75.5,390,563,504,621,510,424,595,,,,,,,945,665,1302,,,,,,,582,491,674,,,,,,,,,,,,,,,,,,,,,,,,,,,,,,,,,,,,,,,,,,,,,,,,,,,15,13,17,14,12,16,30,186,40,31,48,20,18,21,21,20,12,31,21,,,,,,,,,,,,,,,,,,,,,,37,31,42,3462,17,3270,17,39,32,46,37,32,42,44,37,51,,,,,,,,,,,,,,,,27,19,38,87,438.7,19,16,24,9,47,19,12,27,11,18,9,33,,,,,,,,,,,,,,,,,,,,,,17,15,19,33,28,38,3002,27,24,31,692,13,9,17,70,1424:1,32,5355,70,66,74,623,9,6,12,24,3,745,160,2,43.2,56.4,292,96,,,,,,,2.9,,,,2.8,3.4,0.03,14055,-7665,76,38756,55778,0.69,0.62,0.77,56350,47595,65105,,,,,,,,,,58343,44399,72287,61364,51554,71174,3,2,21,,,,,,,,,,,,,,,,,,,,,,,,,36,25,18,35,22,12,35,,,,,,,,,,,,,,,,31,18,48,17,17,10,27,,,,,,,,,,,,,,,,,,,,,,,,,30,27,34,26.4,18.1,49.8,362,1.8,142,0.7,10197,51.2,45,0.2,1141,5.7,8187,41.1,37,1042,6,4,7,1514,5156,29,20,39,12700,64.6,19930,
48179,Texas,Gray,72.3,71.2,73.4,78.1,74.2,82.1,,,,,,,,,,,,,,,,70.8,69.4,72.1,446,616,557,674,354,263,467,,,,,,,,,,,,,,,,715,637,792,16,69,39,111,,,,,,,,,,,,,,,,,,,,,,,,,,,,,,,,,,,,,,,,,,,,,,,15,14,17,14,12,15,16,92,41,32,49,20,18,22,21,19,12,30,20,,,,,,,,,,,,,,,,,,,,,,35,30,40,1914,8,3780,18,40,32,47,33,28,38,33,25,42,,,,,,,,,,,,,,,,36,29,44,44,209.4,20,16,24,4,27,15,6,26,14,22,12,37,,,,,,,,,,,,,,,,,,,,,,20,18,22,32,27,37,2834,26,23,29,667,12,9,16,67,1494:1,36,5824,73,70,77,835,11,7,15,71,3,454,155,2,53.1,51.3,275,92,,,,,,,3.1,,,,2.9,3.2,0.03,15813,-3951,63,39102,52120,0.75,0.58,0.92,56726,48538,64914,37813,23937,51689,53652,40793,66511,38750,19724,57776,38254,25506,51002,62852,53343,72361,9,6,68,9,5,15,,,,,,,,,,,,,,,,,,,,,,35,23,16,32,24,12,43,,,,,,,,,,,,,,,,23,15,35,22,20,13,31,,,,,,,,,,,,,,,,,,,,,,,,,28,24,31,25.1,16.5,46.3,381,1.8,159,0.8,6747,32.3,7,0.0,981,4.7,12465,59.6,37,1014,5,3,7,1431,5256,27,19,35,4362,20.5,20916,
48181,Texas,Grayson,74.4,74.0,74.9,83.0,79.7,86.3,,,,83.3,79.7,86.8,70.9,68.8,73.0,,,,,,,73.7,73.2,74.2,2665,507,487,528,297,245,348,,,,,,,627,529,725,,,,,,,541,518,565,79,54,43,67,44,24,72,,,,,,,153,84,256,,,,,,,52,38,69,75,7,5,8,,,,,,,,,,,,,,,,,,,,,,14,12,15,12,10,13,205,172,37,30,45,20,18,22,129,19,15,22,19,,,,,,,,,,,,,,,,,,,,,,36,31,42,7128,6,21570,16,42,35,49,27,25,29,35,31,40,,,,,,,44,36,54,,,,29,20,40,23,21,25,464,324.2,21,17,25,25,125,20,16,25,66,16,12,20,,,,,,,,,,,,,,,,,,,,,,18,16,21,27,22,31,17631,21,19,24,4149,12,9,15,108,930:1,49,35904,67,65,69,6474,13,11,14,44,3,566,106,2,62.2,61.3,1631,94,,,,,,,3.1,,3.0,2.5,3.0,3.3,0.10,12252,-127,56,45268,58756,0.77,0.71,0.83,69442,60991,77893,82857,50954,114760,70509,60193,80825,45400,32556,58244,65962,59844,72080,73224,70013,76435,41,5,38,4,3,6,,,,,,,,,,,,,,,,,,,,,,159,17,14,19,15,9,23,,,,,,,29,16,47,,,,,,,17,14,20,110,16,13,19,10,5,18,,,,,,,,,,,,,,,,19,15,23,10,7,14,27,24,31,24.1,18.1,51.0,2769,1.9,2334,1.6,24568,16.7,143,0.1,8612,5.9,105583,71.9,34,3243,2,,,7034,33758,21,18,24,64640,47.7,146907,
48183,Texas,Gregg,72.1,71.6,72.6,78.4,76.6,80.2,,,,,,,66.9,65.8,68.0,,,,,,,72.5,71.9,73.2,2567,623,598,648,333,279,387,,,,,,,896,828,963,,,,,,,612,580,643,89,63,51,77,38,22,61,,,,,,,107,73,152,,,,,,,63,45,86,76,6,5,8,,,,,,,,,,10,6,14,,,,,,,6,4,8,14,12,16,13,11,15,536,521,40,32,48,20,18,22,102,16,13,20,16,,,,,,,,,,,,,,,,,,,,,,36,31,41,12122,10,20790,17,40,33,47,32,30,34,34,30,38,,,,,,,37,33,42,,,,34,23,48,28,25,30,863,688.0,19,15,23,19,130,15,11,19,33,9,6,12,,,,,,,,,,,,,,,,,,,,,,18,16,20,28,24,32,16730,24,21,26,3933,12,9,15,194,515:1,75,28155,59,57,62,5897,13,11,14,35,3,510,79,3,60.8,56.4,1638,96,,,,,,,3.2,,,2.8,3.2,3.5,0.11,11298,-4046,71,40259,58884,0.68,0.62,0.75,61254,57193,65315,50733,16717,84749,72434,45404,99464,48340,41641,55039,60478,53453,67503,74367,70025,78709,48,6,40,11,9,13,,,,,,,,,,34,26,44,,,,,,,6,4,8,190,22,19,25,14,9,21,,,,,,,34,26,43,,,,,,,21,17,25,127,20,17,24,,,,,,,,,,31,22,42,,,,,,,22,18,28,11,7,15,28,24,32,25.7,16.3,51.2,1270,1.0,1851,1.5,25840,20.5,153,0.1,25705,20.4,69836,55.3,34,3466,3,2,4,9140,32292,28,24,32,16723,13.5,126243,
48185,Texas,Grimes,74.9,73.9,75.9,78.9,75.0,82.7,,,,,,,69.8,66.9,72.6,,,,,,,75.1,73.8,76.4,590,505,462,548,471,376,583,,,,,,,747,604,891,,,,,,,482,429,534,22,75,47,114,,,,,,,,,,,,,,,,,,,,,,,,,,,,,,,,,,,,,,,,,,,,,,,14,13,16,13,11,16,122,472,42,32,52,20,17,22,36,22,16,31,24,,,,,,,,,,,,,,,,,,,,,,37,32,42,3246,12,4780,16,41,32,50,29,25,33,39,31,48,,,,,,,30,20,43,,,,,,,22,17,28,138,448.7,20,15,25,13,67,19,13,26,12,13,7,23,,,,,,,,,,,,,,,,,,,,,,19,16,21,30,25,36,3654,23,20,26,865,12,9,16,25,4048:1,25,8022,78,75,81,1087,11,7,15,12,3,659,113,4,47.5,58.9,331,93,,,,,,,3.1,,,2.5,3.0,3.5,0.16,12123,-3769,64,39853,58248,0.68,0.55,0.81,64708,57509,71907,38438,28768,48108,,,,26801,20272,33330,62883,48523,77243,80662,62458,98866,8,5,50,7,4,12,,,,,,,,,,,,,,,,,,,,,,54,27,20,35,26,14,45,,,,,,,34,16,62,,,,,,,26,18,37,38,26,18,35,,,,,,,,,,,,,,,,,,,,,,,,,31,27,35,22.8,18.8,45.9,324,1.0,190,0.6,8329,25.7,40,0.1,4273,13.2,18990,58.6,35,1001,3,2,5,1991,6839,29,23,36,21810,74.5,32384,
48187,Texas,Guadalupe,78.2,77.8,78.7,79.2,78.3,80.0,,,,87.4,83.4,91.4,76.5,74.6,78.4,,,,,,,77.4,76.8,78.0,2206,369,353,385,358,331,385,,,,,,,387,328,446,,,,,,,392,370,414,87,46,37,57,40,28,56,,,,,,,,,,,,,,,,53,38,72,67,5,4,6,5,3,7,,,,,,,,,,,,,,,,5,3,7,12,10,13,12,11,14,211,138,39,34,46,17,16,19,133,15,13,18,15,10,7,14,,,,,,,,,,,,,,,,21,17,26,34,30,39,16284,12,23920,14,37,32,43,16,15,18,23,21,25,,,,,,,8,5,12,,,,8,4,14,11,10,13,549,300.4,23,19,27,20,96,21,16,26,49,9,7,12,8,4,12,,,,,,,,,,,,,,,,12,8,17,12,11,14,24,21,28,17097,15,13,17,4570,10,7,12,54,1848:1,49,49402,78,77,80,5302,9,7,10,30,3,752,168,2,68.8,66.3,2204,93,,,,,,,3.1,,3.7,2.9,2.9,3.4,0.05,10958,-1650,48,51666,66449,0.78,0.72,0.83,94952,90626,99278,138317,76727,199907,106942,46510,167374,90345,70675,110015,81736,73019,90453,101214,96124,106304,47,5,43,4,3,5,3,2,5,,,,,,,11,5,20,,,,,,,3,2,5,166,14,12,16,13,10,17,,,,,,,,,,,,,,,,16,13,20,109,13,10,15,6,3,9,,,,,,,16,8,29,,,,,,,19,15,23,8,5,11,29,25,32,23.7,15.1,50.1,2084,1.1,4254,2.3,74375,39.5,572,0.3,15166,8.0,89890,47.7,30,4425,3,2,3,8470,43365,20,16,23,42869,24.8,188454,
48189,Texas,Hale,72.6,71.6,73.5,72.1,70.8,73.4,,,,,,,,,,,,,,,,73.3,71.6,74.9,591,597,548,646,624,556,693,,,,,,,674,444,981,,,,,,,568,489,647,25,64,42,95,,,,,,,,,,,,,,,,,,,,,,,,,,,,,,,,,,,,,,,,,,,,,,,16,15,18,16,14,18,38,146,43,35,51,20,18,22,17,11,6,18,10,,,,,,,,,,,,,,,,,,,,,,37,32,42,2955,8,6160,19,42,35,49,41,36,45,50,45,56,,,,,,,,,,,,,,,,15,10,22,202,634.7,18,15,22,6,30,20,11,30,,,,,,,,,,,,,,,,,,,,,,,,,,19,17,21,36,31,41,4714,27,24,31,1043,12,8,16,82,1222:1,50,6628,60,56,64,1294,12,9,16,33,3,496,152,2,51.0,43.2,501,94,,,,,,,2.9,,,,2.8,3.5,0.08,15180,-4003,76,37857,48130,0.79,0.65,0.92,52487,47070,57904,,,,,,,,,,51485,46982,55988,59781,50648,68914,6,3,44,5,2,8,,,,,,,,,,,,,,,,,,,,,,45,19,14,26,19,13,28,,,,,,,,,,,,,,,,20,11,33,16,10,6,16,,,,,,,,,,,,,,,,,,,,,,16,8,25,31,27,35,26.0,14.4,47.6,595,1.9,202,0.6,19676,62.0,68,0.2,1510,4.8,9993,31.5,40,1899,6,5,8,3113,8576,36,27,45,9907,30.5,31761,
48191,Texas,Hall,74.2,71.2,77.1,,,,,,,,,,,,,,,,,,,,,,77,626,483,798,,,,,,,,,,,,,,,,,,,,,,,,,,,,,,,,,,,,,,,,,,,,,,,,,,,,,,,,,,,,,,,,,,,,,,,,15,14,16,14,13,15,,,41,36,46,19,18,21,,,,,,,,,,,,,,,,,,,,,,,,,,,36,33,39,436,13,540,19,41,37,45,28,17,44,,,,,,,,,,,,,,,,,,,,,,6,213.5,19,17,21,0,7,0,0,26,,,,,,,,,,,,,,,,,,,,,,,,,,17,16,19,30,28,33,465,30,26,35,76,12,8,16,35,2818:1,39,869,75,70,80,34,3,0,9,32,3,600,184,2,41.0,54.8,,,,,,,,,3.3,,,,,,0.01,18455,-15667,82,39479,49355,0.80,0.60,1.00,40725,34708,46742,,,,,,,18125,2876,33374,35625,13131,58119,52422,38557,66287,1,8,,,,,,,,,,,,,,,,,,,,,,,,,,,,,,,,,,,,,,,,,,,,,,,,,,,,,,,,,,,,,,,,,,,,,,,,,,,,,,,30,27,32,21.6,24.1,50.1,52,1.8,18,0.6,1011,35.9,3,0.1,243,8.6,1485,52.7,36,70,3,0,6,220,616,36,19,52,2825,100.0,2818,
48193,Texas,Hamilton,74.3,72.1,76.5,,,,,,,,,,,,,,,,,,,,,,168,521,433,608,,,,,,,,,,,,,,,,,,,,,,10,128,61,235,,,,,,,,,,,,,,,,,,,,,,,,,,,,,,,,,,,,,,,,,,,,,,,14,13,16,12,10,14,6,85,38,30,46,21,19,22,14,35,18,62,33,,,,,,,,,,,,,,,,,,,,,,34,29,39,1041,12,1510,18,40,33,48,21,15,29,,,,,,,,,,,,,,,,,,,,,,19,229.0,21,17,25,1,17,6,0,20,,,,,,,,,,,,,,,,,,,,,,,,,,19,17,21,28,24,33,1123,25,22,29,268,15,11,19,116,862:1,26,2427,77,74,81,274,9,5,14,,3,641,157,2,49.7,67.0,,,,,,,,,3.1,,,,3.1,3.2,0.03,12312,-1280,55,45211,62500,0.72,0.52,0.93,59403,50354,68452,,,,,,,,,,46012,20988,71036,55966,46772,65160,5,12,,,,,,,,,,,,,,,,,,,,,,,,,,18,31,18,48,,,,,,,,,,,,,,,,,,,,,,,,,,,,,,,,,,,,,,,,,,,,,,,,,,25,22,29,21.7,25.2,49.8,176,2.0,87,1.0,1253,14.5,6,0.1,91,1.1,7054,81.8,35,234,3,1,5,232,1833,13,5,20,8222,100.0,8619,
48195,Texas,Hansford,76.5,74.5,78.6,90.6,59.0,122.2,,,,,,,,,,,,,,,,75.5,72.3,78.7,69,396,306,505,466,307,678,,,,,,,,,,,,,,,,404,282,562,,,,,,,,,,,,,,,,,,,,,,,,,,,,,,,,,,,,,,,,,,,,,,,,,,,13,12,14,12,11,13,,,37,33,41,18,17,19,,,,,,,,,,,,,,,,,,,,,,,,,,,35,32,38,204,4,730,14,37,33,40,23,16,32,,,,,,,,,,,,,,,,,,,,,,6,116.5,20,18,22,1,6,17,1,43,,,,,,,,,,,,,,,,,,,,,,,,,,14,13,15,27,25,29,902,31,28,35,292,19,14,24,59,1690:1,0,1402,77,72,82,143,8,2,15,60,3,477,103,2,51.0,66.4,121,97,,,,,,,3.4,,,,3.1,3.8,0.04,15746,-1639,55,33375,50735,0.66,0.48,0.83,68171,58095,78247,,,,,,,,,,66012,38572,93452,69597,52199,86995,1,2,,,,,,,,,,,,,,,,,,,,,,,,,,11,29,15,53,,,,,,,,,,,,,,,,,,,,,,,,,,,,,,,,,,,,,,,,,,,,,,,,,,27,25,29,28.7,15.2,48.7,93,1.8,24,0.5,2537,50.0,3,0.1,48,0.9,2385,47.0,32,424,9,5,13,267,1496,18,8,28,5285,100.0,5071,
48197,Texas,Hardeman,73.8,70.8,76.8,,,,,,,,,,,,,,,,,,,,,,85,577,454,724,,,,,,,,,,,,,,,,,,,,,,,,,,,,,,,,,,,,,,,,,,,,,,,,,,,,,,,,,,,,,,,,,,,,,,,,14,13,16,12,11,14,,,37,29,46,20,18,22,,,,,,,,,,,,,,,,,,,,,,,,,,,36,31,42,323,8,610,17,38,31,46,29,18,44,,,,,,,,,,,,,,,,,,,,,,10,284.4,21,16,25,2,5,40,15,62,,,,,,,,,,,,,,,,,,,,,,,,,,18,16,20,28,24,33,461,23,20,27,95,12,8,15,86,1163:1,62,904,70,62,77,94,8,2,14,0,3,650,196,3,40.2,53.5,,,,,,,,,2.9,,,,2.9,2.9,0.02,18139,-6555,78,35573,43920,0.81,0.58,1.04,50431,42749,58113,,,,125625,26938,224312,,,,78307,42335,114279,54744,43523,65965,2,8,,,,,,,,,,,,,,,,,,,,,,,,,,,,,,,,,,,,,,,,,,,,,,,,,,,,,,,,,,,,,,,,,,,,,,,,,,,,,,,29,26,33,22.6,23.3,50.3,53,1.5,31,0.9,849,24.3,0,0.0,207,5.9,2294,65.7,34,140,4,1,8,259,718,36,19,54,3549,100.0,3490,
48199,Texas,Hardin,73.7,72.9,74.5,92.8,74.2,111.4,,,,,,,72.6,68.8,76.4,,,,,,,73.2,72.4,74.0,1146,551,518,585,299,197,435,,,,,,,720,561,912,,,,,,,565,529,601,42,68,49,92,,,,,,,,,,,,,,,,,,,,,,36,7,5,10,,,,,,,,,,,,,,,,,,,,,,13,12,15,11,10,13,58,121,38,31,45,20,18,22,63,23,17,29,22,,,,,,,,,,,,,,,,,,,,,,34,29,39,5032,9,9860,17,40,34,47,28,25,31,27,19,39,,,,,,,44,30,61,,,,33,16,62,27,24,30,116,200.7,21,17,25,7,52,13,7,21,29,17,11,24,,,,,,,,,,,,,,,,,,,,,,18,16,20,26,22,30,6264,19,16,21,1721,12,8,15,65,1533:1,33,17944,83,80,85,2063,10,7,12,15,3,514,92,3,56.3,64.9,779,97,,,,,,,3.3,,,3.0,3.3,3.3,0.07,11586,-2477,50,48967,72345,0.68,0.56,0.79,73943,65365,82521,,,,,,,59464,42715,76213,62479,44480,80478,75380,67171,83589,16,5,71,5,3,7,,,,,,,,,,,,,,,,,,,,,,88,22,18,27,,,,,,,,,,,,,,,,,,,,,,51,18,13,23,,,,,,,,,,,,,,,,,,,,,,,,,26,23,30,25.0,17.9,50.6,412,0.7,551,0.9,4181,7.2,25,0.0,3393,5.8,48972,84.1,33,397,1,0,1,3482,14168,25,19,30,28521,50.7,58261,
48201,Texas,Harris,77.3,77.3,77.4,79.9,79.7,80.0,110.1,90.2,130.1,85.2,84.8,85.7,72.1,71.9,72.3,65.0,60.8,69.3,,,,77.0,76.9,77.2,57654,402,398,405,341,336,346,181,135,236,195,187,203,627,617,636,663,473,902,,,,401,395,407,2969,54,52,56,44,42,47,,,,35,29,42,101,95,108,,,,,,,47,43,51,2715,6,6,6,5,5,5,,,,3,2,4,11,11,12,,,,4,3,7,4,4,5,14,13,16,15,13,16,28890,739,35,31,39,19,17,20,2706,11,11,12,11,7,6,7,,,,8,7,10,9,8,9,,,,,,,20,19,21,38,34,41,236351,6,776960,16,41,37,45,23,22,23,29,29,30,9,5,15,2,2,2,24,23,25,33,20,52,11,10,13,9,9,9,31306,654.8,17,15,20,752,2436,31,30,32,3047,21,21,22,11,11,12,,,,6,5,8,32,30,34,,,,,,,35,33,37,16,14,18,29,26,32,778205,26,26,27,153795,12,11,13,128,779:1,229,946389,55,54,55,285722,17,17,17,50,3,575,103,5,61.1,59.4,58692,87,,,,,,,3.1,2.9,3.9,2.7,3.0,3.5,0.19,11659,-8055,72,50543,60335,0.84,0.82,0.85,72348,71159,73537,68096,63241,72951,94027,90070,97984,53570,52234,54906,62240,61273,63207,104851,103028,106674,1464,4,53,10,10,11,8,8,9,,,,2,2,3,28,27,29,,,,,,,5,4,5,3825,12,11,12,11,10,11,,,,5,4,6,16,15,17,,,,,,,12,11,13,3807,16,16,17,11,10,11,,,,5,4,7,32,30,34,,,,,,,17,16,18,9,8,10,30,27,33,25.6,12.1,50.4,58149,1.2,370774,7.7,2130515,44.1,5967,0.1,954859,19.7,1305184,27.0,34,493550,11,,,344666,1241664,28,27,29,53638,1.1,4835125,
48203,Texas,Harrison,74.5,73.8,75.2,86.8,80.4,93.1,,,,,,,71.1,69.5,72.6,,,,,,,74.1,73.2,75.1,1323,529,499,559,178,122,252,,,,,,,732,652,811,,,,,,,529,492,566,47,64,47,85,,,,,,,,,,69,33,127,,,,,,,80,54,113,41,7,5,10,,,,,,,,,,,,,,,,,,,,,,13,12,15,13,11,15,121,207,40,32,48,19,18,21,61,18,14,23,18,,,,,,,,,,,,,,,,,,,,,,36,31,41,3174,5,11720,17,39,32,46,28,25,30,37,30,43,,,,,,,32,26,37,,,,28,15,49,23,19,26,287,410.3,20,16,25,35,116,30,25,35,31,15,10,21,,,,,,,,,,,,,,,,,,,,,,17,15,19,27,23,32,8103,21,18,24,1609,9,7,12,63,1575:1,40,19180,75,73,77,3034,13,10,15,9,3,482,91,3,56.2,62.0,2470,76,,,,,,,3.4,,,2.7,3.3,3.6,0.12,13151,-4433,62,40040,54036,0.74,0.66,0.82,62710,55617,69803,63897,23813,103981,50441,8856,92026,39363,31571,47155,57917,48380,67454,73402,68100,78704,18,4,46,9,6,12,,,,,,,,,,30,20,43,,,,,,,3,2,6,126,27,22,31,,,,,,,,,,36,25,50,,,,,,,28,22,35,75,22,17,28,,,,,,,,,,39,26,57,,,,,,,22,16,29,12,4,19,30,27,34,24.0,17.9,51.1,972,1.4,609,0.9,10687,15.1,98,0.1,14626,20.6,43523,61.4,33,1201,2,1,2,5657,16820,34,27,41,37796,54.9,70895,
48205,Texas,Hartley,77.9,75.5,80.4,,,,,,,,,,,,,,,,,,,,,,52,307,228,405,,,,,,,,,,,,,,,,,,,,,,,,,,,,,,,,,,,,,,,,,,,,,,,,,,,,,,,,,,,,,,,,,,,,,,,,12,11,12,11,10,12,,,35,32,39,16,15,17,,,,,,,,,,,,,,,,,,,,,,,,,,,35,33,38,699,12,660,12,36,33,40,27,18,39,38,22,61,,,,,,,,,,,,,,,,19,10,34,5,96.0,22,20,25,10,25,40,30,50,,,,,,,,,,,,,,,,,,,,,,,,,,14,13,15,24,22,26,457,19,16,22,142,12,8,16,,,14,1254,77,70,84,124,8,0,16,22,3,441,171,2,57.7,50.9,,,,,,,,,2.9,,,,,,0.03,14746,-5126,63,43750,66875,0.65,0.41,0.90,88312,81252,95372,,,,,,,,,,80112,38772,121452,95341,66623,124059,1,3,,,,,,,,,,,,,,,,,,,,,,,,,,16,41,24,67,,,,,,,,,,,,,,,,,,,,,,,,,,,,,,,,,,,,,,,,,,,,,,,,,,29,27,31,22.0,16.7,41.1,48,0.9,44,0.9,1623,31.5,2,0.0,290,5.6,3122,60.7,29,150,3,0,6,84,1198,7,0,14,2487,46.2,5145,
48207,Texas,Haskell,74.1,72.0,76.3,,,,,,,,,,,,,,,,,,,,,,119,557,449,665,519,329,778,,,,,,,,,,,,,,,,576,449,728,,,,,,,,,,,,,,,,,,,,,,,,,,,,,,,,,,,,,,,,,,,,,,,,,,,15,13,17,13,11,15,15,317,40,31,48,20,18,22,,,,,,,,,,,,,,,,,,,,,,,,,,,37,31,42,675,11,1000,19,39,32,47,36,25,50,42,24,67,,,,,,,,,,,,,,,,37,22,58,11,203.6,20,16,24,2,8,25,7,46,,,,,,,,,,,,,,,,,,,,,,,,,,20,18,23,31,26,36,750,27,23,31,138,14,10,18,56,1795:1,4,1563,74,71,77,131,6,1,11,3,3,656,129,3,41.1,52.7,,,,,,,,,2.8,,,,2.4,3.2,0.02,19197,-3157,70,41076,55354,0.74,0.57,0.91,49755,42866,56644,,,,,,,,,,45250,35377,55123,62012,45592,78432,1,7,9,,,,,,,,,,,,,,,,,,,,,,,,,,,,,,,,,,,,,,,,,,,,,,,,,,,,,,,,,,,,,,,,,,,,,,,,,,,,,,30,27,34,18.0,22.3,47.1,80,1.5,52,1.0,1444,26.8,0,0.0,229,4.3,3524,65.4,38,179,3,1,6,143,940,15,6,24,5416,100.0,5385,
48209,Texas,Hays,79.4,79.0,79.8,79.0,78.3,79.7,,,,83.6,80.1,87.2,76.7,74.6,78.9,,,,,,,79.4,79.0,79.9,2310,297,285,309,328,304,351,,,,188,119,281,414,332,496,,,,,,,288,273,304,113,43,35,50,40,30,53,,,,,,,,,,,,,,,,46,35,61,75,4,3,5,4,3,6,,,,,,,,,,,,,,,,3,2,5,12,11,14,12,10,13,436,192,34,28,41,18,16,19,166,14,11,16,14,7,5,10,,,,,,,19,9,36,,,,,,,18,15,21,33,29,37,3848,2,36140,15,36,30,41,12,11,13,21,20,23,,,,,,,8,5,12,,,,10,5,16,4,3,5,1337,496.6,22,18,26,38,152,25,21,29,88,11,9,14,9,6,13,,,,,,,,,,,,,,,,14,11,19,14,13,16,25,21,29,27305,16,14,18,5195,8,6,10,74,1348:1,98,60587,64,63,66,15656,17,15,19,22,3,716,175,3,59.0,68.2,2522,87,,,,,,,3.1,,3.6,2.7,2.8,3.4,0.15,10988,195,50,53401,63234,0.84,0.79,0.89,88491,83110,93872,105259,68684,141834,114400,97116,131684,76641,46272,107010,75164,68986,81342,94492,88766,100218,88,6,46,4,3,5,4,3,6,,,,,,,16,8,29,,,,,,,3,2,4,194,12,10,14,9,7,12,,,,,,,21,11,35,,,,,,,14,11,16,137,11,9,13,6,4,9,,,,,,,29,16,49,,,,,,,14,11,17,5,2,9,27,24,30,22.1,12.4,50.2,3644,1.3,7109,2.5,111035,39.6,393,0.1,11676,4.2,145023,51.7,31,7502,3,3,4,10071,57642,17,14,21,71702,29.7,280486,
48211,Texas,Hemphill,80.6,77.9,83.3,,,,,,,,,,,,,,,,,,,,,,35,308,212,432,,,,,,,,,,,,,,,,,,,,,,,,,,,,,,,,,,,,,,,,,,,,,,,,,,,,,,,,,,,,,,,,,,,,,,,,13,11,14,11,10,13,,,37,29,45,19,17,20,,,,,,,,,,,,,,,,,,,,,,,,,,,36,31,41,106,3,510,15,38,31,45,14,8,22,,,,,,,,,,,,,,,,,,,,,,10,310.8,22,18,27,1,2,50,10,77,,,,,,,,,,,,,,,,,,,,,,,,,,17,15,19,26,22,31,422,24,21,28,133,14,10,19,157,638:1,18,1045,76,68,84,115,9,2,16,,3,519,152,2,41.2,73.2,,,,,,,,,3.1,,,,2.7,3.4,0.01,14264,582,45,38576,70147,0.55,0.44,0.66,72565,61742,83388,,,,,,,,,,51950,38210,65690,81250,53027,109473,1,5,,,,,,,,,,,,,,,,,,,,,,,,,,,,,,,,,,,,,,,,,,,,,,,,,,,,,,,,,,,,,,,,,,,,,,,,,,,,,,,29,25,33,26.7,19.1,49.7,62,1.9,47,1.5,1050,32.9,6,0.2,23,0.7,1997,62.6,32,208,7,3,11,68,776,9,0,17,3382,100.0,3189,
48213,Texas,Henderson,72.0,71.3,72.6,82.6,79.2,86.0,,,,,,,69.0,66.3,71.8,,,,,,,70.8,70.1,71.6,2087,627,598,656,282,223,351,,,,,,,741,609,874,,,,,,,682,647,717,62,79,60,101,54,26,99,,,,,,,,,,,,,,,,88,64,117,49,8,6,10,,,,,,,,,,,,,,,,,,,,,,14,13,16,12,10,14,145,202,37,29,46,20,18,22,109,26,21,31,26,,,,,,,,,,,,,,,,,,,,,,35,30,40,6556,8,14260,17,38,31,46,35,33,38,39,33,45,,,,,,,27,19,38,,,,38,22,62,35,32,39,259,306.5,20,16,24,24,93,26,20,31,43,17,12,23,,,,,,,,,,,,,,,,,,,,,,18,16,20,27,23,32,12290,26,23,29,2338,13,9,16,67,1485:1,22,24939,77,75,78,3667,12,10,14,7,3,599,110,3,53.0,58.9,624,96,,,,,,,3.3,,,2.8,3.2,3.3,0.09,13835,-1879,69,42205,53103,0.79,0.69,0.90,58965,54256,63674,,,,82986,62133,103839,50741,41727,59755,69460,58155,80765,65493,61740,69246,18,4,53,6,4,9,,,,,,,,,,,,,,,,,,,,,,155,27,23,31,19,11,32,,,,,,,28,13,51,,,,,,,29,24,34,93,22,18,27,,,,,,,,,,,,,,,,,,,,,,13,8,18,28,24,32,21.4,22.7,50.9,905,1.1,718,0.8,13244,15.4,100,0.1,5223,6.1,64825,75.2,35,1012,1,1,2,4141,17923,23,19,27,54173,65.9,86158,
48215,Texas,Hidalgo,77.3,77.1,77.5,76.5,76.3,76.7,,,,94.3,86.4,102.3,81.7,77.8,85.6,,,,,,,78.7,77.6,79.8,10063,431,422,439,440,431,449,,,,148,106,201,,,,,,,,,,455,419,491,507,41,38,45,41,37,44,,,,,,,,,,,,,,,,69,44,102,454,5,4,5,,,,,,,,,,,,,,,,,,,,,,19,17,21,19,17,21,1762,253,48,43,53,20,18,22,269,6,6,7,6,5,5,6,,,,,,,,,,,,,,,,19,14,27,40,36,44,157181,20,199990,23,41,36,45,34,33,35,35,34,36,,,,,,,14,7,24,,,,,,,7,5,9,3908,439.9,17,15,20,99,289,34,31,37,142,5,4,6,5,4,6,,,,,,,,,,,,,,,,10,6,16,17,15,19,39,36,43,200671,40,38,42,34550,12,10,14,115,866:1,81,178475,68,67,68,37533,15,14,16,21,3,960,127,4,52.3,51.2,16946,93,,,,,,,3.2,,4.5,3.4,3.2,3.6,0.16,13840,-18355,86,36370,46183,0.79,0.76,0.81,53160,51098,55222,70257,48225,92289,99819,87354,112284,51553,24542,78564,50783,49221,52345,60871,56016,65726,393,5,80,4,3,4,4,3,4,,,,,,,,,,,,,,,,4,2,6,574,9,9,10,9,8,10,,,,,,,,,,,,,,,,15,11,19,258,6,5,7,5,5,6,,,,,,,,,,,,,,,,16,12,22,10,8,11,33,30,37,30.5,11.9,50.6,5198,0.6,10342,1.2,826040,91.9,534,0.1,5808,0.6,54937,6.1,44,143607,18,17,18,83401,276356,30,28,32,77545,8.9,898471,
48217,Texas,Hill,72.6,71.7,73.5,77.8,74.6,81.1,,,,,,,67.8,64.3,71.3,,,,,,,71.8,70.7,72.9,887,623,580,667,474,381,584,,,,,,,876,670,1125,,,,,,,655,602,708,26,69,45,101,,,,,,,,,,,,,,,,,,,,,,,,,,,,,,,,,,,,,,,,,,,,,,,14,13,16,13,11,14,56,178,37,30,45,20,18,22,45,24,17,32,24,,,,,,,,,,,,,,,,,,,,,,37,31,42,662,2,6030,17,42,35,50,27,23,30,35,28,43,,,,,,,28,16,45,,,,,,,21,17,26,76,203.6,21,17,25,15,66,23,16,29,34,31,21,43,,,,,,,,,,,,,,,,,,,,,,18,16,21,28,24,33,4819,23,20,26,1004,11,8,15,39,2540:1,28,10281,76,74,79,1095,9,7,10,9,3,659,139,3,54.5,56.7,428,91,,,,,,,3.1,,,2.8,3.0,3.1,0.12,14642,-3244,66,41193,58096,0.71,0.66,0.76,61840,57969,65711,72917,62396,83438,,,,39722,17254,62190,61347,55074,67620,65939,62481,69397,7,3,49,,,,,,,,,,,,,,,,,,,,,,,,,67,26,20,33,,,,,,,,,,,,,,,,,,,,,,31,17,11,24,,,,,,,,,,,,,,,,,,,,,,8,5,12,29,26,33,23.2,20.4,49.9,407,1.1,297,0.8,8944,23.5,63,0.2,2123,5.6,25907,68.0,35,971,3,2,4,1937,8515,23,18,28,27806,77.5,38101,
48219,Texas,Hockley,71.0,69.9,72.2,72.6,70.7,74.5,,,,,,,,,,,,,,,,70.5,68.9,72.0,484,692,628,756,621,527,714,,,,,,,957,567,1512,,,,,,,735,643,827,13,49,26,84,,,,,,,,,,,,,,,,,,,,,,,,,,,,,,,,,,,,,,,,,,,,,,,15,13,17,14,12,16,13,75,41,33,50,19,18,21,20,17,10,27,18,,,,,,,,,,,,,,,,,,,,,,37,31,42,3544,15,3710,17,41,34,49,32,27,36,43,36,49,,,,,,,,,,,,,,,,18,13,25,107,505.6,19,15,24,8,29,28,18,38,,,,,,,,,,,,,,,,,,,,,,,,,,16,14,18,31,27,36,3238,27,23,30,788,14,10,17,75,1341:1,30,5848,73,70,76,817,11,8,14,50,3,528,154,2,55.1,51.6,307,95,,,,,,,3.0,,,,2.9,3.2,0.11,13473,-1265,65,42274,55150,0.77,0.67,0.86,60851,54241,67461,,,,,,,25917,12544,39290,49071,42502,55640,65323,55460,75186,6,4,53,7,3,12,,,,,,,,,,,,,,,,,,,,,,42,27,19,36,26,16,40,,,,,,,,,,,,,,,,29,18,45,17,15,9,24,,,,,,,,,,,,,,,,,,,,,,,,,30,27,34,26.5,15.7,50.0,342,1.6,114,0.5,10707,49.9,12,0.1,711,3.3,9587,44.7,36,720,4,2,5,1440,5682,25,17,33,8936,41.5,21460,
48221,Texas,Hood,76.0,75.3,76.8,84.3,80.6,88.0,,,,,,,,,,,,,,,,75.1,74.2,75.9,1193,439,411,467,229,169,302,,,,,,,,,,,,,,,,475,442,507,38,66,47,91,,,,,,,,,,,,,,,,,,,,,,29,7,5,10,,,,,,,,,,,,,,,,,,,,,,11,9,12,9,8,11,78,137,34,28,39,17,15,18,85,27,21,34,27,,,,,,,,,,,,,,,,,,,,,,36,32,41,2753,5,8980,14,34,29,40,19,17,22,22,17,28,,,,,,,,,,,,,,,,19,16,22,146,220.0,24,20,28,11,49,22,15,30,37,19,13,26,,,,,,,,,,,,,,,,,,,,,,13,11,14,22,19,25,6700,19,16,21,1543,11,8,14,83,1210:1,29,20320,81,80,83,3374,14,11,16,15,3,651,125,4,65.3,69.9,532,94,,,,,,,3.1,,,,3.0,3.2,0.05,10880,12,53,48500,69476,0.70,0.61,0.78,82428,73453,91403,42961,39509,46413,,,,127344,45793,208895,85000,67449,102551,87058,80760,93356,20,6,68,4,2,6,,,,,,,,,,,,,,,,,,,,,,81,19,15,23,,,,,,,,,,,,,,,,,,,,,,68,21,17,27,,,,,,,,,,,,,,,,,,,,,,9,3,14,26,23,30,20.3,25.9,50.9,709,1.0,670,1.0,9611,14.2,80,0.1,885,1.3,55252,81.5,26,969,2,1,2,1287,13240,10,7,13,25307,41.1,67774,
48223,Texas,Hopkins,74.0,73.1,74.9,82.4,74.1,90.7,,,,,,,70.5,66.6,74.4,,,,,,,73.8,72.8,74.8,734,529,489,569,344,254,457,,,,,,,711,544,914,,,,,,,542,496,588,25,63,41,93,,,,,,,,,,,,,,,,,,,,,,,,,,,,,,,,,,,,,,,,,,,,,,,13,12,15,12,10,14,46,146,38,29,47,19,17,21,48,24,18,33,26,,,,,,,,,,,,,,,,,,,,,,35,30,41,3139,9,6050,16,38,31,46,28,25,32,28,21,36,,,,,,,43,27,65,,,,57,32,94,25,21,30,140,370.3,21,16,26,10,55,18,12,26,14,12,7,21,,,,,,,,,,,,,,,,,,,,,,17,15,20,26,22,31,5167,24,21,27,1150,12,9,16,107,931:1,37,9704,70,67,72,1520,11,9,14,21,3,546,88,4,58.8,61.0,473,88,,,,,,,2.9,,,2.3,2.7,3.0,0.07,14409,-3097,63,39113,53314,0.73,0.62,0.85,61112,53537,68687,,,,,,,36455,30923,41987,56132,40159,72105,70927,66934,74920,7,3,49,5,3,9,,,,,,,,,,,,,,,,,,,,,,91,35,28,43,44,27,68,,,,,,,,,,,,,,,,33,26,43,51,27,20,36,,,,,,,,,,,,,,,,,,,,,,,,,28,24,32,24.2,18.9,50.8,435,1.1,342,0.9,7347,19.2,51,0.1,2546,6.7,27065,70.9,33,1073,3,2,4,1931,9091,21,16,27,22104,60.1,38172,
48225,Texas,Houston,72.5,71.3,73.8,83.1,71.7,94.5,,,,,,,69.3,66.8,71.8,,,,,,,73.3,71.6,74.9,534,607,552,662,416,274,605,,,,,,,814,683,945,,,,,,,565,497,633,22,114,71,172,,,,,,,,,,,,,,,,,,,,,,,,,,,,,,,,,,,,,,,,,,,,,,,15,13,16,14,12,16,126,665,40,33,49,20,18,22,23,23,14,35,20,,,,,,,,,,,,,,,,,,,,,,36,31,41,3224,14,4020,18,42,35,49,35,29,41,52,37,72,,,,,,,55,41,73,,,,,,,23,17,30,72,328.0,18,15,23,7,35,20,12,30,,,,,,,,,,,,,,,,,,,,,,,,,,20,18,22,31,26,36,2413,23,20,27,489,11,8,15,73,1379:1,10,5365,69,66,72,785,11,8,14,22,3,622,134,4,43.1,52.4,223,95,,,,,,,2.9,,,2.6,2.7,3.2,0.15,13320,-8004,70,42312,49238,0.86,0.68,1.04,52649,46157,59141,,,,,,,34083,25688,42478,79375,50478,108272,58556,52427,64685,4,4,43,,,,,,,,,,,,,,,,,,,,,,,,,59,37,28,48,,,,,,,,,,33,18,57,,,,,,,40,28,55,19,17,10,26,,,,,,,,,,,,,,,,,,,,,,,,,31,27,35,20.5,22.5,46.4,204,0.9,169,0.8,3240,14.7,8,0.0,5098,23.1,13166,59.7,37,256,1,0,2,1341,4346,31,20,41,16131,73.1,22066,
48227,Texas,Howard,71.6,70.7,72.4,72.7,71.3,74.2,,,,,,,70.4,65.0,75.8,,,,,,,70.4,69.0,71.7,737,648,601,695,588,513,662,,,,,,,737,510,1029,,,,,,,709,641,777,26,76,50,111,60,30,107,,,,,,,,,,,,,,,,85,42,152,20,7,4,10,,,,,,,,,,,,,,,,,,,,,,14,13,16,14,12,16,174,608,42,34,50,19,17,21,57,32,24,41,32,19,10,33,,,,,,,,,,,,,,,,42,29,59,35,30,41,4281,12,6230,18,39,32,46,45,40,51,53,46,61,,,,,,,39,19,70,,,,,,,37,30,45,139,412.8,20,16,24,10,56,18,11,25,17,16,9,26,,,,,,,,,,,,,,,,,,,,,,17,15,19,30,26,35,4065,23,20,27,815,11,8,14,141,711:1,41,8186,69,66,72,1136,10,7,13,31,3,644,185,2,50.9,41.1,395,86,,,,,,,2.8,,,2.8,2.7,3.1,0.07,11942,517,61,41884,70767,0.59,0.51,0.68,63398,56510,70286,,,,,,,40227,3315,77139,66743,63414,70072,77645,71433,83857,9,4,51,10,7,15,12,6,20,,,,,,,,,,,,,,,,8,4,15,62,25,19,32,16,9,25,,,,,,,,,,,,,,,,35,25,47,52,29,22,38,17,9,28,,,,,,,,,,,,,,,,38,26,54,,,,30,26,34,23.1,13.9,45.9,517,1.7,389,1.3,14640,47.9,52,0.2,1423,4.7,13488,44.1,36,2163,7,6,8,2024,7407,27,20,35,5905,16.9,30554,
48229,Texas,Hudspeth,74.3,71.6,76.9,,,,,,,,,,,,,,,,,,,,,,65,539,415,688,468,333,640,,,,,,,,,,,,,,,,1057,626,1670,,,,,,,,,,,,,,,,,,,,,,,,,,,,,,,,,,,,,,,,,,,,,,,,,,,20,18,22,20,18,22,12,390,43,35,51,20,18,22,,,,,,,,,,,,,,,,,,,,,,,,,,,37,32,43,2023,58,830,25,42,34,49,50,35,69,,,,,,,,,,,,,,,,,,,,,,13,378.8,17,14,21,5,42,12,5,21,,,,,,,,,,,,,,,,,,,,,,,,,,23,20,25,44,39,49,497,31,27,36,39,8,6,10,0,3451:0,20,618,73,61,85,75,10,0,21,0,3,437,155,2,22.3,52.0,,,,,,,,,2.7,,,,,,0.16,20869,-25053,87,41270,38273,1.08,0.84,1.32,47693,41926,53460,,,,,,,,,,46563,24192,68934,49167,15107,83227,2,10,,,,,,,,,,,,,,,,,,,,,,,,,,,,,,,,,,,,,,,,,,,,,,,,,,,,,,,,,,,,,,,,,,,,,,,,,,,,,,,35,31,39,12.0,10.0,34.0,47,1.4,101,2.9,2352,68.2,4,0.1,239,6.9,675,19.6,48,791,24,17,32,214,598,36,16,55,3202,100.0,3451,
48231,Texas,Hunt,74.1,73.6,74.7,81.9,78.2,85.7,,,,,,,69.9,67.7,72.2,,,,,,,73.3,72.7,74.0,1948,537,512,561,325,268,383,,,,,,,756,642,869,,,,,,,569,539,598,78,71,56,88,73,46,110,,,,,,,,,,,,,,,,74,54,99,62,7,5,9,,,,,,,,,,,,,,,,,,,,,,13,12,15,12,10,14,156,174,42,35,50,20,18,22,77,15,12,19,15,,,,,,,,,,,,,,,,,,,,,,37,32,43,7259,8,16470,16,39,32,46,24,22,26,30,26,34,,,,,,,25,20,32,,,,49,33,71,20,18,22,339,313.1,21,17,25,35,122,29,24,33,50,16,12,21,,,,,,,,,,,,,,,,,,,,,,18,16,20,28,24,33,14403,23,20,26,2540,9,7,12,76,1318:1,44,26580,71,69,73,4432,12,10,14,13,3,597,95,2,58.9,55.6,1070,95,,,,,,,2.9,,,2.2,2.6,3.1,0.08,13061,-3568,59,43784,59755,0.73,0.67,0.80,70427,65019,75835,,,,81250,46342,116158,50289,34654,65924,68742,59183,78301,74684,70091,79277,23,4,46,5,4,7,8,4,15,,,,,,,,,,,,,,,,4,2,6,181,26,22,30,13,7,21,,,,,,,37,22,57,,,,,,,29,25,34,84,17,13,21,12,6,21,,,,,,,,,,,,,,,,19,15,24,5,2,7,28,25,32,24.7,15.4,50.6,1551,1.4,1919,1.7,25121,22.2,252,0.2,9425,8.3,73899,65.2,34,2366,2,2,3,5642,25395,22,18,26,61299,61.3,113347,
48233,Texas,Hutchinson,71.0,69.8,72.2,75.4,71.9,78.8,,,,,,,,,,,,,,,,69.3,67.8,70.9,509,687,624,749,539,412,692,,,,,,,,,,,,,,,,750,673,827,19,84,50,131,,,,,,,,,,,,,,,,,,,,,,,,,,,,,,,,,,,,,,,,,,,,,,,13,12,15,12,10,14,18,107,38,29,47,19,17,21,22,22,14,34,21,,,,,,,,,,,,,,,,,,,,,,36,31,41,1950,9,3290,16,38,31,46,30,26,35,30,23,40,,,,,,,,,,,,,,,,31,25,38,71,351.2,21,17,26,5,20,25,13,38,23,37,24,56,,,,,,,,,,,,,,,,,,,,,,16,14,18,26,22,31,2194,19,16,22,540,10,7,13,65,1541:1,29,5618,81,78,83,552,8,6,11,25,3,519,135,2,50.9,57.7,308,96,,,,,,,3.1,,,,3.1,3.1,0.07,14022,-1159,54,41036,57747,0.71,0.59,0.83,64752,55405,74099,,,,,,,,,,55592,45986,65198,69051,60296,77806,5,4,66,,,,,,,,,,,,,,,,,,,,,,,,,41,28,20,38,,,,,,,,,,,,,,,,,,,,,,21,20,13,31,,,,,,,,,,,,,,,,,,,,,,,,,29,25,33,24.6,18.5,49.1,437,2.2,136,0.7,5063,25.3,13,0.1,481,2.4,13702,68.4,32,218,1,0,2,938,5140,18,12,25,7769,37.7,20033,
48235,Texas,Irion,,,,,,,,,,,,,,,,,,,,,,,,,22,395,238,617,,,,,,,,,,,,,,,,,,,,,,,,,,,,,,,,,,,,,,,,,,,,,,,,,,,,,,,,,,,,,,,,,,,,,,,,12,12,13,11,10,12,,,36,31,41,19,18,20,,,,,,,,,,,,,,,,,,,,,,,,,,,35,31,38,422,26,210,13,38,34,42,,,,,,,,,,,,,,,,,,,,,,,,,4,261.4,23,20,26,0,2,0,0,51,,,,,,,,,,,,,,,,,,,,,,,,,,15,14,17,25,22,27,196,22,19,26,59,16,11,21,0,1549:0,0,537,89,78,99,40,7,0,18,,3,662,139,2,40.1,76.3,,,,,,,,,3.1,,,,,,0.01,18677,7566,37,43274,63580,0.68,0.25,1.11,75689,63417,87961,,,,,,,,,,44239,24012,64466,62353,51708,72998,1,20,,,,,,,,,,,,,,,,,,,,,,,,,,,,,,,,,,,,,,,,,,,,,,,,,,,,,,,,,,,,,,,,,,,,,,,,,,,,,,,26,24,28,23.2,21.8,50.2,23,1.5,8,0.5,396,25.6,0,0.0,24,1.5,1079,69.7,31,10,1,0,6,17,343,5,0,15,1513,100.0,1549,
48237,Texas,Jack,75.0,73.3,76.6,,,,,,,,,,,,,,,,,,,,,,163,520,438,602,,,,,,,,,,,,,,,,,,,,,,,,,,,,,,,,,,,,,,,,,,,,,,,,,,,,,,,,,,,,,,,,,,,,,,,,14,12,15,12,11,14,24,316,38,30,47,19,17,21,,,,,,,,,,,,,,,,,,,,,,,,,,,35,30,41,1431,16,1430,17,39,31,46,19,13,27,28,15,48,,,,,,,,,,,,,,,,15,9,24,21,235.4,21,16,25,6,15,40,26,53,,,,,,,,,,,,,,,,,,,,,,,,,,18,16,21,28,24,33,1164,26,22,29,277,14,10,18,79,1268:1,7,2090,72,66,77,281,10,5,15,8,3,616,126,2,49.2,56.4,90,93,,,,,,,3.0,,,,3.0,3.0,0.05,13708,-1931,63,44153,61625,0.72,0.50,0.93,62721,53912,71530,,,,,,,,,,,,,,,,3,7,,,,,,,,,,,,,,,,,,,,,,,,,,16,26,15,42,,,,,,,,,,,,,,,,,,,,,,,,,,,,,,,,,,,,,,,,,,,,,,,,,,28,25,32,22.2,17.3,44.6,114,1.3,76,0.9,1667,18.8,11,0.1,313,3.5,6679,75.3,34,216,3,1,5,518,1918,27,14,40,8472,100.0,8875,
48239,Texas,Jackson,76.3,74.8,77.8,76.6,72.9,80.4,,,,,,,,,,,,,,,,78.0,76.3,79.7,264,487,425,549,533,415,673,,,,,,,1185,816,1664,,,,,,,402,330,473,15,90,51,149,,,,,,,,,,,,,,,,,,,,,,,,,,,,,,,,,,,,,,,,,,,,,,,15,13,16,13,12,15,10,80,40,31,48,20,18,22,12,17,8,30,16,,,,,,,,,,,,,,,,,,,,,,37,32,42,810,6,2360,16,40,33,48,40,33,47,50,40,62,,,,,,,84,48,137,,,,,,,25,18,34,57,376.4,20,16,25,9,36,25,16,34,,,,,,,,,,,,,,,,,,,,,,,,,,18,16,20,31,26,36,1907,23,20,27,493,12,9,16,72,1384:1,35,3803,70,64,76,554,11,7,15,2,3,614,146,4,47.3,61.7,237,97,,,,,,,3.1,,,,2.9,3.4,0.06,11804,-1925,53,41771,59490,0.70,0.56,0.85,62026,57470,66582,,,,58547,42135,74959,,,,58125,48136,68114,76875,64099,89651,8,8,14,,,,,,,,,,,,,,,,,,,,,,,,,20,19,12,30,,,,,,,,,,,,,,,,,,,,,,11,15,7,26,,,,,,,,,,,,,,,,,,,,,,,,,30,27,34,25.6,20.6,49.8,139,0.9,190,1.2,5087,33.4,3,0.0,912,6.0,8776,57.7,36,422,3,1,5,784,3658,21,12,31,9078,60.6,15221,
48241,Texas,Jasper,71.0,70.0,72.0,82.2,75.7,88.7,,,,,,,66.9,64.4,69.4,,,,,,,71.2,70.0,72.4,876,680,632,729,,,,,,,,,,889,747,1030,,,,,,,680,624,735,30,86,58,123,,,,,,,,,,,,,,,,,,,,,,,,,,,,,,,,,,,,,,,,,,,,,,,16,14,17,13,12,15,47,172,41,33,49,22,20,24,43,25,18,34,25,,,,,,,,,,,,,,,,,,,,,,38,33,44,2010,6,6480,20,42,35,50,36,32,41,31,20,47,,,,,,,49,38,63,,,,,,,36,30,41,119,366.3,19,15,23,11,46,24,16,32,21,21,13,32,,,,,,,,,,,,,,,,,,,,,,22,19,25,32,27,37,4289,24,21,27,859,11,8,14,76,1308:1,17,10619,78,75,81,1151,9,6,12,8,3,502,84,4,40.7,59.1,345,97,,,,,,,2.8,,,2.3,2.5,3.1,0.16,12698,-2915,66,36872,67126,0.55,0.45,0.65,58113,52514,63712,,,,,,,26706,17223,36189,,,,60454,50851,70057,9,5,61,7,4,12,,,,,,,,,,,,,,,,,,,,,,71,29,23,37,,,,,,,,,,31,16,54,,,,,,,30,22,39,43,25,18,34,,,,,,,,,,,,,,,,,,,,,,,,,31,27,35,23.4,21.4,50.5,295,0.9,230,0.7,2375,7.3,28,0.1,5069,15.5,24256,74.2,39,238,1,0,2,2189,7712,28,22,35,25677,77.9,32694,
48243,Texas,Jeff Davis,79.7,74.3,85.2,,,,,,,,,,,,,,,,,,,,,,42,380,246,560,,,,,,,,,,,,,,,,,,,,,,,,,,,,,,,,,,,,,,,,,,,,,,,,,,,,,,,,,,,,,,,,,,,,,,,,15,13,16,14,12,16,,,40,31,48,20,18,22,,,,,,,,,,,,,,,,,,,,,,,,,,,35,30,40,189,8,400,20,39,32,47,,,,,,,,,,,,,,,,,,,,,,,,,9,472.9,19,15,23,2,3,67,39,82,,,,,,,,,,,,,,,,,,,,,,,,,,18,16,20,30,25,35,234,23,19,27,14,14,9,18,0,1856:0,0,761,90,76,100,92,11,0,24,51,2,99,150,2,29.8,68.1,,,,,,,,,,,,,,,0.06,30009,-35724,57,36250,94042,0.39,0.00,0.87,63614,53778,73450,,,,,,,,,,,,,,,,,,,,,,,,,,,,,,,,,,,,,,,,,,,,,,,,,,,,,,,,,,,,,,,,,,,,,,,,,,,,,,,,,,,,,,,,,,,,,,,,27,23,31,5.0,45.3,51.0,37,2.0,36,1.9,549,29.6,5,0.3,14,0.8,1190,64.1,36,160,10,0,22,0,268,0,0,9,1996,100.0,1856,
48245,Texas,Jefferson,73.4,73.0,73.7,82.4,80.9,83.9,,,,84.7,81.1,88.3,69.5,68.9,70.2,,,,,,,73.4,72.9,74.0,4801,569,553,586,319,287,350,,,,298,240,365,767,733,801,,,,,,,553,528,578,193,72,62,82,41,29,57,,,,,,,117,95,140,,,,,,,64,47,85,205,9,8,10,5,3,6,,,,,,,16,13,18,,,,,,,6,4,8,15,13,16,16,14,17,1307,631,38,33,43,19,17,21,182,14,12,16,14,10,6,15,,,,,,,8,6,12,,,,,,,22,18,26,36,31,40,19222,8,45350,18,41,36,46,32,30,33,41,37,44,,,,,,,40,38,43,,,,25,17,36,18,16,20,1457,580.9,19,16,23,48,233,21,17,24,196,26,22,30,7,4,12,,,,,,,31,25,39,,,,,,,36,29,43,19,17,21,34,31,38,33937,25,22,27,6730,11,8,14,150,669:1,114,57912,62,61,63,13456,15,14,16,30,3,390,78,5,56.9,54.5,2625,88,,,,,,,2.8,,3.6,2.3,3.0,3.3,0.24,13919,-1911,72,44024,59746,0.74,0.68,0.79,59298,54357,64239,63295,30335,96255,84519,74153,94885,44525,41197,47853,57154,53108,61200,79602,73481,85723,71,4,59,13,11,15,6,4,9,,,,,,,26,22,30,,,,,,,7,5,9,309,17,15,19,11,8,15,,,,,,,20,16,23,,,,,,,20,17,23,250,20,17,22,7,5,11,,,,,,,29,24,34,,,,,,,21,17,25,11,8,14,30,27,34,24.6,15.9,48.6,2848,1.1,10131,4.0,61783,24.6,386,0.2,83635,33.3,91919,36.5,35,12218,5,5,6,23021,62119,37,34,40,25260,9.8,251496,
48247,Texas,Jim Hogg,72.5,70.0,75.0,,,,,,,,,,,,,,,,,,,,,,90,599,477,742,,,,,,,,,,,,,,,,,,,,,,,,,,,,,,,,,,,,,,,,,,,,,,,,,,,,,,,,,,,,,,,,,,,,,,,,18,17,19,19,18,21,8,209,45,40,49,19,18,20,,,,,,,,,,,,,,,,,,,,,,,,,,,36,33,38,989,19,1120,23,41,37,45,38,28,50,,,,,,,,,,,,,,,,,,,,,,21,440.9,16,14,18,0,2,0,0,51,,,,,,,,,,,,,,,,,,,,,,,,,,17,16,18,41,38,44,675,27,23,31,164,12,8,15,,,,751,62,53,70,158,14,5,23,,3,870,167,3,35.4,61.5,79,98,,,,,,,3.2,,,,,,,14199,-4312,86,35972,36705,0.98,0.56,1.40,44736,37693,51779,,,,,,,,,,,,,,,,3,4,,,,,,,,,,,,,,,,,,,,,,,,,,,,,,,,,,,,,,,,,,,,,,,,,,,,,,,,,,,,,,,,,,,,,,,,,,,,,,,31,28,33,28.7,18.1,48.2,30,0.6,34,0.7,4184,88.6,2,0.0,55,1.2,408,8.6,43,25,1,0,2,365,1664,22,9,35,4838,100.0,4720,
48249,Texas,Jim Wells,71.2,70.3,72.1,71.2,70.2,72.2,,,,,,,,,,,,,,,,69.6,67.3,72.0,889,706,658,754,708,654,763,,,,,,,,,,,,,,,,768,652,884,25,53,34,78,,,,,,,,,,,,,,,,,,,,,,23,6,4,9,,,,,,,,,,,,,,,,,,,,,,16,14,18,17,15,19,35,111,43,34,51,19,17,21,34,18,12,25,17,,,,,,,,,,,,,,,,,,,,,,36,31,42,3946,10,8420,22,42,34,49,37,33,41,40,35,44,,,,,,,,,,,,,,,,25,17,35,184,473.9,18,14,22,7,42,17,9,25,20,17,10,26,,,,,,,,,,,,,,,,,,,,,,17,15,19,36,31,42,5149,23,20,27,1049,10,7,13,109,921:1,40,8971,67,65,70,1897,15,11,20,16,3,814,140,3,44.5,47.8,503,92,,,,,,,3.0,,,,2.9,3.4,0.14,14632,-4823,79,36071,51821,0.70,0.54,0.85,50814,43542,58086,,,,,,,,,,46820,40721,52919,62681,46941,78421,17,6,,7,5,11,,,,,,,,,,,,,,,,,,,,,,59,21,16,27,19,14,26,,,,,,,,,,,,,,,,30,17,49,29,15,10,21,11,7,18,,,,,,,,,,,,,,,,28,14,52,17,7,27,31,27,35,27.1,16.2,50.3,479,1.2,253,0.7,30786,79.6,32,0.1,287,0.7,7044,18.2,40,1248,3,2,5,4251,10591,40,33,47,19478,50.1,38662,
48251,Texas,Johnson,75.4,75.0,75.7,79.6,78.2,81.0,,,,83.2,77.3,89.0,76.2,73.9,78.5,,,,,,,74.5,74.0,74.9,2886,455,438,472,341,303,379,,,,,,,411,331,504,,,,,,,493,473,514,104,50,40,59,33,21,50,,,,,,,,,,,,,,,,61,48,76,86,6,4,7,5,3,7,,,,,,,,,,,,,,,,6,5,8,14,12,15,12,11,14,331,206,42,36,47,19,18,21,141,16,13,18,16,7,4,12,,,,,,,,,,,,,,,,19,16,23,33,29,38,9117,6,26620,15,41,36,46,22,21,24,29,26,32,,,,,,,12,7,18,43,25,69,21,13,32,19,18,21,471,240.9,21,18,25,23,155,15,11,19,79,14,11,18,8,4,14,,,,,,,,,,,,,,,,17,13,22,18,16,20,31,27,35,25380,22,20,24,5370,10,8,13,72,1390:1,46,47274,74,73,76,7064,11,10,13,27,3,627,120,2,68.5,58.4,2680,94,,,,,,,3.2,,2.8,2.7,2.9,3.3,0.09,11647,-1806,54,46522,59984,0.78,0.74,0.81,83229,77182,89276,101607,29702,173512,88102,54135,122069,81480,63585,99375,70561,61294,79828,84287,79995,88579,34,3,42,3,2,4,,,,,,,,,,,,,,,,,,,,,,221,18,15,20,16,12,22,,,,,,,,,,,,,,,,19,16,21,113,12,10,15,5,2,9,,,,,,,,,,,,,,,,15,12,19,15,11,19,27,24,30,25.7,14.1,49.8,2054,1.0,2809,1.4,52536,25.9,981,0.5,11684,5.8,130573,64.4,33,4964,3,2,3,9115,48885,19,15,22,83617,46.5,202906,
48253,Texas,Jones,73.6,72.4,74.9,71.9,69.3,74.4,,,,,,,76.7,65.4,87.9,,,,,,,73.1,71.4,74.7,380,563,505,620,677,544,833,,,,,,,661,439,955,,,,,,,570,496,645,,,,,,,,,,,,,,,,,,,,,,,,,,,,,,,,,,,,,,,,,,,,,,,,,,,15,14,17,14,12,16,44,250,43,34,51,20,18,22,25,23,15,34,25,,,,,,,,,,,,,,,,,,,,,,37,32,43,2392,12,3290,17,42,34,50,29,23,35,36,26,49,,,,,,,,,,,,,,,,25,18,33,25,125.4,20,16,25,9,30,30,20,40,11,18,9,33,,,,,,,,,,,,,,,,,,,,,,21,18,24,33,28,38,1756,21,18,24,370,10,7,14,49,2038:1,9,4874,81,77,85,734,13,8,17,2,3,653,132,3,50.7,42.4,,,,,,,,,2.7,,,,2.5,2.9,0.07,16395,-2147,61,40528,52500,0.77,0.67,0.87,51671,45288,58054,,,,137917,31758,244076,15875,5825,25925,46489,39403,53575,68639,65155,72123,3,4,49,,,,,,,,,,,,,,,,,,,,,,,,,36,26,18,36,,,,,,,,,,,,,,,,,,,,,,17,17,10,27,,,,,,,,,,,,,,,,,,,,,,,,,34,30,38,17.0,15.5,36.2,329,1.6,151,0.7,5863,28.8,11,0.1,2481,12.2,11594,56.9,38,303,2,1,2,668,3306,20,12,28,19663,100.0,20381,
48255,Texas,Karnes,74.1,72.7,75.4,72.6,70.8,74.5,,,,,,,,,,,,,,,,74.2,71.5,76.8,246,516,451,582,619,514,724,,,,,,,,,,,,,,,,477,374,580,12,82,43,144,,,,,,,,,,,,,,,,,,,,,,,,,,,,,,,,,,,,,,,,,,,,,,,15,13,17,15,13,17,83,654,41,32,50,18,16,20,,,,,,,,,,,,,,,,,,,,,,,,,,,37,32,42,843,6,2690,18,40,33,48,33,26,40,,,,,,,,,,,,,,,,,,,,,,51,343.8,19,15,24,2,25,8,1,20,,,,,,,,,,,,,,,,,,,,,,,,,,17,15,19,33,28,38,1453,22,18,25,362,12,8,15,53,1877:1,37,3033,65,60,70,635,14,8,20,8,3,786,153,2,37.4,47.7,215,74,,,,,,,3.1,,,,2.8,3.8,0.23,16042,-551,61,45789,45300,1.01,0.57,1.45,62059,52538,71580,,,,,,,,,,40260,14481,66039,79868,57419,102317,4,5,39,,,,,,,,,,,,,,,,,,,,,,,,,20,19,11,29,,,,,,,,,,,,,,,,,,,,,,,,,,,,,,,,,,,,,,,,,,,,,,,,,,33,29,37,20.0,14.4,39.9,183,1.2,98,0.7,8043,53.6,6,0.0,1528,10.2,5242,34.9,38,781,6,3,8,839,2983,28,14,42,14710,100.0,15018,
48257,Texas,Kaufman,74.7,74.3,75.2,79.1,77.5,80.6,,,,99.7,58.5,140.8,72.5,71.4,73.6,,,,,,,74.1,73.5,74.7,2258,473,453,492,332,287,376,,,,,,,544,488,599,,,,,,,504,479,530,126,67,56,79,52,35,73,,,,,,,101,69,142,,,,,,,74,57,95,73,5,4,7,,,,,,,,,,9,5,13,,,,,,,5,4,7,13,12,15,12,11,14,427,310,38,31,45,19,17,21,125,18,15,21,17,5,3,9,,,,,,,,,,,,,,,,25,20,30,34,29,39,3561,3,19920,13,41,35,48,20,19,22,23,20,25,,,,,,,27,23,31,,,,11,5,20,17,15,19,723,419.5,21,17,25,43,151,28,24,33,59,12,9,16,,,,,,,,,,15,8,26,,,,,,,16,12,22,17,15,19,30,26,34,19624,19,17,21,6345,13,10,16,45,2211:1,39,39062,79,77,80,5882,12,10,14,20,3,625,119,2,65.1,64.5,2326,95,,,,,,,3.2,,4.3,2.7,3.1,3.4,0.12,10980,-3854,55,51911,63506,0.82,0.75,0.88,90064,82743,97385,130045,38755,221335,98862,60811,136913,68540,57389,79691,81028,75478,86578,97223,89550,104896,31,3,46,6,4,8,,,,,,,,,,21,14,30,,,,,,,3,2,5,199,20,17,23,15,11,21,,,,,,,18,12,27,,,,,,,24,20,28,123,17,14,20,7,4,12,,,,,,,24,16,35,,,,,,,20,16,25,4,2,6,29,25,32,28.8,10.4,50.8,1991,1.1,4372,2.4,52087,28.1,205,0.1,38535,20.8,86611,46.6,32,3693,2,2,3,9562,45971,21,17,24,60917,41.9,185690,
48259,Texas,Kendall,79.8,79.0,80.6,83.2,80.9,85.6,,,,,,,,,,,,,,,,78.6,77.6,79.6,518,276,251,301,201,155,256,,,,,,,,,,,,,,,,314,281,347,20,41,25,64,,,,,,,,,,,,,,,,,,,,,,,,,,,,,,,,,,,,,,,,,,,,,,,10,9,11,10,8,11,66,158,33,25,41,15,14,17,43,17,12,24,18,,,,,,,,,,,,,,,,,,,,,,32,27,37,425,1,5750,13,33,26,40,9,7,11,20,16,26,,,,,,,,,,,,,,,,4,3,6,130,265.5,22,18,27,10,38,26,18,35,13,9,5,15,,,,,,,,,,,,,,,,,,,,,,10,9,12,19,16,23,4730,17,15,19,1342,12,9,15,150,665:1,36,13435,78,75,80,2434,14,11,17,33,3,640,171,3,66.3,79.4,895,99,,,,,,,3.5,,,,3.1,3.8,0.03,11222,-2442,25,55665,92394,0.60,0.49,0.71,112618,100184,125052,,,,181169,8974,353364,208393,38391,378395,111852,91843,131861,109539,95290,123788,15,7,63,,,,,,,,,,,,,,,,,,,,,,,,,41,13,9,17,,,,,,,,,,,,,,,,,,,,,,34,14,10,20,,,,,,,,,,,,,,,,,,,,,,,,,23,20,26,22.0,20.7,50.6,399,0.8,974,1.9,12548,24.8,52,0.1,742,1.5,35289,69.8,26,1197,3,1,4,1924,10599,18,13,24,25152,56.8,50537,
48261,Texas,Kenedy,,,,,,,,,,,,,,,,,,,,,,,,,,,,,,,,,,,,,,,,,,,,,,,,,,,,,,,,,,,,,,,,,,,,,,,,,,,,,,,,,,,,,,,,,,,,,,,,,,,,24,23,26,21,20,23,,,47,42,53,25,23,26,,,,,,,,,,,,,,,,,,,,,,,,,,,40,36,44,156,37,20,20,43,38,48,,,,,,,,,,,,,,,,,,,,,,,,,,,16,14,18,2,12,17,4,34,,,,,,,,,,,,,,,,,,,,,,,,,,28,26,30,47,44,51,84,39,33,45,21,32,23,41,0,343:0,17,6,35,0,79,,,,,1,3,657,112,4,29.9,82.6,,,,,,,,,,,,,,,,25139,10826,,,,,,,43037,36228,49846,,,,,,,,,,,,,,,,,,,,,,,,,,,,,,,,,,,,,,,,,,,,,,,,,,,,,,,,,,,,,,,,,,,,,,,,,,,,,,,,,,,,,,,,,,,,,,,,35,32,38,15.7,22.7,46.9,3,0.9,5,1.5,251,73.2,0,0.0,8,2.3,70,20.4,54,22,42,0,100,0,2,0,0,100,350,100.0,343,
48263,Texas,Kent,,,,,,,,,,,,,,,,,,,,,,,,,,,,,,,,,,,,,,,,,,,,,,,,,,,,,,,,,,,,,,,,,,,,,,,,,,,,,,,,,,,,,,,,,,,,,,,,,,,,12,11,14,11,9,12,0,0,35,27,43,18,17,20,,,,,,,,,,,,,,,,,,,,,,,,,,,35,30,40,244,30,90,15,37,30,45,,,,,,,,,,,,,,,,,,,,,,,,,4,540.5,23,19,28,0,1,0,0,66,,,,,,,,,,,,,,,,,,,,,,,,,,15,13,17,24,20,28,51,13,11,16,12,7,4,9,0,734:0,0,211,77,56,98,17,7,0,32,,3,655,142,2,44.3,93.3,,,,,,,,,,,,,,,,22509,7284,43,42000,46917,0.90,0.07,1.72,62437,52896,71978,,,,,,,,,,,,,,,,1,56,,,,,,,,,,,,,,,,,,,,,,,,,,,,,,,,,,,,,,,,,,,,,,,,,,,,,,,,,,,,,,,,,,,,,,,,,,,,,,,27,23,30,24.1,25.7,51.6,12,1.6,2,0.3,126,17.2,1,0.1,7,1.0,579,78.9,31,1,0,0,10,4,120,3,0,20,753,100.0,734,
48265,Texas,Kerr,76.5,75.7,77.3,79.6,77.9,81.2,,,,,,,,,,,,,,,,75.0,74.0,76.1,969,438,407,470,330,274,385,,,,,,,665,401,1039,,,,,,,492,450,535,31,68,46,97,50,24,91,,,,,,,,,,,,,,,,83,50,130,,,,,,,,,,,,,,,,,,,,,,,,,,13,12,15,12,11,14,64,137,35,28,43,19,17,21,67,24,18,31,25,,,,,,,,,,,,,,,,,,,,,,35,30,40,2606,5,8760,17,39,32,46,24,21,27,29,24,34,,,,,,,,,,,,,,,,20,17,24,108,201.0,21,17,26,19,58,33,26,40,19,12,7,19,,,,,,,,,,,,,,,,,,,,,,16,14,18,28,24,33,5871,21,19,24,1311,13,9,16,134,749:1,46,15673,70,68,73,2725,13,10,15,44,3,604,177,3,61.4,69.3,481,94,,,,,,,3.4,,,,3.2,3.6,0.03,13327,-4857,60,45047,55349,0.81,0.69,0.94,64662,56700,72624,,,,85929,59466,112392,,,,55791,47462,64120,72212,67985,76439,13,5,51,4,2,7,,,,,,,,,,,,,,,,,,,,,,62,17,13,22,14,8,23,,,,,,,,,,,,,,,,19,14,25,52,20,15,26,,,,,,,,,,,,,,,,,,,,,,,,,27,23,30,18.4,29.3,51.5,659,1.2,724,1.3,14634,27.1,62,0.1,807,1.5,36775,68.2,33,890,2,1,2,1942,9637,20,15,26,20754,39.5,53915,
48267,Texas,Kimble,78.6,75.5,81.6,,,,,,,,,,,,,,,,,,,,,,79,412,313,531,,,,,,,,,,,,,,,,,,,,,,,,,,,,,,,,,,,,,,,,,,,,,,,,,,,,,,,,,,,,,,,,,,,,,,,,14,13,16,13,11,14,,,38,30,46,20,18,22,,,,,,,,,,,,,,,,,,,,,,,,,,,35,30,40,389,8,710,17,38,31,45,39,26,55,57,34,89,,,,,,,,,,,,,,,,27,14,47,8,180.9,20,16,24,0,31,0,0,8,,,,,,,,,,,,,,,,,,,,,,,,,,18,16,20,30,25,34,560,25,21,28,116,14,10,18,90,1111:1,10,1460,79,73,85,185,11,4,18,24,3,654,171,4,35.6,66.0,,,,,,,,,2.6,,,,,,0.00,12886,-5184,64,40808,42301,0.96,0.58,1.35,54562,46250,62874,63750,19477,108023,,,,,,,58209,28291,88127,69779,43155,96403,,,,,,,,,,,,,,,,,,,,,,,,,,,,,,,,,,,,,,,,,,,,,,,,,,,,,,,,,,,,,,,,,,,,,,,,,,,,,,,,,27,23,31,18.3,31.0,51.1,72,1.6,41,0.9,1020,23.0,5,0.1,45,1.0,3261,73.4,35,68,2,0,4,59,714,8,0,20,4286,100.0,4442,
48269,Texas,King,,,,,,,,,,,,,,,,,,,,,,,,,,,,,,,,,,,,,,,,,,,,,,,,,,,,,,,,,,,,,,,,,,,,,,,,,,,,,,,,,,,,,,,,,,,,,,,,,,,,17,16,18,15,14,16,0,0,41,36,46,21,20,23,,,,,,,,,,,,,,,,,,,,,,,,,,,36,33,39,64,22,50,22,40,36,45,,,,,,,,,,,,,,,,,,,,,,,,,0,0.0,18,16,21,0,2,0,0,51,,,,,,,,,,,,,,,,,,,,,,,,,,22,21,24,34,31,37,29,22,19,25,13,19,14,24,0,217:0,2,38,42,8,77,,,,,,3,649,163,2,40.1,75.7,,,,,,,,,,,,,,,,21978,9474,,54250,59500,0.91,0.08,1.75,85720,72098,99342,,,,,,,,,,,,,,,,,,,,,,,,,,,,,,,,,,,,,,,,,,,,,,,,,,,,,,,,,,,,,,,,,,,,,,,,,,,,,,,,,,,,,,,,,,,,,,,,28,26,31,22.6,26.3,48.8,3,1.4,0,0.0,31,14.3,1,0.5,5,2.3,172,79.3,41,14,8,0,49,10,35,29,0,88,265,100.0,217,
48271,Texas,Kinney,76.7,73.8,79.6,,,,,,,,,,,,,,,,,,,,,,61,510,382,668,494,331,710,,,,,,,,,,,,,,,,543,322,859,,,,,,,,,,,,,,,,,,,,,,,,,,,,,,,,,,,,,,,,,,,,,,,,,,,15,13,16,16,13,17,11,403,42,33,50,18,16,20,,,,,,,,,,,,,,,,,,,,,,,,,,,35,30,40,922,26,700,22,40,33,48,28,16,44,,,,,,,,,,,,,,,,,,,,,,12,383.6,19,15,24,0,16,0,0,14,,,,,,,,,,,,,,,,,,,,,,,,,,15,13,17,32,27,36,213,15,12,18,39,7,4,10,64,1574:1,8,904,77,62,91,15,1,0,8,0,3,857,203,3,29.8,53.1,,,,,,,,,3.0,,,,,,0.02,15818,-3097,64,,,,,,53572,45781,61363,,,,,,,,,,63854,31415,96293,66964,35227,98701,1,6,,,,,,,,,,,,,,,,,,,,,,,,,,,,,,,,,,,,,,,,,,,,,,,,,,,,,,,,,,,,,,,,,,,,,,,,,,,,,,,29,25,33,17.5,26.1,42.6,73,2.3,30,1.0,1672,53.1,7,0.2,69,2.2,1290,41.0,36,202,7,1,12,93,274,34,0,67,3129,100.0,3148,
48273,Texas,Kleberg,73.4,72.4,74.5,72.8,71.6,74.0,,,,,,,,,,,,,,,,74.3,72.2,76.4,484,588,534,642,616,550,681,,,,,,,,,,,,,,,,551,444,658,22,62,39,94,,,,,,,,,,,,,,,,,,,,,,,,,,,,,,,,,,,,,,,,,,,,,,,15,13,17,16,14,18,33,131,42,33,50,18,16,20,12,8,4,15,8,,,,,,,,,,,,,,,,,,,,,,36,31,41,5564,17,7080,23,40,32,47,27,23,30,28,25,32,,,,,,,33,16,61,,,,,,,19,12,28,240,790.5,17,14,21,2,22,9,2,22,10,11,5,20,,,,,,,,,,,,,,,,,,,,,,15,13,17,33,29,38,3999,22,19,26,835,11,8,15,53,1879:1,69,6360,54,50,58,2153,19,14,24,33,3,777,123,4,48.2,49.4,390,82,,,,,,,3.2,,,,3.2,3.7,0.04,13287,147,69,37766,56489,0.67,0.54,0.79,52903,45704,60102,132672,60917,204427,,,,,,,51283,39911,62655,75446,64223,86669,12,6,40,6,4,11,,,,,,,,,,,,,,,,,,,,,,30,14,9,20,,,,,,,,,,,,,,,,,,,,,,14,9,5,15,,,,,,,,,,,,,,,,,,,,,,12,4,20,30,26,34,24.0,13.8,49.5,320,1.1,682,2.3,21611,71.9,61,0.2,1041,3.5,6308,21.0,37,610,2,1,3,2902,7324,40,30,50,6095,19.6,30069,
48275,Texas,Knox,71.0,68.2,73.9,,,,,,,,,,,,,,,,,,,,,,82,675,527,852,755,479,1133,,,,,,,,,,,,,,,,620,449,835,,,,,,,,,,,,,,,,,,,,,,,,,,,,,,,,,,,,,,,,,,,,,,,,,,,15,13,16,13,12,15,,,40,34,46,20,18,21,,,,,,,,,,,,,,,,,,,,,,,,,,,36,33,40,221,6,560,17,40,35,45,29,18,43,,,,,,,,,,,,,,,,,,,,,,7,213.9,20,17,22,3,8,38,18,56,,,,,,,,,,,,,,,,,,,,,,,,,,17,16,19,30,27,33,440,26,22,29,108,12,8,16,151,660:1,3,981,78,68,88,70,6,1,11,,3,656,151,3,38.8,57.5,,,,,,,,,3.2,,,,3.2,3.4,0.03,16357,-5001,63,33462,41156,0.81,0.67,0.95,55414,52994,57834,,,,,,,,,,57905,47743,68067,59083,43063,75103,4,19,,,,,,,,,,,,,,,,,,,,,,,,,,,,,,,,,,,,,,,,,,,,,,,,,,,,,,,,,,,,,,,,,,,,,,,,,,,,,,,30,27,32,27.1,20.2,50.4,43,1.3,28,0.8,1108,33.6,2,0.1,171,5.2,1886,57.1,36,77,2,0,5,218,860,25,13,38,3353,100.0,3302,
48277,Texas,Lamar,72.4,71.6,73.2,99.0,65.7,132.4,,,,,,,67.5,65.5,69.6,,,,,,,72.4,71.5,73.3,1143,628,590,667,340,228,488,,,,,,,920,786,1053,,,,,,,622,578,666,39,74,53,102,,,,,,,,,,,,,,,,,,,,,,27,6,4,9,,,,,,,,,,,,,,,,,,,,,,14,13,16,12,11,14,79,189,39,30,46,21,19,23,53,21,16,28,21,,,,,,,,,,,,,,,,,,,,,,37,32,43,7077,14,9070,18,40,33,46,32,29,35,36,27,46,,,,,,,44,34,55,,,,54,35,79,27,23,31,249,493.2,19,15,23,10,63,16,10,23,25,17,11,25,,,,,,,,,,,,,,,,,,,,,,19,17,22,29,24,33,6134,22,19,24,1302,10,7,13,133,752:1,45,13202,66,63,68,3170,17,14,19,35,3,497,93,2,57.6,58.3,515,96,,,,,,,3.2,,,2.8,3.0,3.3,0.12,11215,-2533,65,39776,50657,0.79,0.67,0.91,56275,48921,63629,,,,53542,11323,95761,48287,33902,62672,37031,21386,52676,64809,58084,71534,14,4,45,4,2,7,,,,,,,,,,,,,,,,,,,,,,80,23,18,28,,,,,,,,,,22,10,40,,,,,,,25,19,31,48,19,14,25,,,,,,,,,,,,,,,,,,,,,,,,,29,25,33,24.6,19.1,51.6,1036,2.0,434,0.8,5089,10.0,51,0.1,6712,13.1,36619,71.6,35,425,1,0,1,4681,12181,38,33,44,23796,47.5,51127,
48279,Texas,Lamb,72.2,70.7,73.7,71.6,69.5,73.8,,,,,,,,,,,,,,,,73.2,71.2,75.2,274,637,558,715,647,535,759,,,,,,,,,,,,,,,,620,504,736,12,78,40,136,,,,,,,,,,,,,,,,,,,,,,,,,,,,,,,,,,,,,,,,,,,,,,,16,15,18,16,14,18,29,281,42,34,51,20,18,22,10,14,6,26,16,,,,,,,,,,,,,,,,,,,,,,38,32,43,1515,11,2450,19,40,33,47,40,33,47,46,37,55,,,,,,,,,,,,,,,,27,17,39,43,337.9,19,15,23,8,21,38,27,49,,,,,,,,,,,,,,,,,,,,,,,,,,18,16,21,35,30,40,1968,28,24,32,455,13,9,17,63,1589:1,22,3346,72,68,76,311,7,4,11,,3,509,153,2,43.9,51.3,180,94,,,,,,,3.3,,,,3.3,3.5,0.05,15918,-6145,70,34899,49038,0.71,0.59,0.84,57113,50864,63362,111094,105607,116581,,,,36381,34778,37984,55299,49002,61596,64028,55315,72741,3,3,19,,,,,,,,,,,,,,,,,,,,,,,,,23,25,16,38,,,,,,,,,,,,,,,,,,,,,,11,17,9,31,,,,,,,,,,,,,,,,,,,,,,,,,32,28,36,27.2,17.7,49.7,260,2.0,90,0.7,7423,58.4,35,0.3,461,3.6,4579,36.0,40,988,8,5,11,1089,3547,31,21,40,7419,56.9,12711,
48281,Texas,Lampasas,74.8,73.6,76.0,78.2,74.4,81.9,,,,,,,,,,,,,,,,74.0,72.6,75.4,432,485,435,534,444,335,576,,,,,,,,,,,,,,,,509,449,568,11,53,26,94,,,,,,,,,,,,,,,,,,,,,,,,,,,,,,,,,,,,,,,,,,,,,,,14,12,15,12,10,14,26,133,38,31,46,20,18,22,16,13,7,22,15,,,,,,,,,,,,,,,,,,,,,,35,30,40,1160,6,3550,16,41,34,48,18,15,22,27,19,37,,,,,,,,,,,,,,,,15,11,20,66,289.7,22,18,27,6,28,21,12,32,17,25,15,41,,,,,,,,,,,,,,,,,,,,,,18,16,20,28,23,32,2606,20,17,22,612,12,8,16,56,1789:1,31,6544,80,77,84,1094,14,10,17,24,3,660,162,2,59.4,64.2,243,96,,,,,,,3.0,,,,2.9,3.1,0.02,12716,-3358,54,39867,57514,0.69,0.51,0.88,71484,62723,80245,,,,,,,112195,87009,137381,67028,51918,82138,81413,71368,91458,6,5,47,,,,,,,,,,,,,,,,,,,,,,,,,33,22,15,31,,,,,,,,,,,,,,,,,,,,,,14,13,7,21,,,,,,,,,,,,,,,,,,,,,,,,,27,24,31,21.2,21.0,50.0,320,1.4,348,1.5,4886,21.0,136,0.6,933,4.0,16260,69.9,34,278,1,0,2,1098,4808,23,15,31,14303,66.1,23262,
48283,Texas,La Salle,73.2,71.3,75.1,,,,,,,,,,,,,,,,,,,,,,128,657,542,772,637,512,761,,,,,,,,,,,,,,,,852,521,1317,,,,,,,,,,,,,,,,,,,,,,,,,,,,,,,,,,,,,,,,,,,,,,,,,,,18,17,19,18,17,19,21,368,44,41,48,20,19,21,,,,,,,,,,,,,,,,,,,,,,,,,,,38,36,41,795,12,1420,20,42,38,45,47,36,61,,,,,,,,,,,,,,,,,,,,,,26,393.7,18,16,20,2,29,7,1,17,,,,,,,,,,,,,,,,,,,,,,,,,,19,17,20,41,39,44,802,26,23,30,160,13,9,16,138,726:1,20,1327,79,71,87,122,8,0,16,,3,958,190,3,26.7,43.9,113,88,,,,,,,3.0,,,,,,0.03,21052,-822,85,49000,26326,1.86,0.00,3.80,48675,41233,56117,,,,,,,,,,58554,28128,88980,49137,43053,55221,2,8,,,,,,,,,,,,,,,,,,,,,,,,,,,,,,,,,,,,,,,,,,,,,,,,,,,,,,,,,,,,,,,,,,,,,,,,,,,,,,,36,33,38,19.0,15.1,40.3,105,1.6,48,0.7,5066,77.5,3,0.0,119,1.8,1209,18.5,44,689,10,4,17,660,1618,41,17,64,6664,100.0,6537,
48285,Texas,Lavaca,77.3,76.1,78.5,82.4,77.4,87.4,,,,,,,,,,,,,,,,77.3,75.9,78.7,341,410,362,458,371,261,511,,,,,,,959,664,1340,,,,,,,397,342,452,11,53,26,94,,,,,,,,,,,,,,,,,,,,,,,,,,,,,,,,,,,,,,,,,,,,,,,14,12,15,12,10,13,21,122,38,30,46,20,18,22,11,9,4,16,11,,,,,,,,,,,,,,,,,,,,,,35,30,40,824,4,3000,15,38,31,45,22,18,26,32,23,43,,,,,,,58,35,92,,,,,,,13,9,18,33,160.3,21,17,25,6,20,30,18,42,,,,,,,,,,,,,,,,,,,,,,,,,,18,16,20,28,23,32,1902,18,15,20,470,9,7,12,73,1371:1,10,6390,76,74,79,757,10,7,12,10,3,684,147,2,53.1,69.3,249,96,,,,,,,3.2,,,,2.9,3.4,0.04,12218,-2197,38,46903,61711,0.76,0.60,0.92,64145,55172,73118,,,,198309,67924,328694,42000,27769,56231,46744,29185,64303,69613,63166,76060,8,6,44,,,,,,,,,,,,,,,,,,,,,,,,,35,25,17,34,,,,,,,,,,,,,,,,,,,,,,12,12,6,21,,,,,,,,,,,,,,,,,,,,,,,,,28,24,32,23.5,24.4,50.6,153,0.7,135,0.7,4137,20.1,27,0.1,1153,5.6,14887,72.4,33,290,2,1,2,675,4854,14,9,19,16755,82.4,20571,
48287,Texas,Lee,76.3,75.0,77.6,76.0,72.7,79.2,,,,,,,69.2,64.1,74.2,,,,,,,77.3,75.8,78.9,311,442,389,494,417,300,563,,,,,,,824,594,1114,,,,,,,400,340,460,12,72,37,126,,,,,,,,,,,,,,,,,,,,,,,,,,,,,,,,,,,,,,,,,,,,,,,15,13,16,13,11,15,27,176,39,31,47,20,18,22,11,14,7,25,13,,,,,,,,,,,,,,,,,,,,,,36,30,41,1071,6,2700,15,41,33,48,25,20,31,30,22,42,,,,,,,40,20,72,,,,,,,19,13,27,67,373.2,20,16,25,6,29,21,11,31,,,,,,,,,,,,,,,,,,,,,,,,,,18,16,20,29,25,34,2447,23,20,26,439,12,8,15,27,3648:1,36,5248,78,74,83,855,13,8,18,0,3,675,138,3,51.9,65.8,251,96,,,,,,,3.0,,,,2.7,3.2,0.10,12541,-5930,54,40941,63327,0.65,0.42,0.87,71112,62966,79258,,,,,,,43292,27016,59568,50025,10976,89074,76612,67274,85950,6,5,46,,,,,,,,,,,,,,,,,,,,,,,,,43,35,26,48,51,28,83,,,,,,,,,,,,,,,,25,15,39,,,,,,,,,,,,,,,,,,,,,,,,,,,,,28,25,32,21.1,20.7,49.0,218,1.2,114,0.6,4916,27.0,40,0.2,1637,9.0,11257,61.7,35,585,4,1,6,768,3652,21,12,30,17478,100.0,18240,
48289,Texas,Leon,73.3,71.7,74.8,93.9,58.0,129.9,,,,,,,,,,,,,,,,72.0,70.2,73.9,368,565,500,630,318,194,492,,,,,,,747,492,1086,,,,,,,601,523,679,13,79,42,134,,,,,,,,,,,,,,,,,,,,,,,,,,,,,,,,,,,,,,,,,,,,,,,15,13,17,12,11,14,31,227,38,30,46,21,19,23,19,22,12,35,23,,,,,,,,,,,,,,,,,,,,,,37,31,42,1354,8,2950,19,39,32,46,27,22,33,32,21,46,,,,,,,,,,,,,,,,25,19,33,51,314.6,21,17,26,16,62,26,19,33,,,,,,,,,,,,,,,,,,,,,,,,,,21,19,23,30,26,35,2176,25,22,29,505,13,10,17,42,2363:1,16,5042,77,74,80,453,7,4,11,3,3,630,133,4,34.1,68.3,245,93,,,,,,,3.1,,,,3.1,3.2,0.07,13467,-1993,59,40888,61062,0.67,0.50,0.84,59488,50996,67980,101429,866,201992,,,,48750,23003,74497,59196,21338,97054,62516,54982,70050,5,5,49,,,,,,,,,,,,,,,,,,,,,,,,,57,48,36,62,72,38,123,,,,,,,,,,,,,,,,46,33,62,18,21,13,34,,,,,,,,,,,,,,,,,,,,,,,,,30,26,34,23.0,24.6,49.8,171,1.0,163,1.0,2806,17.0,3,0.0,1001,6.1,12242,74.0,37,399,3,1,4,841,3654,23,14,32,15719,100.0,16538,
48291,Texas,Liberty,72.8,72.2,73.3,77.8,75.7,80.0,,,,,,,69.8,67.9,71.6,,,,,,,71.9,71.2,72.6,1853,608,580,636,430,375,485,,,,,,,796,690,901,,,,,,,655,618,692,74,63,50,79,63,43,87,,,,,,,,,,,,,,,,60,41,85,51,6,4,8,7,5,10,,,,,,,,,,,,,,,,5,3,8,16,15,18,14,12,16,301,373,40,32,48,22,20,24,82,17,14,21,18,9,5,16,,,,,,,,,,,,,,,,22,17,29,36,31,41,3138,4,17230,18,40,33,47,34,32,37,35,32,39,,,,,,,27,20,36,,,,26,13,47,36,32,40,417,408.9,19,15,23,23,129,18,14,23,69,24,18,30,,,,,,,,,,,,,,,,,,,,,,21,19,24,34,29,39,15695,28,25,31,3663,12,9,15,42,2406:1,23,24240,81,78,83,3440,12,9,15,22,3,552,101,4,46.6,50.6,1356,94,,,,,,,2.8,,,2.3,2.8,2.8,0.24,12055,-5801,81,43010,60675,0.71,0.63,0.79,72329,66132,78526,,,,119706,47439,191973,55625,37791,73459,57326,52923,61729,70236,62606,77866,16,2,43,7,5,10,7,4,12,,,,,,,,,,,,,,,,7,4,10,199,32,27,36,20,14,27,,,,,,,33,20,52,,,,,,,38,31,44,92,20,16,24,10,6,17,,,,,,,27,13,48,,,,,,,24,19,31,11,7,16,29,26,33,30.4,11.4,50.3,1739,1.6,942,0.9,45251,41.8,133,0.1,8609,8.0,51991,48.0,41,6251,7,6,8,4800,28708,17,13,21,70893,77.4,108272,
48293,Texas,Limestone,72.6,71.5,73.8,86.6,77.6,95.7,,,,,,,67.8,64.4,71.2,,,,,,,71.8,70.3,73.2,561,634,578,690,234,154,340,,,,,,,880,715,1046,,,,,,,678,604,752,19,86,52,134,,,,,,,,,,,,,,,,,,,,,,,,,,,,,,,,,,,,,,,,,,,,,,,16,15,18,14,13,16,49,262,40,32,49,21,19,23,27,23,15,34,24,,,,,,,,,,,,,,,,,,,,,,37,32,42,2035,9,4270,19,41,34,48,37,32,43,48,37,60,,,,,,,36,24,51,,,,,,,31,23,40,91,408.9,19,15,24,7,33,21,12,31,,,,,,,,,,,,,,,,,,,,,,,,,,21,19,24,34,29,39,2802,24,21,27,530,11,7,14,94,1060:1,19,6166,74,71,77,1095,14,11,18,3,3,623,133,3,46.3,55.3,247,89,,,,,,,2.8,,,2.2,2.8,3.2,0.06,13767,-8051,75,36096,51431,0.70,0.59,0.82,53482,46232,60732,,,,,,,34715,14704,54726,54107,43555,64659,64157,57622,70692,4,3,34,,,,,,,,,,,,,,,,,,,,,,,,,37,23,16,32,,,,,,,,,,,,,,,,,,,,,,22,19,12,29,,,,,,,,,,,,,,,,,,,,,,,,,32,27,36,22.5,21.2,49.8,309,1.4,240,1.1,5318,23.9,20,0.1,3599,16.2,12627,56.8,38,609,3,2,4,1822,4966,37,29,44,15485,69.9,22250,
48295,Texas,Lipscomb,76.2,72.8,79.5,,,,,,,,,,,,,,,,,,,,,,49,445,321,602,,,,,,,,,,,,,,,,,,,,,,,,,,,,,,,,,,,,,,,,,,,,,,,,,,,,,,,,,,,,,,,,,,,,,,,,14,13,15,13,12,14,0,0,38,34,42,19,18,20,,,,,,,,,,,,,,,,,,,,,,,,,,,35,32,38,1042,32,500,16,38,34,42,21,12,34,,,,,,,,,,,,,,,,,,,,,,5,175.2,21,18,23,1,2,50,10,77,,,,,,,,,,,,,,,,,,,,,,,,,,17,16,18,29,26,31,384,25,21,28,110,15,11,20,34,2906:1,2,883,80,75,86,89,9,3,15,,3,473,129,2,40.6,66.5,,,,,,,,,3.1,,,,3.0,3.3,0.12,14362,-7770,59,45769,58462,0.78,0.64,0.93,67386,57306,77466,,,,,,,,,,66042,49565,82519,78984,67081,90887,,,,,,,,,,,,,,,,,,,,,,,,,,,,,,,,,,,,,,,,,,,,,,,,,,,,,,,,,,,,,,,,,,,,,,,,,,,,,,,,,27,25,29,25.0,20.4,48.5,70,2.4,28,1.0,1113,38.3,7,0.2,44,1.5,1618,55.7,35,227,8,4,12,217,890,24,14,35,3059,100.0,2906,
48297,Texas,Live Oak,76.5,74.8,78.2,76.3,73.6,79.0,,,,,,,,,,,,,,,,75.3,72.7,77.8,220,502,431,572,500,392,630,,,,,,,,,,,,,,,,553,448,658,,,,,,,,,,,,,,,,,,,,,,,,,,,,,,,,,,,,,,,,,,,,,,,,,,,15,13,17,14,13,16,14,142,41,33,49,19,17,21,,,,,,,,,,,,,,,,,,,,,,,,,,,37,31,43,412,4,2180,19,41,33,48,31,24,39,43,31,58,,,,,,,,,,,,,,,,22,13,33,26,227.5,19,15,23,4,31,13,5,23,,,,,,,,,,,,,,,,,,,,,,,,,,18,16,20,31,27,36,1327,25,21,28,303,14,10,17,43,2317:1,28,3071,73,69,77,392,10,6,14,2,3,863,157,3,29.5,55.5,126,96,,,,,,,3.8,,,,3.6,4.1,0.01,14265,186,64,39194,62100,0.63,0.43,0.83,59202,50185,68219,,,,,,,,,,34946,18026,51866,67620,58502,76738,2,3,,,,,,,,,,,,,,,,,,,,,,,,,,12,14,7,25,,,,,,,,,,,,,,,,,,,,,,,,,,,,,,,,,,,,,,,,,,,,,,,,,,32,28,37,18.8,20.9,42.3,167,1.4,147,1.3,4887,42.2,60,0.5,728,6.3,5607,48.4,37,466,4,2,6,442,2340,19,9,29,11335,100.0,11584,
48299,Texas,Llano,76.2,74.7,77.7,83.4,74.2,92.7,,,,,,,,,,,,,,,,75.9,74.2,77.7,489,475,420,529,357,233,523,,,,,,,,,,,,,,,,483,422,544,11,75,38,135,,,,,,,,,,,,,,,,,,,,,,,,,,,,,,,,,,,,,,,,,,,,,,,13,11,14,11,9,12,40,199,39,30,47,20,18,22,30,24,15,38,27,,,,,,,,,,,,,,,,,,,,,,35,30,40,2560,13,3720,17,38,31,45,34,27,40,36,24,51,,,,,,,,,,,,,,,,34,26,42,63,279.5,22,18,26,10,28,36,26,45,12,18,9,32,,,,,,,,,,,,,,,,,,,,,,17,15,19,25,21,30,2361,22,19,25,456,13,9,16,83,1204:1,1,7889,77,75,80,1089,11,9,14,8,3,716,171,3,46.6,71.4,106,98,,,,,,,2.8,,,,2.7,2.9,0.02,12346,-1490,69,42614,61847,0.69,0.50,0.88,71475,63017,79933,,,,,,,,,,48295,34095,62495,70238,62796,77680,6,7,67,,,,,,,,,,,,,,,,,,,,,,,,,37,24,17,34,,,,,,,,,,,,,,,,,,,,,,24,22,14,32,,,,,,,,,,,,,,,,,,,,,,,,,25,22,29,15.6,37.2,51.3,238,1.0,181,0.8,3215,14.1,22,0.1,271,1.2,18791,82.1,32,352,2,1,3,901,3432,26,15,37,10667,50.2,22875,
48301,Texas,Loving,,,,,,,,,,,,,,,,,,,,,,,,,,,,,,,,,,,,,,,,,,,,,,,,,,,,,,,,,,,,,,,,,,,,,,,,,,,,,,,,,,,,,,,,,,,,,,,,,,,,10,9,11,10,8,11,,,33,25,41,16,14,18,,,,,,,,,,,,,,,,,,,,,,,,,,,32,27,38,15,19,20,17,35,29,43,,,,,,,,,,,,,,,,,,,,,,,,,0,0.0,25,21,30,6,23,26,15,38,,,,,,,,,,,,,,,,,,,,,,,,,,14,12,16,19,16,23,1,3,3,3,0,0,0,0,0,43:0,0,4,11,0,28,,,,,,3,739,165,2,92.3,73.3,,,,,,,,,,,,,,,,,,,,,,,,86760,68225,105295,,,,,,,,,,,,,,,,,,,,,,,,,,,,,,,,,,,,,,,,,,,,,,,,,,,,,,,,,,,,,,,,,,,,,,,,,,,,,,,,,,,,,,,,,,,,,,,,27,23,31,30.2,0.0,27.9,0,0.0,0,0.0,5,11.6,0,0.0,3,7.0,35,81.4,24,5,9,0,100,,,,,,64,100.0,43,
48303,Texas,Lubbock,73.4,73.1,73.7,72.7,72.1,73.2,,,,82.2,78.4,86.0,67.1,65.9,68.3,,,,,,,74.3,73.9,74.7,5261,569,553,585,624,594,654,,,,249,183,331,967,886,1048,,,,,,,518,499,538,204,58,50,66,57,46,70,,,,,,,94,62,137,,,,,,,49,39,62,151,5,4,6,6,4,7,,,,,,,10,7,15,,,,,,,4,3,5,13,12,15,13,11,14,594,224,36,32,41,18,17,20,289,19,17,21,18,12,9,15,,,,,,,11,5,20,,,,,,,24,20,27,34,30,38,22833,8,52990,17,36,32,40,24,23,25,40,38,42,,,,,,,42,37,47,,,,23,16,32,9,8,10,2643,832.3,20,17,23,77,243,32,28,35,131,14,11,16,9,6,12,,,,,,,16,8,29,,,,,,,18,14,22,16,14,18,28,24,31,36695,19,17,21,7363,10,8,12,179,558:1,138,68591,55,54,56,21601,18,17,19,63,3,537,155,2,61.2,54.1,3384,92,,,,,,,3.2,,4.0,2.8,3.0,3.6,0.12,11777,-271,61,43285,57533,0.75,0.71,0.79,57883,54065,61701,66563,32069,101057,85750,60204,111296,42353,36281,48425,53523,51021,56025,74381,72024,76738,121,6,48,7,6,8,10,8,13,,,,,,,22,15,30,,,,,,,3,2,5,360,17,15,18,16,14,19,,,,,,,24,17,33,,,,,,,16,14,18,280,18,16,20,16,13,20,,,,,,,27,18,39,,,,,,,19,16,22,4,2,5,29,26,32,23.4,13.6,50.8,3903,1.2,7976,2.5,117488,36.6,487,0.2,23188,7.2,166769,52.0,32,5048,2,1,2,21986,73862,30,27,33,32681,10.5,320940,
48305,Texas,Lynn,71.9,69.7,74.0,68.2,65.2,71.3,,,,,,,,,,,,,,,,74.1,71.0,77.2,135,715,590,840,984,768,1241,,,,,,,,,,,,,,,,551,411,722,,,,,,,,,,,,,,,,,,,,,,,,,,,,,,,,,,,,,,,,,,,,,,,,,,,16,15,18,15,13,17,,,41,32,49,20,18,22,,,,,,,,,,,,,,,,,,,,,,,,,,,37,31,42,892,15,1060,19,39,32,47,30,21,40,,,,,,,,,,,,,,,,,,,,,,20,349.4,19,15,23,3,11,27,11,45,,,,,,,,,,,,,,,,,,,,,,,,,,19,17,21,34,29,39,631,20,17,23,183,11,8,15,87,1152:1,11,1584,77,72,81,181,9,5,14,,3,552,165,2,44.0,54.9,,,,,,,,,3.1,,,,2.8,3.5,0.12,15934,-1427,44,41068,66792,0.61,0.48,0.75,57338,48844,65832,56111,55704,56518,,,,,,,43477,29193,57761,75739,59630,91848,2,6,,,,,,,,,,,,,,,,,,,,,,,,,,15,37,21,61,,,,,,,,,,,,,,,,,,,,,,,,,,,,,,,,,,,,,,,,,,,,,,,,,,30,26,34,27.9,16.2,48.1,120,2.1,28,0.5,2321,40.3,4,0.1,131,2.3,3190,55.4,39,131,2,1,4,300,1564,19,11,27,5596,100.0,5761,
48307,Texas,McCulloch,71.1,68.9,73.2,69.8,66.6,73.0,,,,,,,,,,,,,,,,71.5,68.6,74.3,201,644,546,742,790,604,1015,,,,,,,,,,,,,,,,613,493,733,,,,,,,,,,,,,,,,,,,,,,,,,,,,,,,,,,,,,,,,,,,,,,,,,,,15,13,17,13,11,15,9,140,39,31,48,20,18,22,13,39,20,69,33,,,,,,,,,,,,,,,,,,,,,,36,30,41,1591,19,1420,19,40,32,47,32,24,42,36,24,53,,,,,,,,,,,,,,,,29,19,44,29,386.8,20,16,25,2,18,11,2,25,,,,,,,,,,,,,,,,,,,,,,,,,,20,18,22,32,27,37,1062,26,22,30,208,13,9,17,81,1242:1,31,2150,70,65,75,288,10,4,15,26,3,656,180,3,45.5,58.4,82,95,,,,,,,2.9,,,,2.8,3.0,0.01,16390,-2793,65,41062,48750,0.84,0.71,0.97,47814,40323,55305,,,,,,,,,,44557,29631,59483,55781,36404,75158,2,6,,,,,,,,,,,,,,,,,,,,,,,,,,15,27,15,45,,,,,,,,,,,,,,,,,,,,,,11,28,14,51,,,,,,,,,,,,,,,,,,,,,,,,,28,24,32,20.9,24.7,49.9,109,1.5,59,0.8,2254,30.2,9,0.1,173,2.3,4830,64.8,36,191,3,1,5,296,1626,18,5,32,2743,36.0,7452,
48309,Texas,McLennan,75.3,75.0,75.7,77.6,76.7,78.6,,,,83.7,80.1,87.2,70.1,69.2,71.1,,,,,,,76.0,75.6,76.4,4120,489,474,504,436,404,469,,,,,,,762,709,815,,,,,,,456,437,475,176,59,51,68,65,51,82,,,,,,,105,77,139,,,,,,,44,33,57,148,6,5,7,6,5,8,,,,,,,10,7,14,,,,,,,5,4,6,14,13,16,14,12,15,558,252,39,32,46,20,18,22,196,16,13,18,15,11,8,16,,,,,,,9,5,15,,,,,,,19,15,22,35,30,40,39470,17,44070,17,40,34,47,22,21,23,31,29,33,,,,,,,39,35,43,,,,18,12,24,13,12,14,1664,623.6,19,15,23,37,183,20,17,24,94,12,10,15,6,4,11,,,,,,,16,10,26,,,,,,,14,10,18,18,16,21,28,24,33,33755,22,20,24,7158,11,8,14,101,995:1,102,58703,61,60,62,15512,17,15,18,30,3,672,162,2,59.9,55.2,3068,91,,,,,,,3.0,,3.8,2.4,2.8,3.4,0.19,12303,-2167,64,44386,56041,0.79,0.73,0.85,63377,58556,68198,119750,91303,148197,73370,27557,119183,38399,33546,43252,51686,48158,55214,79272,75273,83271,99,6,51,6,5,7,5,3,8,,,,,,,20,15,26,,,,,,,3,2,4,260,14,13,16,12,9,15,,,,,,,18,13,24,,,,,,,15,13,18,200,15,13,18,11,8,15,,,,,,,26,19,35,,,,,,,16,13,19,8,6,11,28,25,32,23.9,15.6,50.9,3047,1.1,5282,2.0,72956,27.2,366,0.1,37410,13.9,147119,54.8,35,9262,4,3,4,18464,63200,29,26,32,62596,24.0,268583,
48311,Texas,McMullen,,,,,,,,,,,,,,,,,,,,,,,,,,,,,,,,,,,,,,,,,,,,,,,,,,,,,,,,,,,,,,,,,,,,,,,,,,,,,,,,,,,,,,,,,,,,,,,,,,,,17,15,19,16,14,18,0,0,43,35,51,21,19,23,,,,,,,,,,,,,,,,,,,,,,,,,,,35,30,40,179,25,100,16,41,34,49,,,,,,,,,,,,,,,,,,,,,,,,,0,0.0,18,15,22,0,7,0,0,26,,,,,,,,,,,,,,,,,,,,,,,,,,20,18,22,35,30,40,55,17,14,20,16,12,8,16,176,568:1,0,129,77,69,85,30,22,0,69,15,3,922,167,3,30.5,100.0,,,,,,,,,3.0,,,,,,,22671,8562,,24621,55089,0.45,0.12,0.77,71112,59503,82721,,,,,,,,,,38409,30937,45881,64167,18585,109749,1,20,,,,,,,,,,,,,,,,,,,,,,,,,,,,,,,,,,,,,,,,,,,,,,,,,,,,,,,,,,,,,,,,,,,,,,,,,,,,,,,28,25,32,21.7,23.9,47.2,1,0.2,8,1.4,224,39.4,0,0.0,15,2.6,311,54.8,40,14,2,0,15,143,237,60,5,100,600,100.0,568,
48313,Texas,Madison,72.9,71.3,74.4,83.1,75.7,90.6,,,,,,,68.3,64.1,72.4,,,,,,,71.9,69.8,73.9,251,578,505,651,249,145,398,,,,,,,831,624,1084,,,,,,,628,527,728,12,89,46,155,,,,,,,,,,,,,,,,,,,,,,,,,,,,,,,,,,,,,,,,,,,,,,,14,13,16,13,12,15,53,460,40,32,49,19,17,21,13,17,9,28,18,,,,,,,,,,,,,,,,,,,,,,37,32,42,1820,13,2160,16,41,33,48,39,32,47,47,34,64,,,,,,,64,44,91,,,,,,,25,17,35,34,248.9,20,16,25,3,31,10,3,20,10,24,11,44,,,,,,,,,,,,,,,,,,,,,,19,16,21,30,26,35,1862,29,25,33,449,15,10,19,44,2290:1,19,2932,71,65,76,489,13,7,18,,3,657,104,4,44.0,53.2,145,95,,,,,,,3.0,,,2.5,2.8,3.4,0.03,14014,-261,72,31279,50659,0.62,0.35,0.88,53301,45656,60946,,,,,,,52361,18867,85855,60146,50593,69699,76929,64870,88988,7,8,50,,,,,,,,,,,,,,,,,,,,,,,,,35,35,25,49,,,,,,,,,,,,,,,,,,,,,,,,,,,,,,,,,,,,,,,,,,,,,,,,,,32,28,36,22.5,15.6,43.6,173,1.3,149,1.1,3651,26.6,13,0.1,2426,17.7,7247,52.7,35,508,4,2,6,789,3014,26,16,36,13455,100.0,13742,
48315,Texas,Marion,71.1,69.2,73.0,,,,,,,,,,68.1,63.8,72.5,,,,,,,70.8,68.4,73.2,294,681,591,772,,,,,,,,,,810,591,1084,,,,,,,694,587,801,,,,,,,,,,,,,,,,,,,,,,,,,,,,,,,,,,,,,,,,,,,,,,,,,,,14,13,15,13,12,14,23,273,41,37,45,21,20,22,15,33,18,57,31,,,,,,,,,,,,,,,,,,,,,,37,34,40,305,3,1720,18,40,37,44,28,20,37,,,,,,,,,,,,,,,,,,,,,,28,292.9,19,18,21,3,19,16,5,30,11,38,19,67,,,,,,,,,,,,,,,,,,,,,,20,19,21,29,27,32,1006,19,16,22,159,9,6,12,31,3190:1,12,3250,77,73,82,379,10,6,14,22,3,464,84,3,43.0,60.8,79,93,,,,,,,2.2,,,2.2,,2.4,0.02,14015,-9590,72,32783,53529,0.61,0.49,0.74,47660,40413,54907,,,,69643,20449,118837,20361,3917,36805,,,,56855,51275,62435,2,4,32,,,,,,,,,,,,,,,,,,,,,,,,,22,32,20,48,,,,,,,,,,70,34,129,,,,,,,25,13,43,15,31,17,51,,,,,,,,,,,,,,,,,,,,,,,,,31,28,33,18.1,27.6,50.8,127,1.3,95,1.0,521,5.4,7,0.1,1846,19.3,6760,70.6,36,49,1,0,2,728,1734,42,32,52,9725,100.0,9571,
48317,Texas,Martin,71.5,68.9,74.2,70.7,67.3,74.1,,,,,,,,,,,,,,,,71.8,67.5,76.1,93,604,486,741,598,421,824,,,,,,,,,,,,,,,,588,432,782,,,,,,,,,,,,,,,,,,,,,,,,,,,,,,,,,,,,,,,,,,,,,,,,,,,14,13,16,13,12,15,,,39,31,48,19,17,21,,,,,,,,,,,,,,,,,,,,,,,,,,,36,30,41,325,7,910,18,39,32,47,28,21,38,37,25,53,,,,,,,,,,,,,,,,20,11,33,10,191.7,20,16,25,8,55,15,8,22,,,,,,,,,,,,,,,,,,,,,,,,,,17,15,19,31,26,36,703,24,21,27,280,16,12,20,134,745:1,20,1361,67,58,76,63,4,0,9,,3,666,185,2,34.3,59.1,83,94,,,,,,,3.2,,,,3.1,3.3,0.08,17601,5431,46,57409,63545,0.90,0.50,1.31,81637,68963,94311,,,,,,,,,,60482,48460,72504,121272,105740,136804,1,3,,,,,,,,,,,,,,,,,,,,,,,,,,10,26,12,47,,,,,,,,,,,,,,,,,,,,,,,,,,,,,,,,,,,,,,,,,,,,,,,,,,28,25,32,31.5,11.8,49.2,88,1.7,34,0.7,2381,45.6,4,0.1,139,2.7,2580,49.5,36,218,4,1,8,358,1539,23,3,43,5237,100.0,5216,
48319,Texas,Mason,75.3,72.0,78.6,,,,,,,,,,,,,,,,,,,,,,82,519,397,667,893,594,1291,,,,,,,,,,,,,,,,396,274,553,,,,,,,,,,,,,,,,,,,,,,,,,,,,,,,,,,,,,,,,,,,,,,,,,,,13,11,14,11,9,12,,,36,28,45,19,17,20,,,,,,,,,,,,,,,,,,,,,,,,,,,35,30,41,112,3,570,14,37,30,44,15,8,26,,,,,,,,,,,,,,,,,,,,,,5,125.6,22,18,27,3,7,43,22,61,,,,,,,,,,,,,,,,,,,,,,,,,,16,14,18,26,22,30,540,27,23,31,134,17,12,21,76,1310:1,0,1176,76,68,83,73,5,0,13,,3,678,177,3,42.1,82.5,62,98,,,,,,,3.1,,,,,,0.01,13208,-57,47,46118,56118,0.82,0.51,1.13,62435,52604,72266,,,,,,,,,,39031,35188,42874,79130,67004,91256,2,7,,,,,,,,,,,,,,,,,,,,,,,,,,,,,,,,,,,,,,,,,,,,,,,,,,,,,,,,,,,,,,,,,,,,,,,,,,,,,,,27,23,31,18.5,31.7,49.0,36,0.9,11,0.3,923,23.5,11,0.3,21,0.5,2923,74.4,32,70,2,0,4,56,914,6,0,13,3953,100.0,3931,
48321,Texas,Matagorda,73.6,72.7,74.5,76.1,74.3,77.9,,,,,,,67.5,64.3,70.8,,,,,,,73.3,71.8,74.7,730,566,523,609,520,451,589,,,,,,,827,654,1000,,,,,,,569,505,633,31,75,51,107,64,36,105,,,,,,,,,,,,,,,,88,44,158,,,,,,,,,,,,,,,,,,,,,,,,,,16,15,18,15,13,17,86,293,41,33,50,20,18,22,27,14,9,21,15,,,,,,,,,,,,,,,,,,,,,,37,32,41,5233,14,7500,21,41,34,49,39,35,43,47,40,53,,,,,,,41,28,59,,,,,,,27,21,34,131,362.6,18,15,23,6,45,13,7,22,12,11,6,19,,,,,,,,,,,,,,,,,,,,,,20,17,22,34,29,39,5170,26,23,29,1239,13,9,16,83,1212:1,36,10191,69,65,72,2205,16,12,20,4,3,435,126,4,39.1,54.3,441,94,,,,,,,3.0,,,2.5,2.9,3.3,0.08,14705,-1934,72,41767,57083,0.73,0.59,0.87,58996,50970,67022,,,,,,,35582,29565,41599,48671,32931,64411,68635,58684,78586,9,3,52,10,6,14,,,,,,,,,,,,,,,,,,,,,,64,25,19,32,21,13,31,,,,,,,46,24,80,,,,,,,25,16,36,36,20,14,27,,,,,,,,,,54,26,99,,,,,,,26,16,40,,,,30,27,33,26.1,18.5,50.1,540,1.5,718,2.0,16024,44.1,61,0.2,3685,10.1,15433,42.4,39,672,2,1,3,3101,9325,33,25,42,16944,46.7,36359,
48323,Texas,Maverick,72.7,72.0,73.4,,,,,,,,,,,,,,,,,,,,,,975,602,564,640,596,557,635,1927,1193,2946,,,,,,,,,,,,,644,434,919,44,55,40,74,,,,,,,,,,,,,,,,,,,,,,49,7,5,9,,,,,,,,,,,,,,,,,,,,,,19,17,21,20,17,22,100,223,45,36,54,20,18,22,21,7,5,11,7,,,,,,,,,,,,,,,,,,,,,,38,33,44,9783,18,12900,22,41,33,49,42,39,45,43,40,47,67,38,109,,,,,,,,,,,,,,,,229,395.9,17,13,21,5,25,20,10,32,13,7,4,13,,,,,,,,,,,,,,,,,,,,,,18,16,21,42,37,48,11266,34,31,38,1990,11,8,14,52,1925:1,78,12588,69,65,72,2340,14,10,17,35,3,919,217,2,50.1,50.1,1088,93,,,,,,,3.1,,,,,,0.16,12012,-11287,82,32355,43051,0.75,0.62,0.88,46052,41566,50538,73625,48902,98348,,,,,,,50273,42621,57925,81498,65300,97696,20,4,,4,2,6,,,,,,,,,,,,,,,,,,,,,,54,13,10,17,,,,,,,,,,,,,,,,,,,,,,20,7,4,11,,,,,,,,,,,,,,,,,,,,,,,,,34,30,38,30.8,11.9,50.2,1159,2.0,332,0.6,54697,94.7,22,0.0,320,0.6,1671,2.9,45,11913,23,20,25,6452,17955,36,29,43,3804,6.6,57762,
48325,Texas,Medina,76.7,75.9,77.5,76.7,75.6,77.8,,,,,,,,,,,,,,,,75.8,74.5,77.1,854,444,413,475,448,403,493,,,,,,,,,,,,,,,,469,420,518,30,56,38,80,39,21,67,,,,,,,,,,,,,,,,78,42,130,29,7,5,10,,,,,,,,,,,,,,,,,,,,,,13,12,15,13,12,15,66,146,40,33,48,18,16,20,40,15,10,20,15,9,5,16,,,,,,,,,,,,,,,,20,12,31,37,32,42,1863,4,8160,16,38,32,45,23,20,26,29,25,33,,,,,,,,,,,,,,,,13,10,17,104,193.6,20,16,24,17,61,28,21,35,15,9,5,16,,,,,,,,,,,,,,,,,,,,,,16,14,18,30,26,34,5740,19,16,21,1429,11,8,14,26,3914:1,25,14449,83,80,86,1661,10,7,12,9,3,809,205,2,50.6,59.9,779,97,,,,,,,3.0,,,,2.8,3.4,0.05,11676,-2887,60,44670,57728,0.77,0.67,0.88,70707,63812,77602,113750,73351,154149,,,,103818,8363,199273,66323,54780,77866,75716,71664,79768,10,3,62,5,3,8,,,,,,,,,,,,,,,,,,,,,,65,18,14,23,15,10,22,,,,,,,,,,,,,,,,23,16,32,33,13,9,18,,,,,,,,,,,,,,,,,,,,,,,,,32,28,36,22.5,17.8,47.8,658,1.2,499,0.9,28549,52.1,129,0.2,1887,3.4,23099,42.2,34,1819,4,2,5,2248,11877,19,13,25,42761,84.3,54797,
48327,Texas,Menard,74.8,70.1,79.5,,,,,,,,,,,,,,,,,,,,,,42,482,323,693,,,,,,,,,,,,,,,,,,,,,,,,,,,,,,,,,,,,,,,,,,,,,,,,,,,,,,,,,,,,,,,,,,,,,,,,14,13,14,13,12,14,,,38,34,43,18,17,19,,,,,,,,,,,,,,,,,,,,,,,,,,,37,34,40,135,6,440,23,38,34,41,,,,,,,,,,,,,,,,,,,,,,,,,,,20,18,22,1,8,13,1,35,,,,,,,,,,,,,,,,,,,,,,,,,,16,15,17,28,26,30,288,30,26,35,64,16,11,21,0,1958:0,0,634,76,65,87,92,12,0,23,6,3,658,175,3,29.6,63.3,,,,,,,,,3.0,,,,,,0.02,19010,-2658,68,44833,60588,0.74,0.26,1.22,45438,38577,52299,,,,,,,,,,28869,12330,45408,60846,46413,75279,1,17,,,,,,,,,,,,,,,,,,,,,,,,,,,,,,,,,,,,,,,,,,,,,,,,,,,,,,,,,,,,,,,,,,,,,,,,,,,,,,,30,28,32,18.7,32.8,49.9,38,1.9,7,0.4,660,33.7,0,0.0,42,2.1,1215,62.1,34,29,2,0,5,50,466,11,0,21,1962,100.0,1958,
48329,Texas,Midland,75.6,75.1,76.0,76.2,75.4,77.0,,,,83.9,79.5,88.4,70.1,68.3,71.9,,,,,,,75.0,74.4,75.7,2211,470,450,489,447,414,479,,,,,,,747,648,847,,,,,,,485,456,514,124,57,47,67,41,30,54,,,,,,,140,86,217,,,,,,,69,52,91,101,5,4,6,4,3,5,,,,,,,,,,,,,,,,6,4,7,12,11,13,12,11,14,247,183,38,31,46,16,15,18,161,20,17,23,19,9,7,13,,,,,,,,,,,,,,,,32,26,38,35,30,41,6977,5,24540,15,39,33,46,34,32,36,42,39,45,,,,13,7,24,38,31,46,,,,25,14,42,19,17,22,910,529.1,19,16,24,78,219,36,32,39,74,14,11,18,9,6,13,,,,,,,33,17,59,,,,,,,19,13,25,13,11,15,26,22,31,22203,22,19,24,7040,14,10,17,138,726:1,104,45735,68,66,71,9263,14,12,16,52,3,679,185,2,55.7,54.2,1831,87,,,,,,,2.9,,3.3,2.6,2.8,3.3,0.07,11686,813,53,52304,82748,0.63,0.57,0.70,94375,86848,101902,,,,117138,106217,128059,54491,39384,69598,77929,72473,83385,113263,105981,120545,54,4,45,6,4,7,5,4,8,,,,,,,19,10,32,,,,,,,4,2,6,258,22,19,24,22,18,26,,,,,,,16,8,28,,,,,,,22,18,27,156,18,15,21,11,8,15,,,,,,,31,18,50,,,,,,,25,20,31,6,2,9,29,25,33,29.3,10.8,49.0,2169,1.2,4147,2.3,83343,47.1,247,0.1,11911,6.7,74729,42.2,30,8470,5,4,6,9522,49698,19,15,23,23324,13.7,177108,
48331,Texas,Milam,74.7,73.6,75.8,75.7,73.0,78.5,,,,,,,65.9,61.3,70.5,,,,,,,75.8,74.6,77.1,523,525,477,574,515,415,633,,,,,,,1029,795,1309,,,,,,,474,417,530,14,55,30,91,,,,,,,,,,,,,,,,,,,,,,,,,,,,,,,,,,,,,,,,,,,,,,,13,12,15,12,11,14,45,208,38,30,46,19,17,21,21,17,10,27,17,,,,,,,,,,,,,,,,,,,,,,35,30,41,2824,11,4200,17,39,32,46,34,29,39,39,31,48,,,,,,,46,29,70,,,,,,,27,21,34,90,351.2,20,16,25,12,59,20,14,28,,,,,,,,,,,,,,,,,,,,,,,,,,16,14,18,29,24,33,3233,23,20,26,653,11,8,14,85,1180:1,37,7781,77,73,81,1121,12,8,15,2,3,686,127,3,45.1,58.7,302,93,,,,,,,2.9,,,2.7,2.9,3.0,0.06,13782,-2227,67,43806,50675,0.86,0.72,1.01,63456,56452,70460,,,,,,,39449,27714,51184,38045,34799,41291,70172,64765,75579,6,4,35,,,,,,,,,,,,,,,,,,,,,,,,,56,32,24,41,25,13,44,,,,,,,,,,,,,,,,33,23,46,16,13,7,21,,,,,,,,,,,,,,,,,,,,,,,,,29,25,33,22.7,21.7,50.4,357,1.4,229,0.9,6735,26.0,23,0.1,2167,8.4,16296,62.8,33,735,3,2,4,1136,5740,20,12,27,14139,57.1,25951,
48333,Texas,Mills,75.4,72.9,77.8,,,,,,,,,,,,,,,,,,,,,,105,510,399,622,,,,,,,,,,,,,,,,,,,,,,,,,,,,,,,,,,,,,,,,,,,,,,,,,,,,,,,,,,,,,,,,,,,,,,,,13,11,14,11,9,12,,,35,27,43,19,17,21,,,,,,,,,,,,,,,,,,,,,,,,,,,34,29,40,444,9,650,15,37,30,44,13,7,22,,,,,,,,,,,,,,,,,,,,,,7,155.6,22,18,27,5,19,26,14,39,,,,,,,,,,,,,,,,,,,,,,,,,,17,15,19,25,21,30,567,24,21,28,126,14,10,18,88,1137:1,14,1559,84,79,90,105,6,2,10,,3,627,172,2,41.8,65.9,,,,,,,,,3.5,,,,,,0.03,22999,2315,50,42348,46875,0.90,0.54,1.26,56328,47973,64683,,,,,,,,,,88370,26001,150739,62212,57606,66818,1,9,,,,,,,,,,,,,,,,,,,,,,,,,,12,36,19,63,,,,,,,,,,,,,,,,,,,,,,,,,,,,,,,,,,,,,,,,,,,,,,,,,,26,22,29,20.3,28.2,48.6,54,1.2,41,0.9,790,17.4,5,0.1,67,1.5,3576,78.6,31,26,1,0,2,169,765,22,11,33,4456,100.0,4548,
48335,Texas,Mitchell,73.3,71.2,75.4,74.7,71.3,78.1,,,,,,,,,,,,,,,,70.7,67.5,73.9,165,584,493,676,575,429,754,,,,,,,,,,,,,,,,663,526,799,,,,,,,,,,,,,,,,,,,,,,,,,,,,,,,,,,,,,,,,,,,,,,,,,,,15,14,17,15,13,16,7,91,41,33,50,19,17,21,,,,,,,,,,,,,,,,,,,,,,,,,,,36,31,42,568,6,1530,17,41,34,49,32,24,43,43,30,61,,,,,,,,,,,,,,,,24,14,39,20,223.6,20,16,24,1,20,5,0,18,,,,,,,,,,,,,,,,,,,,,,,,,,20,18,23,33,28,38,753,20,17,24,178,10,6,13,55,1815:1,19,2037,80,75,84,208,9,2,15,2,3,660,161,2,41.6,39.9,99,93,,,,,,,2.9,,,,2.7,3.0,0.05,16711,-1252,61,41071,54886,0.75,0.24,1.26,53255,45177,61333,24310,7257,41363,,,,,,,56429,28352,84506,66250,33990,98510,2,3,,,,,,,,,,,,,,,,,,,,,,,,,,14,23,13,39,,,,,,,,,,,,,,,,,,,,,,,,,,,,,,,,,,,,,,,,,,,,,,,,,,32,28,36,19.9,14.6,37.6,162,1.8,88,1.0,3526,38.9,17,0.2,1014,11.2,4297,47.3,39,384,4,1,8,653,1666,39,20,58,3151,35.1,9075,
48337,Texas,Montague,71.7,70.5,72.9,80.4,71.0,89.8,,,,,,,,,,,,,,,,71.0,69.6,72.4,520,659,598,721,432,277,642,,,,,,,,,,,,,,,,693,624,761,14,70,38,117,,,,,,,,,,,,,,,,,,,,,,,,,,,,,,,,,,,,,,,,,,,,,,,13,12,14,11,10,13,14,79,37,29,46,19,17,21,29,31,20,45,29,,,,,,,,,,,,,,,,,,,,,,36,31,41,889,5,3490,17,39,32,47,25,20,30,24,15,38,,,,,,,,,,,,,,,,25,19,31,50,237.4,22,17,26,9,32,28,19,38,15,24,14,40,,,,,,,,,,,,,,,,,,,,,,17,15,19,26,22,31,2874,25,21,28,611,12,9,16,32,3085:1,19,6414,79,76,82,1030,13,9,17,19,3,593,123,2,52.9,66.7,237,93,,,,,,,3.0,,,,2.9,3.0,0.03,13713,-3752,55,39245,61204,0.64,0.55,0.73,60336,52552,68120,56411,55503,57319,,,,,,,59185,39135,79235,63430,58508,68352,5,5,,,,,,,,,,,,,,,,,,,,,,,,,,39,28,20,38,,,,,,,,,,,,,,,,,,,,,,22,22,14,33,,,,,,,,,,,,,,,,,,,,,,,,,27,24,31,22.6,21.8,50.5,321,1.5,121,0.6,2688,12.4,11,0.1,202,0.9,18028,83.5,33,168,1,0,2,1061,4714,23,14,31,14546,72.9,21598,
48339,Texas,Montgomery,78.2,78.0,78.4,82.5,81.6,83.4,110.5,82.0,138.9,86.4,84.0,88.7,74.7,73.7,75.6,,,,,,,77.3,77.0,77.6,7569,347,340,355,250,233,267,,,,144,116,177,490,448,532,,,,,,,380,370,390,338,47,42,52,38,31,46,,,,,,,98,71,131,,,,,,,49,42,56,246,5,4,5,4,4,5,,,,,,,8,5,12,,,,,,,4,4,5,13,12,14,11,10,12,1152,207,35,31,40,19,17,20,539,17,16,19,17,9,7,12,,,,,,,6,3,11,,,,,,,22,20,24,32,28,35,37405,8,87060,14,39,35,43,15,15,16,23,22,24,,,,,,,16,14,19,,,,9,7,13,11,10,12,1493,220.0,21,18,24,77,290,27,24,30,377,19,17,21,8,6,11,,,,,,,16,10,25,,,,,,,26,23,28,16,15,18,27,24,30,75527,19,17,20,16139,9,7,11,89,1118:1,76,168894,72,71,73,27780,12,11,13,28,3,607,89,4,64.9,69.5,8658,94,,,,,,,3.3,2.9,4.1,2.8,3.0,3.5,0.09,10481,-2101,49,56989,75273,0.76,0.72,0.80,92578,88251,96905,106139,96539,115739,131386,112867,149905,68309,60455,76163,75996,71313,80679,107800,104471,111129,170,4,42,4,3,5,4,3,5,,,,,,,14,10,20,,,,,,,4,3,4,516,12,11,13,11,9,13,,,,,,,15,11,21,,,,,,,13,12,14,443,14,13,15,7,6,10,,,,,,,16,11,23,,,,,,,17,16,19,7,5,9,27,24,30,25.8,14.0,50.4,7188,1.0,27100,3.8,201014,28.3,1037,0.1,50371,7.1,418387,58.8,32,26951,4,4,5,26603,170689,16,14,18,141934,22.9,711354,
48341,Texas,Moore,74.8,73.5,76.1,76.6,74.3,79.0,,,,,,,,,,,,,,,,73.9,72.0,75.9,292,486,429,542,438,363,513,,,,,,,,,,,,,,,,546,447,644,17,60,35,95,,,,,,,,,,,,,,,,,,,,,,,,,,,,,,,,,,,,,,,,,,,,,,,17,15,19,16,14,18,26,159,39,31,47,20,18,22,13,13,7,22,12,,,,,,,,,,,,,,,,,,,,,,37,31,42,1878,9,3320,16,39,32,47,52,46,58,60,53,68,,,,78,46,123,,,,,,,,,,28,20,40,81,385.8,19,15,23,7,26,27,17,38,,,,,,,,,,,,,,,,,,,,,,,,,,19,17,22,36,31,41,3659,31,27,34,1183,18,13,23,38,2649:1,47,4507,62,57,67,671,10,6,13,58,3,456,130,2,50.0,52.7,325,99,,,,,,,3.1,,3.2,,3.0,3.5,0.06,13344,-569,66,39125,47420,0.83,0.71,0.94,64003,55361,72645,68083,10666,125500,96061,77644,114478,,,,58255,54395,62115,70880,46713,95047,6,3,45,,,,,,,,,,,,,,,,,,,,,,,,,43,29,21,39,30,20,45,,,,,,,,,,,,,,,,21,10,39,12,11,6,20,,,,,,,,,,,,,,,,,,,,,,,,,32,28,36,31.7,11.8,48.0,428,2.0,909,4.3,13030,61.5,63,0.3,1026,4.8,5929,28.0,40,3311,17,14,20,1888,6637,28,20,37,6719,31.5,21190,
48343,Texas,Morris,71.3,69.7,73.0,,,,,,,,,,71.0,67.6,74.4,,,,,,,70.0,67.8,72.2,314,671,591,752,,,,,,,,,,742,571,947,,,,,,,720,616,824,,,,,,,,,,,,,,,,,,,,,,,,,,,,,,,,,,,,,,,,,,,,,,,,,,,14,13,16,13,11,15,24,237,41,32,50,20,18,23,10,15,7,29,16,,,,,,,,,,,,,,,,,,,,,,35,30,40,112,1,2200,18,40,32,48,31,25,39,48,30,73,,,,,,,41,26,62,,,,,,,24,16,34,45,372.4,20,15,24,2,19,11,2,24,,,,,,,,,,,,,,,,,,,,,,,,,,19,16,22,29,24,34,1330,20,17,23,251,9,6,11,58,1724:1,18,3801,75,71,80,394,8,5,11,2,3,462,75,3,45.2,60.7,133,96,,,,,,,3.0,,,2.6,3.1,3.3,0.05,13044,-10545,80,35814,55687,0.64,0.58,0.70,51598,44649,58547,,,,,,,30987,18387,43587,118516,79352,157680,57106,51127,63085,4,7,17,,,,,,,,,,,,,,,,,,,,,,,,,23,27,17,40,,,,,,,,,,,,,,,,,,,,,,,,,,,,,,,,,,,,,,,,,,,,,,,,,,28,24,32,22.7,22.4,52.2,194,1.6,113,0.9,1402,11.6,18,0.1,2552,21.2,7553,62.6,35,124,1,0,2,561,2758,20,11,30,11973,100.0,12066,
48345,Texas,Motley,,,,,,,,,,,,,,,,,,,,,,,,,27,608,366,949,,,,,,,,,,,,,,,,,,,,,,,,,,,,,,,,,,,,,,,,,,,,,,,,,,,,,,,,,,,,,,,,,,,,,,,,13,12,13,11,10,12,0,0,37,32,41,19,17,20,,,,,,,,,,,,,,,,,,,,,,,,,,,36,34,40,40,3,210,17,38,34,42,,,,,,,,,,,,,,,,,,,,,,,,,0,0.0,22,19,24,2,3,67,39,82,,,,,,,,,,,,,,,,,,,,,,,,,,16,15,18,26,23,28,100,19,16,23,22,10,7,13,98,1020:1,,366,77,68,86,20,5,0,18,,3,596,174,2,44.5,60.7,,,,,,,,,,,,,,,,24006,2670,64,38304,55500,0.69,0.39,0.99,48952,41599,56305,,,,,,,,,,,,,,,,,,,,,,,,,,,,,,,,,,,,,,,,,,,,,,,,,,,,,,,,,,,,,,,,,,,,,,,,,,,,,,,,,,,,,,,,,,,,,,,,29,27,31,19.7,28.9,47.8,19,1.9,2,0.2,164,16.1,2,0.2,29,2.8,791,77.5,31,0,0,0,6,61,221,28,5,50,1063,100.0,1020,
48347,Texas,Nacogdoches,73.5,72.8,74.2,85.2,79.9,90.6,,,,,,,67.9,66.2,69.6,,,,,,,73.3,72.4,74.3,1137,559,525,594,308,242,386,,,,,,,942,829,1055,,,,,,,549,506,592,44,59,43,79,,,,,,,,,,,,,,,,,,,,,,24,4,3,6,,,,,,,,,,,,,,,,,,,,,,14,13,16,13,11,15,114,210,41,33,49,20,18,22,68,21,16,27,21,,,,,,,,,,,,,,,,,,,,,,34,30,39,6026,9,12290,19,39,32,46,19,17,21,32,28,37,,,,,,,25,21,29,,,,,,,11,9,12,340,524.2,18,15,22,16,93,17,12,23,26,13,9,20,,,,,,,,,,,,,,,,,,,,,,17,15,19,28,24,33,8132,23,20,26,1652,11,8,14,121,828:1,51,14573,58,56,60,4033,17,14,19,18,3,565,101,3,51.8,57.5,744,93,,,,,,,3.0,,,2.3,3.0,3.3,0.16,12670,-5035,72,39513,49906,0.79,0.70,0.89,52516,47918,57114,,,,43354,19070,67638,32694,25692,39696,50125,40823,59427,61748,58370,65126,13,3,43,6,4,8,,,,,,,,,,15,8,26,,,,,,,4,2,8,109,24,19,28,19,11,30,,,,,,,23,13,36,,,,,,,27,21,34,64,20,15,25,,,,,,,,,,18,8,33,,,,,,,27,20,35,3,1,5,28,24,31,23.4,16.2,51.7,582,0.9,918,1.4,14276,21.8,41,0.1,10802,16.5,38004,58.1,34,2271,4,3,5,5031,15200,33,28,38,30921,47.8,65375,
48349,Texas,Navarro,73.8,73.0,74.6,79.8,76.5,83.2,,,,,,,68.6,66.1,71.2,,,,,,,73.7,72.6,74.8,989,547,511,583,394,326,462,,,,,,,814,686,942,,,,,,,548,502,595,51,83,62,109,92,59,136,,,,,,,,,,,,,,,,85,52,131,36,7,5,10,,,,,,,,,,,,,,,,,,,,,,15,13,17,14,12,16,100,225,42,34,51,20,18,22,49,20,14,26,19,,,,,,,,,,,,,,,,,,,,,,37,32,43,3868,8,9440,18,41,33,49,38,34,41,44,38,50,,,,,,,49,38,63,,,,69,39,112,27,23,32,212,388.0,19,15,23,13,48,27,20,35,16,10,6,16,,,,,,,,,,,,,,,,,,,,,,18,16,20,31,26,36,6931,23,20,26,1487,10,7,13,49,2061:1,44,12575,68,65,71,2215,13,10,15,28,3,634,129,2,53.9,58.9,781,88,,,,,,,3.0,,2.8,2.5,3.0,3.2,0.10,13072,-7107,74,38241,49821,0.77,0.66,0.88,59659,52100,67218,,,,,,,29965,13586,46344,48730,41934,55526,68763,59573,77953,14,4,32,9,6,13,,,,,,,,,,,,,,,,,,,,,,73,21,16,26,21,13,31,,,,,,,,,,,,,,,,23,16,30,51,20,15,26,16,8,28,,,,,,,,,,,,,,,,24,17,34,6,2,10,30,27,34,26.7,16.6,50.5,634,1.1,554,1.0,18230,32.8,890,1.6,6530,11.7,28454,51.1,37,2323,5,4,6,3859,14256,27,21,33,28244,53.7,55635,
48351,Texas,Newton,71.8,70.2,73.4,,,,,,,,,,68.1,64.6,71.7,,,,,,,71.9,70.0,73.8,334,680,600,760,,,,,,,,,,892,690,1135,,,,,,,668,577,760,,,,,,,,,,,,,,,,,,,,,,,,,,,,,,,,,,,,,,,,,,,,,,,,,,,17,15,19,14,13,16,10,96,42,34,51,23,21,26,14,23,12,40,22,,,,,,,,,,,,,,,,,,,,,,38,32,43,2041,14,2510,20,45,38,53,32,26,40,,,,,,,,,,31,18,50,,,,,,,35,27,45,22,182.5,18,15,23,9,28,32,22,42,,,,,,,,,,,,,,,,,,,,,,,,,,25,22,28,35,30,40,1629,24,20,27,261,11,7,14,17,6020:1,3,3994,82,78,85,342,8,4,12,2,3,468,77,4,34.8,55.5,113,96,,,,,,,2.9,,,2.0,,3.0,0.11,15875,-6288,73,35152,64395,0.55,0.47,0.63,51302,43574,59030,,,,,,,21659,15382,27936,,,,53583,46083,61083,2,3,29,,,,,,,,,,,,,,,,,,,,,,,,,35,38,26,52,,,,,,,,,,,,,,,,,,,,,,16,25,14,40,,,,,,,,,,,,,,,,,,,,,,,,,31,27,36,19.7,23.8,49.8,134,1.1,74,0.6,470,3.9,3,0.0,1996,16.6,9128,75.8,42,20,0,0,1,817,2412,34,22,46,12217,100.0,12039,
48353,Texas,Nolan,73.5,72.1,74.8,74.2,72.1,76.3,,,,,,,,,,,,,,,,72.1,70.1,74.1,307,571,504,637,553,445,678,,,,,,,,,,,,,,,,620,528,712,,,,,,,,,,,,,,,,,,,,,,,,,,,,,,,,,,,,,,,,,,,,,,,,,,,16,14,18,14,13,16,23,193,42,33,50,21,19,23,14,20,11,35,19,,,,,,,,,,,,,,,,,,,,,,37,32,43,1079,7,2730,19,41,33,48,44,37,51,52,42,64,,,,,,,57,27,105,,,,,,,36,27,47,86,594.2,19,15,23,10,38,26,18,35,,,,,,,,,,,,,,,,,,,,,,,,,,19,17,22,34,29,39,1764,22,19,25,463,12,8,16,91,1100:1,31,3859,66,61,71,600,11,6,15,13,3,622,159,3,52.2,51.2,220,95,,,,,,,3.1,,,,3.0,3.2,0.05,18671,5928,64,40425,50370,0.80,0.65,0.95,53370,47041,59699,,,,,,,,,,45874,41642,50106,54098,50497,57699,7,7,58,,,,,,,,,,,,,,,,,,,,,,,,,13,13,7,22,,,,,,,,,,,,,,,,,,,,,,12,16,8,29,,,,,,,,,,,,,,,,,,,,,,,,,31,27,35,25.0,19.0,49.7,186,1.3,127,0.9,5419,37.9,21,0.1,656,4.6,7848,54.9,39,280,2,1,3,1269,3733,34,24,44,4366,29.6,14306,
48355,Texas,Nueces,74.6,74.3,74.9,76.2,75.8,76.6,,,,90.7,85.1,96.2,70.6,68.9,72.4,,,,,,,71.5,70.9,72.0,6362,542,528,555,478,462,495,,,,175,126,238,689,605,774,,,,,,,686,658,714,204,53,46,60,51,42,59,,,,,,,88,44,157,,,,,,,56,40,75,159,5,4,6,5,4,6,,,,,,,,,,,,,,,,5,3,7,15,14,17,16,14,17,691,236,44,39,49,20,18,22,299,17,15,19,17,10,8,12,,,,,,,15,7,27,,,,,,,32,27,37,37,33,42,33739,10,66160,19,40,35,45,27,26,28,31,30,33,,,,,,,20,16,26,,,,9,4,17,16,14,17,2556,726.8,22,18,25,55,214,26,22,29,284,27,24,30,17,14,20,,,,,,,44,25,71,,,,,,,49,41,57,17,15,19,34,30,38,49456,24,22,26,7734,9,7,11,146,685:1,159,78303,60,59,61,19493,15,14,17,89,3,539,118,4,55.0,49.9,4337,91,,,,,,,3.2,,4.2,3.1,3.1,3.5,0.13,12906,-586,68,43015,57438,0.75,0.70,0.79,63669,59050,68288,62639,33366,91912,101044,83845,118243,41657,33893,49421,59436,57267,61605,82900,77268,88532,118,5,48,9,8,10,9,7,10,,,,,,,23,14,35,,,,,,,7,5,10,336,13,12,15,11,10,13,,,,,,,18,11,30,,,,,,,18,15,22,326,18,16,20,13,11,15,,,,,,,37,24,56,,,,,,,29,24,33,13,9,17,31,28,34,23.6,16.4,50.3,3098,0.9,8906,2.5,221650,62.9,612,0.2,13075,3.7,104414,29.6,40,8305,3,2,3,28965,84360,34,32,37,22169,6.3,352289,
48357,Texas,Ochiltree,73.9,71.9,75.9,78.4,72.7,84.1,,,,,,,,,,,,,,,,71.7,68.4,74.9,147,496,414,577,409,298,547,,,,,,,,,,,,,,,,586,464,731,10,76,37,140,,,,,,,,,,,,,,,,,,,,,,,,,,,,,,,,,,,,,,,,,,,,,,,14,13,16,14,13,15,7,92,39,34,44,19,17,20,13,27,14,48,27,,,,,,,,,,,,,,,,,,,,,,36,33,39,294,3,1630,17,38,34,43,25,20,32,26,19,34,,,,,,,,,,,,,,,,26,16,40,31,322.7,19,17,22,3,12,25,10,42,,,,,,,,,,,,,,,,,,,,,,,,,,16,15,17,31,28,33,1769,32,28,36,597,20,14,26,52,1941:1,27,2598,69,63,75,335,9,4,15,47,3,490,106,2,52.3,59.8,181,98,,,,,,,3.1,,,,3.0,3.4,0.01,11350,-3161,61,34628,60202,0.58,0.38,0.77,71770,62163,81377,201053,200189,201917,,,,,,,69554,49308,89800,63799,52095,75503,1,1,,,,,,,,,,,,,,,,,,,,,,,,,,17,25,14,39,,,,,,,,,,,,,,,,,,,,,,,,,,,,,,,,,,,,,,,,,,,,,,,,,,30,27,32,30.0,13.2,49.6,234,2.4,69,0.7,5611,57.8,14,0.1,59,0.6,3828,39.4,36,1162,13,,,1111,3032,37,22,51,1624,16.2,9704,
48359,Texas,Oldham,76.4,72.8,79.9,,,,,,,,,,,,,,,,,,,,,,29,418,275,608,,,,,,,,,,,,,,,,,,,,,,,,,,,,,,,,,,,,,,,,,,,,,,,,,,,,,,,,,,,,,,,,,,,,,,,,13,12,15,12,10,13,0,0,37,29,45,19,17,21,,,,,,,,,,,,,,,,,,,,,,,,,,,35,30,41,668,33,360,17,38,30,45,,,,,,,,,,,,,,,,,,,,,,,,,,,20,16,25,1,21,5,0,17,,,,,,,,,,,,,,,,,,,,,,,,,,17,15,19,26,22,31,186,17,14,20,17,8,5,11,0,1783:0,18,449,71,67,76,45,8,0,21,,3,449,171,2,50.1,76.4,,,,,,,,,3.5,,,,,,0.13,22009,4425,35,40000,70208,0.57,0.23,0.91,68640,58456,78824,,,,,,,,,,,,,,,,1,7,,,,,,,,,,,,,,,,,,,,,,,,,,,,,,,,,,,,,,,,,,,,,,,,,,,,,,,,,,,,,,,,,,,,,,,,,,,,,,,27,23,31,21.6,16.7,48.2,34,1.9,41,2.3,368,20.6,2,0.1,57,3.2,1269,71.2,33,28,1,0,5,33,382,9,1,16,1758,100.0,1783,
48361,Texas,Orange,71.9,71.3,72.5,96.3,82.7,109.9,,,,,,,66.6,64.4,68.8,,,,,,,71.6,71.0,72.3,1870,639,609,669,249,179,338,,,,,,,922,791,1052,,,,,,,652,619,686,61,67,51,86,,,,,,,,,,157,88,259,,,,,,,58,41,79,49,7,5,9,,,,,,,,,,,,,,,,,,,,,,14,12,15,12,10,14,159,228,42,35,48,20,18,22,89,21,17,26,21,,,,,,,,,,,,,,,,,,,,,,35,30,40,8067,10,14210,17,42,36,48,29,26,31,29,22,37,,,,,,,36,28,45,,,,,,,28,26,31,231,272.0,21,17,26,20,115,17,13,22,90,36,29,44,,,,,,,,,,,,,,,,,,,,,,18,16,21,28,24,33,8682,17,15,20,1866,8,6,11,44,2256:1,62,23892,75,74,77,3606,12,9,14,1,3,422,66,5,53.7,58.5,1038,92,,,,,,,2.9,,,1.9,2.8,3.1,0.20,11261,-2352,57,45251,74259,0.61,0.54,0.68,66029,59390,72668,,,,67303,20600,114006,36017,25994,46040,47245,36783,57707,80875,75640,86110,24,4,73,7,5,10,,,,,,,,,,31,18,51,,,,,,,5,3,7,139,24,20,27,20,10,37,,,,,,,,,,,,,,,,26,21,30,76,18,14,23,,,,,,,,,,49,29,78,,,,,,,17,12,22,13,7,20,28,24,31,25.6,16.4,50.3,695,0.8,1019,1.2,8594,10.0,107,0.1,7683,9.0,66616,77.7,34,1244,2,1,2,5569,21546,26,20,31,30589,36.1,85722,
48363,Texas,Palo Pinto,73.2,72.2,74.1,75.5,73.3,77.6,,,,,,,,,,,,,,,,72.3,71.1,73.5,707,613,564,662,405,307,523,,,,,,,877,528,1369,,,,,,,661,603,718,14,48,26,80,,,,,,,,,,,,,,,,,,,,,,,,,,,,,,,,,,,,,,,,,,,,,,,14,12,15,12,10,13,32,131,37,29,45,20,18,22,25,19,12,28,17,,,,,,,,,,,,,,,,,,,,,,37,34,41,6835,24,5160,18,40,33,47,38,33,43,35,27,44,,,,,,,,,,,,,,,,42,36,48,116,396.7,20,16,24,12,38,32,23,40,23,26,17,40,,,,,,,,,,,,,,,,,,,,,,19,16,21,28,24,33,4018,24,21,28,838,12,8,16,74,1352:1,24,7575,69,66,73,1538,14,12,17,11,3,642,142,2,47.3,59.3,279,92,,,,,,,3.0,,,,3.0,3.0,0.04,14782,-353,69,43494,52833,0.82,0.71,0.94,55417,49384,61450,99044,28370,169718,95625,44054,147196,80625,2531,158719,51692,39988,63396,68095,61844,74346,6,4,70,,,,,,,,,,,,,,,,,,,,,,,,,47,23,17,31,,,,,,,,,,,,,,,,,,,,,,13,9,5,15,,,,,,,,,,,,,,,,,,,,,,,,,28,26,31,23.2,20.4,50.9,364,1.2,279,0.9,6174,20.8,33,0.1,673,2.3,22024,74.0,34,579,2,1,3,1954,6715,29,21,37,14312,50.4,29747,
48365,Texas,Panola,71.2,70.0,72.4,85.9,60.8,111.1,,,,,,,65.7,62.7,68.7,,,,,,,71.6,70.2,73.0,567,656,598,714,464,275,733,,,,,,,1051,859,1243,,,,,,,613,549,678,20,85,52,131,,,,,,,,,,,,,,,,,,,,,,,,,,,,,,,,,,,,,,,,,,,,,,,14,13,16,12,11,14,38,199,38,30,47,20,19,22,36,31,21,43,31,,,,,,,,,,,,,,,,,,,,,,36,31,41,2276,10,3710,16,41,34,49,26,22,31,26,16,40,,,,,,,31,20,46,,,,,,,27,21,33,63,277.8,21,16,25,13,65,20,14,27,,,,,,,,,,,,,,,,,,,,,,,,,,19,17,22,28,23,33,2671,21,18,24,624,11,8,15,48,2076:1,14,6732,79,76,83,618,8,5,10,10,3,513,87,3,49.5,66.4,320,93,,,,,,,3.2,,,2.8,2.7,3.4,0.06,12879,-919,57,44769,63202,0.71,0.62,0.80,63482,56415,70549,,,,44073,36676,51470,25165,14587,35743,92625,37427,147823,65788,55864,75712,5,4,15,7,3,12,,,,,,,,,,,,,,,,,,,,,,65,40,31,51,,,,,,,,,,68,40,109,,,,,,,37,27,50,43,37,27,50,,,,,,,,,,62,31,111,,,,,,,38,26,54,,,,29,25,33,23.2,20.6,49.5,199,0.9,148,0.6,2420,10.6,26,0.1,3428,15.0,16327,71.5,34,300,1,1,2,955,5235,18,11,26,16163,71.9,22838,
48367,Texas,Parker,76.9,76.5,77.3,80.5,78.5,82.4,,,,,,,77.4,69.7,85.2,,,,,,,76.4,76.0,76.9,2267,393,376,409,259,214,305,,,,,,,421,280,609,,,,,,,414,396,433,66,40,31,51,62,38,96,,,,,,,,,,,,,,,,33,24,45,46,4,3,5,,,,,,,,,,,,,,,,,,,,,,11,10,13,10,9,11,162,118,37,32,42,18,16,20,139,18,15,21,18,,,,,,,,,,,,,,,,,,,,,,34,30,38,6728,6,20500,14,38,33,43,16,15,18,24,21,28,,,,,,,,,,,,,,,,14,13,16,269,162.2,24,20,27,18,124,15,10,19,76,16,13,20,,,,,,,,,,,,,,,,,,,,,,14,12,15,23,20,26,17503,18,16,20,4737,11,8,14,55,1826:1,36,44518,82,81,84,5815,11,9,13,13,3,615,133,2,68.0,75.8,1654,96,,,,,,,3.3,,,,3.0,3.4,0.03,11506,187,35,55261,77772,0.71,0.66,0.76,98121,91651,104591,61361,44302,78420,156167,84345,227989,137125,12905,261345,94659,70198,119120,103277,97757,108797,47,5,52,2,1,3,,,,,,,,,,,,,,,,,,,,,,185,18,16,21,7,4,14,,,,,,,,,,,,,,,,20,17,24,106,14,11,17,,,,,,,,,,,,,,,,,,,,,,7,4,10,24,21,27,24.5,16.2,50.0,1771,1.0,1747,1.0,26265,15.1,184,0.1,3164,1.8,138142,79.6,30,2510,2,1,2,5295,39113,14,11,16,95378,64.3,173494,
48369,Texas,Parmer,75.7,74.0,77.4,79.8,76.2,83.5,,,,,,,,,,,,,,,,74.3,71.7,76.9,131,421,347,495,347,265,447,,,,,,,,,,,,,,,,505,380,657,10,85,41,156,,,,,,,,,,,,,,,,,,,,,,,,,,,,,,,,,,,,,,,,,,,,,,,16,14,17,15,13,17,10,129,40,32,49,19,17,21,,,,,,,,,,,,,,,,,,,,,,,,,,,37,32,42,842,8,1370,14,38,31,46,37,29,45,,,,,,,,,,,,,,,,,,,,,,32,332.6,19,15,23,5,14,36,21,50,,,,,,,,,,,,,,,,,,,,,,,,,,17,14,19,33,28,38,1572,29,25,32,426,16,11,20,83,1202:1,36,2178,68,63,73,158,5,2,9,,3,458,174,2,46.5,48.5,143,93,,,,,,,3.0,,,,2.9,3.5,0.19,14235,-6561,68,42119,47172,0.89,0.74,1.05,62913,53296,72530,,,,,,,,,,62956,57321,68591,92878,67676,118080,1,1,,,,,,,,,,,,,,,,,,,,,,,,,,18,26,16,42,,,,,,,,,,,,,,,,,,,,,,,,,,,,,,,,,,,,,,,,,,,,,,,,,,31,27,35,27.9,15.5,47.6,169,1.8,98,1.0,6421,66.8,39,0.4,119,1.2,2923,30.4,38,1049,12,8,15,708,2749,26,15,36,9869,100.0,9617,
48371,Texas,Pecos,72.5,71.0,74.0,73.6,71.8,75.4,,,,,,,,,,,,,,,,68.7,65.1,72.4,254,543,476,611,509,428,590,,,,,,,,,,,,,,,,686,545,852,15,90,50,149,,,,,,,,,,,,,,,,,,,,,,,,,,,,,,,,,,,,,,,,,,,,,,,15,13,17,16,14,18,17,140,42,34,51,18,16,20,15,19,11,32,19,,,,,,,,,,,,,,,,,,,,,,36,30,41,2964,19,2900,19,40,33,48,43,36,50,,,,,,,,,,,,,,,,,,,,,,68,461.5,18,15,23,3,40,8,2,16,,,,,,,,,,,,,,,,,,,,,,,,,,16,14,18,34,30,40,1951,27,23,30,523,14,10,18,68,1462:1,31,3713,73,67,78,550,12,6,17,42,3,707,156,2,44.2,43.8,202,92,,,,,,,3.1,,,,3.1,3.2,0.12,16445,-249,68,39284,75694,0.52,0.36,0.67,58265,49616,66914,,,,,,,,,,60911,40267,81555,86750,49247,124253,4,4,38,,,,,,,,,,,,,,,,,,,,,,,,,31,29,19,40,25,15,39,,,,,,,,,,,,,,,,45,23,79,14,18,10,30,,,,,,,,,,,,,,,,,,,,,,,,,31,27,35,24.7,13.6,42.8,238,1.6,236,1.6,10437,71.4,26,0.2,573,3.9,3235,22.1,37,533,4,2,6,1253,3621,35,21,48,6642,43.7,14623,
48373,Texas,Polk,70.1,69.4,70.9,81.5,74.5,88.6,,,,,,,67.0,64.0,70.0,,,,,,,69.3,68.3,70.2,1447,633,597,669,412,326,513,796,479,1244,,,,774,633,916,,,,,,,670,626,715,35,76,53,106,,,,,,,,,,,,,,,,,,,,,,23,6,4,10,,,,,,,,,,,,,,,,,,,,,,15,13,16,14,13,16,214,468,40,36,45,20,18,22,71,27,21,35,27,,,,,,,,,,,,,,,,,,,,,,39,35,43,2284,5,9840,20,40,36,45,38,34,42,31,23,40,,,,,,,33,22,48,,,,,,,42,36,47,117,219.7,20,17,24,19,76,25,19,31,38,24,17,33,,,,,,,,,,,,,,,,,,,,,,20,17,22,31,27,34,6425,22,20,25,1158,11,8,13,54,1868:1,25,14395,77,75,80,1877,11,8,13,5,3,599,115,4,43.6,63.4,457,89,,,,,,,3.1,,,2.7,3.0,3.3,0.07,13186,-5890,67,40516,59560,0.68,0.56,0.80,57009,49870,64148,53125,36122,70128,92083,25777,158389,40023,21544,58502,62885,35903,89867,60280,55359,65201,7,3,52,13,9,17,,,,,,,,,,,,,,,,,,,,,,103,29,23,34,,,,,,,,,,29,14,54,,,,,,,33,26,41,70,27,21,34,,,,,,,,,,,,,,,,,,,,,,18,9,27,32,29,35,20.5,18.9,46.3,1141,2.1,559,1.0,8441,15.6,69,0.1,4804,8.9,38668,71.4,37,968,2,1,3,3350,10523,32,27,37,44531,88.8,54186,
48375,Texas,Potter,70.8,70.3,71.3,73.8,72.8,74.8,,,,76.6,73.8,79.4,65.9,64.3,67.6,,,,,,,70.0,69.2,70.7,2537,695,667,722,558,513,603,,,,497,389,624,947,841,1053,,,,,,,752,712,793,101,74,59,88,72,53,95,,,,,,,164,104,247,,,,,,,63,41,92,86,7,6,9,7,5,9,,,,,,,16,10,24,,,,,,,6,4,9,17,15,19,15,14,17,329,350,39,31,47,21,19,23,150,27,22,31,26,18,12,25,,,,,,,18,9,32,,,,,,,37,30,45,36,31,42,14222,12,22170,19,42,35,49,41,39,44,50,47,54,,,,24,17,32,44,35,52,,,,57,40,78,29,25,32,1518,1312.6,19,15,23,32,120,27,22,31,76,22,17,27,13,8,20,,,,,,,,,,,,,,,,34,25,44,20,18,23,35,30,40,18006,29,26,32,3550,11,8,14,269,372:1,140,23949,57,55,58,6606,16,14,18,39,3,465,157,2,57.4,44.8,2351,90,,,,,,,3.1,,3.2,2.7,3.1,3.3,0.17,12375,-1086,73,39565,49383,0.80,0.72,0.88,51177,48258,54096,,,,67070,48771,85369,32136,24423,39849,48472,45855,51089,57606,53156,62056,37,4,65,12,10,15,10,7,14,,,,,,,44,31,60,,,,,,,9,6,13,172,21,18,24,20,15,26,,,,,,,25,16,39,,,,,,,22,17,27,141,24,20,28,13,9,18,,,,,,,49,33,71,,,,,,,31,25,39,14,8,19,32,28,36,26.6,14.5,48.8,1517,1.3,5629,4.9,45688,39.9,170,0.1,11830,10.3,49098,42.8,39,6414,6,5,7,9365,31129,30,26,35,13351,11.3,114647,
48377,Texas,Presidio,81.3,78.4,84.1,,,,,,,,,,,,,,,,,,,,,,75,375,291,477,,,,,,,,,,,,,,,,,,,,,,,,,,,,,,,,,,,,,,,,,,,,,,,,,,,,,,,,,,,,,,,,,,,,,,,,20,18,22,20,17,22,9,187,44,35,53,21,19,23,,,,,,,,,,,,,,,,,,,,,,,,,,,36,31,42,1395,18,1700,28,42,34,49,60,48,74,,,,,,,,,,,,,,,,,,,,,,16,269.4,16,13,20,4,10,40,23,56,,,,,,,,,,,,,,,,,,,,,,,,,,20,18,23,43,37,48,1180,41,36,45,332,20,14,27,35,2898:1,9,1742,74,63,86,465,21,8,34,3,3,598,195,2,28.9,73.3,129,88,,,,,,,2.7,,,,,,,14784,-22017,85,55405,37535,1.48,0.19,2.77,42699,35809,49589,,,,,,,,,,22693,6423,38963,35389,21620,49158,1,2,,,,,,,,,,,,,,,,,,,,,,,,,,,,,,,,,,,,,,,,,,,,,,,,,,,,,,,,,,,,,,,,,,,,,,,,,,,,,,,31,27,35,27.2,23.5,48.0,123,2.1,104,1.8,4776,82.4,4,0.1,109,1.9,769,13.3,47,944,17,9,25,122,1680,7,0,18,6131,100.0,5795,
48379,Texas,Rains,75.3,73.7,76.9,,,,,,,,,,,,,,,,,,,,,,285,503,437,569,,,,,,,,,,,,,,,,,,,,,,,,,,,,,,,,,,,,,,,,,,,,,,,,,,,,,,,,,,,,,,,,,,,,,,,,13,12,15,11,10,13,14,127,38,30,46,20,18,22,13,24,12,41,21,,,,,,,,,,,,,,,,,,,,,,34,29,39,,,2040,17,39,32,47,26,20,34,,,,,,,,,,,,,,,,,,,,,,19,148.2,22,18,26,3,20,15,5,28,,,,,,,,,,,,,,,,,,,,,,,,,,18,16,20,25,22,30,1758,25,22,28,348,13,9,17,23,4329:1,14,3916,83,80,85,432,10,6,14,,3,590,91,2,50.3,64.3,116,98,,,,,,,2.7,,,,2.2,2.8,0.01,11833,-1457,62,46211,61962,0.75,0.58,0.91,63796,55371,72221,,,,116012,96711,135313,,,,36216,18017,54415,70388,56828,83948,3,6,41,,,,,,,,,,,,,,,,,,,,,,,,,27,32,21,46,,,,,,,,,,,,,,,,,,,,,,,,,,,,,,,,,,,,,,,,,,,,,,,,,,25,21,29,19.8,25.5,49.2,205,1.6,154,1.2,1389,10.7,6,0.0,358,2.8,10663,82.1,32,116,1,0,2,869,2414,36,20,52,12164,100.0,12986,
48381,Texas,Randall,76.3,75.9,76.8,77.5,76.2,78.9,,,,79.6,74.8,84.4,77.0,70.1,83.9,,,,,,,75.8,75.2,76.3,2036,419,401,438,402,352,452,,,,347,222,516,653,500,839,,,,,,,438,415,460,83,54,43,67,45,28,68,,,,,,,,,,,,,,,,62,46,80,74,6,5,8,,,,,,,,,,,,,,,,,,,,,,12,10,13,10,9,12,157,129,34,27,41,18,17,20,146,21,17,24,21,9,5,15,,,,,,,,,,,,,,,,25,20,29,33,28,38,2876,2,19680,14,36,30,43,18,17,19,28,24,31,,,,,,,25,17,35,,,,37,25,53,12,11,14,110,75.3,22,17,26,18,68,26,20,33,69,16,12,20,10,5,19,,,,,,,,,,,,,,,,18,14,24,14,13,16,23,19,27,13137,15,13,17,2975,8,6,10,78,1289:1,130,38257,69,67,71,6082,11,10,13,20,3,466,180,2,68.5,64.8,699,95,,,,,,,3.4,,3.5,2.9,3.1,3.5,0.06,9055,248,47,49523,66147,0.75,0.71,0.79,81705,73533,89877,,,,71875,40299,103451,54384,27945,80823,75045,64055,86035,82045,78430,85660,32,4,42,4,3,6,5,2,9,,,,,,,,,,,,,,,,4,2,5,130,13,11,16,10,6,15,,,,,,,,,,,,,,,,15,12,18,126,18,15,21,8,5,14,,,,,,,,,,,,,,,,21,17,26,5,2,8,25,21,28,23.7,16.1,50.7,1498,1.0,3237,2.2,37527,25.3,167,0.1,5576,3.8,98930,66.7,30,1264,1,1,1,7391,34244,22,17,27,23896,17.0,148255,
48383,Texas,Reagan,73.9,71.4,76.5,,,,,,,,,,,,,,,,,,,,,,50,476,352,629,466,312,669,,,,,,,,,,,,,,,,572,333,915,,,,,,,,,,,,,,,,,,,,,,,,,,,,,,,,,,,,,,,,,,,,,,,,,,,13,12,15,14,13,17,,,39,31,49,17,16,19,,,,,,,,,,,,,,,,,,,,,,,,,,,35,30,41,51,2,420,13,40,32,48,53,38,71,,,,,,,,,,,,,,,,,,,,,,24,765.6,20,16,25,3,15,20,7,35,,,,,,,,,,,,,,,,,,,,,,,,,,14,12,16,31,26,36,455,24,21,28,134,14,10,19,96,1047:1,,795,76,71,81,124,12,3,21,,3,663,169,2,43.3,49.8,,,,,,,,,3.4,,,,,,0.01,18197,4226,64,52328,60323,0.87,0.61,1.13,72585,61269,83901,,,,,,,,,,53750,25029,82471,118859,90462,147256,,,,,,,,,,,,,,,,,,,,,,,,,,,,,,,,,,,,,,,,,,,,,,,,,,,,,,,,,,,,,,,,,,,,,,,,,,,,,,,,,30,26,34,28.4,13.0,45.7,52,1.7,41,1.3,2152,68.5,0,0.0,97,3.1,806,25.7,34,133,5,0,9,37,1130,3,0,7,3385,100.0,3141,
48385,Texas,Real,71.2,67.6,74.8,,,,,,,,,,,,,,,,,,,,,,87,629,480,809,,,,,,,,,,,,,,,,,,,,,,,,,,,,,,,,,,,,,,,,,,,,,,,,,,,,,,,,,,,,,,,,,,,,,,,,16,14,18,14,13,16,,,41,33,50,21,19,23,,,,,,,,,,,,,,,,,,,,,,,,,,,36,31,42,1605,49,660,23,40,32,47,38,23,60,,,,,,,,,,,,,,,,,,,,,,4,140.8,19,15,23,3,14,21,8,37,,,,,,,,,,,,,,,,,,,,,,,,,,20,17,22,32,27,37,349,24,20,28,57,11,8,15,105,951:1,,772,76,63,88,90,10,0,20,0,3,633,192,3,20.6,76.8,,,,,,,,,2.9,,,,,,0.01,13672,-7957,61,,,,,,49014,41178,56850,,,,,,,,,,31518,21747,41289,53500,25145,81855,1,6,,,,,,,,,,,,,,,,,,,,,,,,,,,,,,,,,,,,,,,,,,,,,,,,,,,,,,,,,,,,,,,,,,,,,,,,,,,,,,,29,25,33,18.4,30.5,50.9,74,2.6,16,0.6,791,27.7,13,0.5,52,1.8,1907,66.8,38,68,3,0,6,308,729,42,3,82,2758,100.0,2854,
48387,Texas,Red River,68.2,66.2,70.2,,,,,,,,,,63.5,58.0,68.9,,,,,,,67.5,65.1,69.9,363,808,715,900,,,,,,,,,,1147,885,1462,,,,,,,810,701,919,17,166,97,266,,,,,,,,,,,,,,,,,,,,,,,,,,,,,,,,,,,,,,,,,,,,,,,15,13,17,13,11,15,21,213,40,31,48,21,19,23,14,24,13,42,24,,,,,,,,,,,,,,,,,,,,,,36,31,42,3327,26,2210,19,42,34,49,35,27,44,45,23,79,,,,,,,42,23,71,,,,,,,28,20,39,24,207.9,20,16,24,6,33,18,10,28,,,,,,,,,,,,,,,,,,,,,,,,,,21,18,23,30,26,35,1327,21,18,24,328,14,10,18,43,2336:1,14,3515,70,65,75,696,15,10,21,,3,480,90,4,47.9,60.3,,,,,,,,,3.2,,,2.9,3.3,3.2,0.17,15099,-4133,74,40243,55738,0.72,0.52,0.92,49265,42565,55965,,,,,,,24932,14586,35278,53292,43118,63466,55938,52296,59580,,,59,,,,,,,,,,,,,,,,,,,,,,,,,40,48,34,65,,,,,,,,,,,,,,,,,,,,,,11,19,9,33,,,,,,,,,,,,,,,,,,,,,,,,,29,26,33,20.7,26.1,51.0,220,1.9,62,0.5,931,8.0,5,0.0,1762,15.1,8541,73.1,36,144,1,0,3,752,2350,32,20,44,11587,100.0,11678,
48389,Texas,Reeves,73.6,72.1,75.1,72.7,71.0,74.4,,,,,,,,,,,,,,,,75.6,72.6,78.6,227,564,491,638,623,533,712,,,,,,,,,,,,,,,,458,321,634,12,79,41,138,,,,,,,,,,,,,,,,,,,,,,,,,,,,,,,,,,,,,,,,,,,,,,,17,15,19,18,16,20,120,1132,43,34,52,19,17,21,,,,,,,,,,,,,,,,,,,,,,,,,,,37,31,42,991,7,2490,18,41,34,49,59,50,68,63,53,73,,,,,,,,,,,,,,,,41,20,73,,,18,15,23,16,87,18,13,24,,,,,,,,,,,,,,,,,,,,,,,,,,18,16,21,38,33,43,1715,26,22,30,437,13,9,17,68,1471:1,75,3276,79,72,86,482,12,5,19,38,3,783,137,2,39.6,36.5,190,91,,,,,,,3.0,,,,,,0.02,19588,-6089,72,34960,54599,0.64,0.35,0.93,57179,48397,65961,,,,,,,,,,51616,37941,65291,114057,38749,189365,3,4,,,,,,,,,,,,,,,,,,,,,,,,,,32,30,21,43,,,,,,,,,,,,,,,,,,,,,,,,,,,,,,,,,,,,,,,,,,,,,,,,,,32,28,37,27.8,12.8,45.8,157,1.3,166,1.4,10086,85.7,12,0.1,232,2.0,1205,10.2,41,1625,13,8,18,1282,3278,39,22,56,1667,11.3,11770,
48391,Texas,Refugio,73.4,71.0,75.8,75.1,71.7,78.5,,,,,,,,,,,,,,,,72.5,68.8,76.1,136,530,435,626,425,310,568,,,,,,,,,,,,,,,,591,446,767,,,,,,,,,,,,,,,,,,,,,,,,,,,,,,,,,,,,,,,,,,,,,,,,,,,15,13,16,15,13,17,,,41,32,49,18,17,20,12,40,20,72,35,,,,,,,,,,,,,,,,,,,,,,36,31,42,649,9,1290,19,40,33,47,25,17,34,,,,,,,,,,,,,,,,,,,,,,27,407.1,19,15,23,2,14,14,3,31,,,,,,,,,,,,,,,,,,,,,,,,,,16,14,18,32,27,37,785,21,18,25,178,12,8,15,75,1333:1,54,1850,78,74,82,289,13,7,19,13,3,627,129,4,40.2,62.8,95,97,,,,,,,3.2,,,,3.1,3.2,0.05,19616,-1727,64,36435,56186,0.65,0.54,0.76,52641,44525,60757,,,,,,,26750,2560,50940,53684,39605,67763,61835,48496,75174,1,2,47,,,,,,,,,,,,,,,,,,,,,,,,,14,29,16,48,,,,,,,,,,,,,,,,,,,,,,,,,,,,,,,,,,,,,,,,,,,,,,,,,,31,27,35,21.9,22.0,50.5,81,1.2,62,0.9,3402,51.0,2,0.0,390,5.9,2710,40.7,35,64,1,0,3,625,1494,42,25,59,6741,100.0,6666,
48393,Texas,Roberts,,,,,,,,,,,,,,,,,,,,,,,,,,,,,,,,,,,,,,,,,,,,,,,,,,,,,,,,,,,,,,,,,,,,,,,,,,,,,,,,,,,,,,,,,,,,,,,,,,,,12,11,14,11,9,12,0,0,36,28,45,19,17,21,,,,,,,,,,,,,,,,,,,,,,,,,,,35,30,41,199,21,120,16,38,30,45,,,,,,,,,,,,,,,,,,,,,,,,,0,0.0,22,18,27,1,2,50,10,77,,,,,,,,,,,,,,,,,,,,,,,,,,16,14,18,25,21,29,65,15,12,17,12,6,4,9,119,840:1,9,259,85,75,96,6,2,0,24,,3,506,131,2,48.6,91.7,,,,,,,,,,,,,,,,16092,2819,37,41375,57344,0.72,0.49,0.96,76634,64688,88580,,,,,,,,,,,,,,,,,,,,,,,,,,,,,,,,,,,,,,,,,,,,,,,,,,,,,,,,,,,,,,,,,,,,,,,,,,,,,,,,,,,,,,,,,,,,,,,,27,23,30,24.9,21.7,50.8,29,3.5,2,0.2,107,12.7,0,0.0,2,0.2,695,82.7,31,0,0,0,9,3,220,1,0,10,827,100.0,840,
48395,Texas,Robertson,74.2,72.9,75.5,76.7,73.7,79.7,,,,,,,69.9,66.9,73.0,,,,,,,74.3,72.5,76.0,379,565,505,626,467,340,624,,,,,,,846,681,1039,,,,,,,542,464,620,,,,,,,,,,,,,,,,,,,,,,,,,,,,,,,,,,,,,,,,,,,,,,,,,,,13,12,15,12,11,14,24,169,38,30,46,19,18,21,15,18,10,31,18,,,,,,,,,,,,,,,,,,,,,,36,30,41,1613,10,2740,16,41,34,49,31,25,37,34,25,47,,,,,,,46,31,64,,,,,,,21,14,29,94,548.0,20,16,24,5,42,12,5,21,,,,,,,,,,,,,,,,,,,,,,,,,,17,15,19,29,24,33,1892,20,17,23,470,11,8,15,64,1570:1,41,4749,73,69,77,715,12,7,16,14,3,657,124,3,43.9,64.4,221,95,,,,,,,3.4,,,2.7,3.3,3.7,0.18,15260,-10900,61,43452,67428,0.64,0.44,0.85,60078,52591,67565,119063,39489,198637,165521,95254,235788,29113,16714,41512,74566,62605,86527,74118,63457,84779,3,3,51,9,5,16,,,,,,,,,,,,,,,,,,,,,,35,29,20,41,,,,,,,,,,,,,,,,,,,,,,14,16,9,27,,,,,,,,,,,,,,,,,,,,,,,,,29,26,33,24.0,21.6,51.2,216,1.3,158,0.9,3918,22.7,9,0.1,3125,18.1,9736,56.4,33,358,2,1,4,1527,4065,38,29,46,16757,100.0,17267,
48397,Texas,Rockwall,79.1,78.6,79.6,82.1,80.0,84.3,,,,88.5,83.4,93.6,74.7,72.6,76.7,,,,,,,78.7,78.1,79.3,1084,290,273,308,240,193,287,,,,,,,463,377,549,,,,,,,298,277,319,52,39,29,52,33,16,59,,,,,,,,,,,,,,,,42,29,59,35,4,3,6,,,,,,,,,,,,,,,,,,,,,,10,9,12,10,8,11,191,189,35,28,42,16,15,18,75,14,11,17,14,,,,,,,,,,,,,,,,,,,,,,34,29,39,2536,3,11730,11,35,29,42,8,7,9,12,9,15,,,,,,,9,6,14,,,,13,6,24,6,5,7,290,235.4,23,19,27,12,34,35,26,44,53,15,11,20,,,,,,,,,,,,,,,,,,,,,,12,10,14,20,17,24,9376,12,11,14,2880,8,6,11,110,906:1,63,32623,83,81,85,3564,9,8,11,33,3,626,99,2,72.0,76.8,1896,97,,,,,,,3.5,,3.6,2.8,3.2,3.7,0.03,10050,-1120,30,66010,88012,0.75,0.70,0.80,118175,106152,130198,94901,73517,116285,103668,86524,120812,109213,78566,139860,107798,85831,129765,131921,125097,138745,24,4,37,2,1,4,,,,,,,,,,,,,,,,,,,,,,62,8,6,11,9,4,15,,,,,,,,,,,,,,,,9,6,12,59,11,8,14,,,,,,,,,,,,,,,,,,,,,,9,5,13,25,22,29,26.4,12.7,50.3,1179,0.9,5295,4.0,28213,21.5,170,0.1,13027,9.9,81566,62.1,27,1706,2,1,2,4195,31234,13,10,17,14810,13.7,131307,
48399,Texas,Runnels,72.8,71.1,74.4,72.3,69.7,74.9,,,,,,,,,,,,,,,,72.2,70.1,74.3,238,615,533,698,615,474,786,,,,,,,,,,,,,,,,649,541,757,,,,,,,,,,,,,,,,,,,,,,,,,,,,,,,,,,,,,,,,,,,,,,,,,,,14,12,15,13,11,14,10,121,38,30,47,19,17,21,,,,,,,,,,,,,,,,,,,,,,,,,,,35,30,41,1679,16,1620,17,40,33,48,33,26,41,50,37,65,,,,,,,,,,,,,,,,18,11,27,28,284.0,21,17,25,7,25,28,17,39,,,,,,,,,,,,,,,,,,,,,,,,,,16,14,19,29,25,34,1288,23,20,27,342,14,10,18,122,822:1,17,2837,75,70,79,276,8,4,11,,3,679,160,2,50.5,58.0,146,94,,,,,,,3.3,,,,3.0,3.6,0.04,13805,-12721,59,39851,47281,0.84,0.66,1.03,61643,57962,65324,,,,,,,70491,15825,125157,57292,44685,69899,65694,54381,77007,4,7,25,,,,,,,,,,,,,,,,,,,,,,,,,25,35,23,52,,,,,,,,,,,,,,,,,,,,,,,,,,,,,,,,,,,,,,,,,,,,,,,,,,28,24,31,23.6,21.1,48.7,200,2.0,125,1.3,3495,35.4,4,0.0,211,2.1,5899,59.8,34,235,3,1,4,568,2327,24,17,32,9900,100.0,9868,
48401,Texas,Rusk,73.6,72.9,74.4,85.4,77.9,93.0,,,,,,,71.3,69.5,73.2,,,,,,,73.3,72.4,74.3,1097,560,526,594,350,274,440,,,,,,,696,603,790,,,,,,,572,530,615,35,67,46,93,97,53,163,,,,,,,,,,,,,,,,52,29,86,20,5,3,8,,,,,,,,,,,,,,,,,,,,,,13,12,14,12,11,14,180,399,40,32,48,19,17,21,43,16,12,22,16,,,,,,,,,,,,,,,,,,,,,,35,29,40,5973,11,8170,16,40,33,48,27,24,30,31,25,38,,,,,,,29,21,38,,,,,,,25,21,29,194,363.8,21,16,25,21,86,24,19,30,15,9,5,15,,,,,,,,,,,,,,,,,,,,,,18,16,20,27,23,31,6075,22,20,25,1398,11,8,15,51,1966:1,18,14373,80,78,82,1682,10,7,12,10,3,528,98,3,51.2,54.5,534,95,,,,,,,3.1,,,2.6,3.0,3.3,0.03,13668,-7984,69,39987,56040,0.71,0.63,0.80,65812,59254,72370,,,,46728,23495,69961,36103,27723,44483,57214,39934,74494,76554,70267,82841,8,3,29,6,3,9,,,,,,,,,,,,,,,,,,,,,,121,32,27,38,36,23,54,,,,,,,36,23,55,,,,,,,31,25,39,45,17,12,22,,,,,,,,,,22,11,40,,,,,,,17,12,25,14,7,21,29,25,33,22.6,17.6,47.3,585,1.1,395,0.7,10356,19.5,71,0.1,8457,15.9,32757,61.7,33,1108,2,2,3,2830,11932,24,18,29,33456,64.1,53079,
48403,Texas,Sabine,70.3,68.3,72.4,,,,,,,,,,,,,,,,,,,,,,299,704,608,801,,,,,,,,,,,,,,,,,,,,,,,,,,,,,,,,,,,,,,,,,,,,,,,,,,,,,,,,,,,,,,,,,,,,,,,,15,13,17,12,11,14,17,193,39,30,47,22,20,24,10,18,7,37,19,,,,,,,,,,,,,,,,,,,,,,36,31,41,601,6,2090,21,39,32,47,47,38,58,,,,,,,,,,,,,,,,,,,,,,31,308.5,21,16,25,6,19,32,19,44,,,,,,,,,,,,,,,,,,,,,,,,,,21,19,24,29,24,34,1122,22,18,25,238,13,9,17,129,777:1,2,3823,86,83,88,397,9,5,13,71,2,502,64,3,29.4,64.5,128,93,,,,,,,3.0,,,,,,0.04,14275,-2999,66,40439,59196,0.68,0.40,0.97,58723,51500,65946,,,,,,,58139,35169,81109,70156,41121,99191,59734,47824,71644,2,4,28,,,,,,,,,,,,,,,,,,,,,,,,,32,44,30,62,,,,,,,,,,,,,,,,,,,,,,11,21,11,38,,,,,,,,,,,,,,,,,,,,,,,,,27,23,31,17.9,31.1,50.0,110,1.1,73,0.7,471,4.7,3,0.0,674,6.7,8564,84.7,37,3,0,0,1,510,1769,29,18,40,9894,100.0,10106,
48405,Texas,San Augustine,70.6,68.5,72.8,,,,,,,,,,67.1,62.4,71.8,,,,,,,70.7,68.0,73.4,250,742,637,847,,,,,,,,,,1035,792,1330,,,,,,,716,588,845,,,,,,,,,,,,,,,,,,,,,,,,,,,,,,,,,,,,,,,,,,,,,,,,,,,17,15,19,15,13,17,17,252,43,34,52,22,20,25,,,,,,,,,,,,,,,,,,,,,,,,,,,38,33,43,1065,12,1840,23,42,34,50,45,35,58,,,,,,,,,,44,27,69,,,,,,,55,40,76,32,407.3,18,14,22,8,18,44,32,55,,,,,,,,,,,,,,,,,,,,,,,,,,24,21,27,35,29,40,953,23,20,26,169,11,7,14,64,1567:1,6,2256,75,71,78,399,14,8,21,42,3,508,83,3,30.8,62.7,,,,,,,,,2.5,,,2.5,,2.8,0.27,15825,-10905,84,31610,55938,0.57,0.41,0.72,50908,43503,58313,,,,,,,26893,8875,44911,35054,10714,59394,58602,50129,67075,2,6,57,,,,,,,,,,,,,,,,,,,,,,,,,26,46,30,67,,,,,,,,,,,,,,,,,,,,,,,,,,,,,,,,,,,,,,,,,,,,,,,,,,32,28,36,20.4,26.8,50.7,79,1.0,36,0.5,656,8.4,2,0.0,1642,21.0,5333,68.1,41,202,3,1,4,536,1585,34,19,49,7918,100.0,7833,
48407,Texas,San Jacinto,73.6,72.4,74.8,82.0,77.7,86.4,,,,,,,71.8,67.3,76.4,,,,,,,72.3,70.9,73.7,721,619,569,669,330,232,455,,,,,,,797,616,1014,,,,,,,664,602,725,14,53,29,89,,,,,,,,,,,,,,,,,,,,,,,,,,,,,,,,,,,,,,,,,,,,,,,15,13,16,13,11,14,50,206,38,30,47,21,19,23,36,25,17,36,25,,,,,,,,,,,,,,,,,,,,,,36,31,41,853,3,5190,19,40,33,48,33,28,37,30,21,40,,,,,,,25,13,44,,,,,,,35,29,41,47,165.8,20,16,25,12,50,24,17,32,17,20,12,32,,,,,,,,,,,,,,,,,,,,,,20,18,23,30,25,35,3797,24,21,27,606,10,7,13,14,7234:1,11,8822,84,81,88,1222,12,8,16,64,3,611,99,4,41.4,59.0,226,95,,,,,,,2.5,,,1.9,2.5,2.6,0.07,12189,-6987,73,42747,59641,0.72,0.56,0.88,66009,60162,71856,,,,,,,48036,29893,66179,47135,30405,63865,62182,52158,72206,4,3,37,8,4,12,,,,,,,,,,,,,,,,,,,,,,50,25,19,33,,,,,,,,,,,,,,,,,,,,,,33,23,16,32,,,,,,,,,,,,,,,,,,,,,,,,,29,25,33,21.3,23.1,50.3,374,1.3,205,0.7,5763,19.9,37,0.1,2432,8.4,19858,68.6,36,997,4,2,5,1286,6049,21,13,30,27402,100.0,28936,
48409,Texas,San Patricio,73.2,72.5,73.8,73.5,72.6,74.4,,,,,,,,,,,,,,,,72.3,71.2,73.4,1336,596,563,629,603,557,648,,,,,,,,,,,,,,,,619,567,671,40,51,36,69,36,22,56,,,,,,,,,,,,,,,,75,44,120,31,5,3,7,,,,,,,,,,,,,,,,,,,,,,15,13,17,15,13,16,88,154,43,36,51,19,17,21,52,16,12,21,15,12,7,18,,,,,,,,,,,,,,,,23,15,33,35,30,40,7150,11,13510,20,42,35,48,30,27,33,34,31,38,,,,,,,,,,,,,,,,22,18,26,358,511.8,19,15,23,25,77,32,27,38,29,14,9,20,10,5,17,,,,,,,,,,,,,,,,22,13,35,16,14,18,32,28,36,9483,23,20,26,1839,10,7,13,75,1333:1,53,16252,66,64,69,2923,13,10,15,25,3,592,131,4,50.4,55.0,1004,94,,,,,,,3.1,,,,3.0,3.4,0.06,14305,-457,65,39428,61382,0.64,0.55,0.73,61411,55022,67800,71597,19263,123931,,,,34762,23885,45639,54199,49489,58909,85662,77946,93378,20,4,44,7,5,10,7,4,11,,,,,,,,,,,,,,,,8,5,14,83,17,14,22,14,10,20,,,,,,,,,,,,,,,,21,15,28,60,18,13,23,14,9,20,,,,,,,,,,,,,,,,26,18,36,11,5,17,30,26,34,25.7,15.6,49.4,771,1.1,990,1.4,39972,56.6,133,0.2,1211,1.7,27621,39.1,36,1492,2,2,3,5804,18030,32,26,38,19136,27.8,70660,
48411,Texas,San Saba,74.7,72.3,77.2,75.7,72.2,79.3,,,,,,,,,,,,,,,,72.8,68.9,76.8,125,535,432,638,471,295,713,,,,,,,,,,,,,,,,604,460,747,,,,,,,,,,,,,,,,,,,,,,,,,,,,,,,,,,,,,,,,,,,,,,,,,,,14,12,15,13,11,14,13,258,39,31,48,19,17,21,,,,,,,,,,,,,,,,,,,,,,,,,,,36,31,41,842,14,1000,17,40,33,48,33,23,45,57,36,86,,,,,,,,,,,,,,,,22,12,37,15,257.6,20,16,25,0,4,0,0,36,,,,,,,,,,,,,,,,,,,,,,,,,,18,16,20,30,25,34,895,32,28,36,174,15,11,19,51,1948:1,25,1444,69,63,75,188,10,4,16,0,3,670,179,3,42.6,58.1,,,,,,,,,3.1,,,,3.1,3.2,0.10,18228,-946,70,36014,45108,0.80,0.68,0.92,52325,45570,59080,,,,,,,,,,54698,41638,67758,55450,45928,64972,2,7,,,,,,,,,,,,,,,,,,,,,,,,,,11,26,13,47,,,,,,,,,,,,,,,,,,,,,,,,,,,,,,,,,,,,,,,,,,,,,,,,,,30,26,34,18.9,23.1,43.8,98,1.7,42,0.7,1793,30.7,2,0.0,256,4.4,3629,62.1,34,244,4,1,8,324,1078,30,18,43,5730,100.0,5845,
48413,Texas,Schleicher,78.9,76.2,81.6,,,,,,,,,,,,,,,,,,,,,,36,354,240,502,,,,,,,,,,,,,,,,,,,,,,,,,,,,,,,,,,,,,,,,,,,,,,,,,,,,,,,,,,,,,,,,,,,,,,,,15,14,16,14,13,15,,,40,35,44,20,19,21,,,,,,,,,,,,,,,,,,,,,,,,,,,36,33,39,103,3,400,16,40,36,44,20,11,34,,,,,,,,,,,,,,,,,,,,,,7,297.0,20,18,23,0,3,0,0,42,,,,,,,,,,,,,,,,,,,,,,,,,,17,16,18,32,30,35,340,26,22,30,92,16,11,21,84,1196:1,20,805,88,79,96,58,7,0,16,,3,628,149,3,33.0,58.5,,,,,,,,,3.5,,,,,,0.02,14874,-167,66,43343,71989,0.60,0.31,0.89,60063,51180,68946,,,,,,,,,,56581,12353,100809,90887,81240,100534,1,5,,,,,,,,,,,,,,,,,,,,,,,,,,,,,,,,,,,,,,,,,,,,,,,,,,,,,,,,,,,,,,,,,,,,,,,,,,,,,,,29,27,31,24.3,21.0,49.2,33,1.4,15,0.6,1284,53.7,0,0.0,39,1.6,1018,42.6,38,107,5,1,9,104,580,18,1,35,2451,100.0,2391,
48415,Texas,Scurry,72.9,71.6,74.2,72.0,69.8,74.3,,,,,,,,,,,,,,,,73.3,71.5,75.1,313,590,523,656,635,516,753,,,,,,,,,,,,,,,,573,485,661,11,59,30,106,,,,,,,,,,,,,,,,,,,,,,,,,,,,,,,,,,,,,,,,,,,,,,,15,13,17,14,12,16,14,102,39,31,48,20,18,21,11,13,7,24,13,,,,,,,,,,,,,,,,,,,,,,37,31,42,428,3,2720,16,40,33,48,38,31,44,44,35,53,,,,,,,,,,,,,,,,33,24,43,51,305.6,20,16,24,5,28,18,9,29,,,,,,,,,,,,,,,,,,,,,,,,,,18,16,20,31,27,36,2109,24,21,28,594,14,10,18,74,1351:1,27,4571,77,72,83,282,5,2,8,,3,618,153,2,54.5,47.8,228,96,,,,,,,3.1,,,,3.0,3.3,0.06,13065,-358,65,45772,54368,0.84,0.69,1.00,69881,62657,77105,,,,,,,,,,54195,38984,69406,67241,49844,84638,4,4,78,,,,,,,,,,,,,,,,,,,,,,,,,32,27,19,38,35,20,56,,,,,,,,,,,,,,,,24,14,40,12,14,7,25,,,,,,,,,,,,,,,,,,,,,,,,,31,27,35,26.1,16.1,47.8,232,1.4,177,1.1,7120,43.9,11,0.1,597,3.7,8066,49.8,37,379,2,1,4,585,4179,14,7,21,5385,31.8,16212,
48417,Texas,Shackelford,75.6,72.4,78.8,,,,,,,,,,,,,,,,,,,,,,58,440,324,583,,,,,,,,,,,,,,,,,,,,,,,,,,,,,,,,,,,,,,,,,,,,,,,,,,,,,,,,,,,,,,,,,,,,,,,,12,11,14,11,9,12,5,186,38,30,47,19,18,21,,,,,,,,,,,,,,,,,,,,,,,,,,,34,29,39,182,5,480,15,37,30,45,24,15,38,,,,,,,,,,,,,,,,,,,,,,,,22,18,27,0,1,0,0,66,,,,,,,,,,,,,,,,,,,,,,,,,,16,14,18,23,19,28,419,23,20,27,106,14,10,18,93,1076:1,0,1088,82,78,86,94,8,0,15,36,3,639,149,2,44.0,66.2,,,,,,,,,3.3,,,,,,0.02,15435,-941,52,45093,63287,0.71,0.55,0.88,68681,58545,78817,,,,,,,,,,68859,39097,98621,72500,54680,90320,1,6,,,,,,,,,,,,,,,,,,,,,,,,,,,,,,,,,,,,,,,,,,,,,,,,,,,,,,,,,,,,,,,,,,,,,,,,,,,,,,,25,22,29,23.3,21.3,49.7,38,1.2,17,0.5,423,13.1,4,0.1,49,1.5,2666,82.6,30,11,0,0,3,99,666,15,6,24,3105,100.0,3229,
48419,Texas,Shelby,71.3,70.1,72.5,102.3,64.8,139.7,,,,,,,66.3,63.2,69.4,,,,,,,70.7,69.1,72.4,567,652,596,708,316,212,454,,,,,,,901,738,1064,,,,,,,665,594,736,35,126,88,175,,,,,,,,,,,,,,,,,,,,,,20,8,5,13,,,,,,,,,,,,,,,,,,,,,,16,14,18,14,12,16,46,234,41,33,51,22,20,24,18,15,9,25,15,,,,,,,,,,,,,,,,,,,,,,37,31,42,1905,7,4610,19,41,34,50,34,30,39,42,32,53,,,,,,,42,31,57,,,,,,,29,23,35,96,399.9,18,15,23,10,38,26,18,35,,,,,,,,,,,,,,,,,,,,,,,,,,22,19,24,34,29,40,3709,28,24,31,694,11,8,14,120,834:1,16,6882,75,71,79,851,10,6,13,15,3,518,88,3,43.4,59.0,350,97,,,,,,,3.2,,,2.9,3.1,3.3,0.12,14660,-7941,72,32490,54496,0.60,0.48,0.72,54359,47309,61409,38750,38519,38981,,,,30500,23362,37638,50400,40729,60071,56287,49652,62922,5,3,28,10,6,16,,,,,,,,,,,,,,,,,,,,,,65,37,29,47,,,,,,,,,,43,23,74,,,,,,,45,33,60,22,18,11,27,,,,,,,,,,,,,,,,,,,,,,,,,31,28,36,26.4,18.4,50.4,263,1.1,404,1.7,4870,20.1,43,0.2,3998,16.5,14476,59.9,39,543,2,,,1716,6339,27,22,32,18899,78.7,24179,
48421,Texas,Sherman,77.7,74.6,80.8,,,,,,,,,,,,,,,,,,,,,,39,401,282,553,,,,,,,,,,,,,,,,,,,,,,,,,,,,,,,,,,,,,,,,,,,,,,,,,,,,,,,,,,,,,,,,,,,,,,,,14,12,15,13,11,14,,,38,30,47,19,17,21,,,,,,,,,,,,,,,,,,,,,,,,,,,36,31,42,289,10,370,15,39,31,47,29,18,45,,,,,,,,,,,,,,,,,,,,,,9,321.5,21,17,26,1,20,5,0,18,,,,,,,,,,,,,,,,,,,,,,,,,,16,14,19,28,24,33,499,31,27,36,151,19,14,24,37,2678:1,29,627,74,69,80,106,14,3,25,,3,471,127,2,46.4,50.0,,,,,,,,,3.1,,,,3.0,3.2,0.02,10661,-10484,61,43676,47539,0.92,0.57,1.26,66202,55766,76638,,,,,,,,,,59792,14048,105536,78654,51963,105345,1,8,,,,,,,,,,,,,,,,,,,,,,,,,,,,,,,,,,,,,,,,,,,,,,,,,,,,,,,,,,,,,,,,,,,,,,,,,,,,,,,30,26,33,27.2,16.4,47.8,50,1.9,30,1.1,1286,48.0,0,0.0,38,1.4,1299,48.5,34,214,9,4,14,29,532,5,0,11,2782,100.0,2678,
48423,Texas,Smith,75.4,75.1,75.8,83.9,81.7,86.2,,,,95.6,83.1,108.2,71.7,70.7,72.7,,,,,,,75.1,74.6,75.5,3758,459,444,475,263,230,296,,,,224,145,330,636,591,680,,,,,,,471,452,491,165,64,54,74,48,33,66,,,,,,,99,73,132,,,,,,,66,53,83,147,7,6,8,5,4,7,,,,,,,13,10,17,,,,,,,6,5,8,14,12,15,12,11,14,547,272,40,33,47,20,18,22,227,19,16,22,19,9,5,14,,,,,,,9,5,14,,,,,,,25,21,29,37,32,42,17066,8,35010,15,40,34,47,23,22,24,35,32,37,,,,,,,24,21,27,,,,28,19,39,16,15,18,1378,569.6,20,16,24,46,272,17,14,20,73,10,8,13,,,,,,,,,,12,7,20,,,,,,,12,9,16,17,15,20,27,23,32,30781,22,20,25,6002,10,8,12,186,537:1,64,56616,69,68,71,9455,12,11,13,18,3,546,107,3,61.2,61.6,2356,96,,,,,,,3.1,,3.7,2.5,3.1,3.5,0.15,11969,-3549,66,41844,56444,0.74,0.69,0.80,71348,64722,77974,66346,55202,77490,65396,43033,87759,54198,46388,62008,66729,60644,72814,80728,77678,83778,60,4,40,5,4,6,5,3,8,,,,,,,10,7,15,,,,,,,4,3,5,303,19,16,21,13,9,17,,,,,,,20,15,26,,,,,,,21,18,24,204,17,15,20,11,7,16,,,,,,,16,11,23,,,,,,,21,17,24,9,6,13,28,25,32,24.0,17.7,51.5,2202,0.9,4315,1.8,51822,21.1,278,0.1,41802,17.0,142267,58.0,33,8857,4,,,13080,57736,23,20,26,81542,34.9,245209,
48425,Texas,Somervell,76.7,75.0,78.5,86.6,76.1,97.0,,,,,,,,,,,,,,,,75.6,73.5,77.6,159,409,341,476,,,,,,,,,,,,,,,,,,,,,,,,,,,,,,,,,,,,,,,,,,,,,,,,,,,,,,,,,,,,,,,,,,,,,,,,11,9,12,10,8,11,5,60,33,26,41,16,15,18,,,,,,,,,,,,,,,,,,,,,,,,,,,34,28,39,0,0,1280,14,35,28,41,12,8,18,,,,,,,,,,,,,,,,,,,,,,15,153.7,22,18,27,6,16,38,24,50,,,,,,,,,,,,,,,,,,,,,,,,,,12,11,14,21,17,24,1073,19,16,21,228,11,8,14,111,899:1,18,2917,82,75,88,347,10,4,16,22,3,659,131,3,50.9,72.9,185,97,,,,,,,3.5,,,,3.4,3.6,0.00,12577,1075,43,41793,65818,0.63,0.47,0.80,78913,67210,90616,,,,,,,,,,74137,44922,103352,93032,70506,115558,5,10,,,,,,,,,,,,,,,,,,,,,,,,,,20,31,19,48,,,,,,,,,,,,,,,,,,,,,,,,,,,,,,,,,,,,,,,,,,,,,,,,,,25,21,29,21.6,20.4,49.4,165,1.7,108,1.1,1784,18.0,7,0.1,114,1.2,7658,77.4,26,145,2,0,3,384,1963,20,8,31,9205,100.0,9888,
48427,Texas,Starr,73.9,73.3,74.6,73.3,72.7,74.0,,,,,,,,,,,,,,,,125.1,91.2,158.9,924,535,501,570,,,,,,,,,,,,,,,,,,,,,,43,46,33,62,,,,,,,,,,,,,,,,,,,,,,39,5,3,7,,,,,,,,,,,,,,,,,,,,,,20,18,22,21,19,24,46,91,48,39,56,21,19,23,24,8,5,12,7,,,,,,,,,,,,,,,,,,,,,,37,32,42,14469,24,17890,27,43,35,50,44,41,47,,,,,,,,,,,,,,,,,,,,,,200,304.3,16,12,19,6,22,27,16,39,10,5,2,9,,,,,,,,,,,,,,,,,,,,,,18,16,21,44,39,49,12159,33,29,37,2274,11,7,14,79,1268:1,60,13383,72,69,74,2384,14,11,17,21,3,1002,154,3,46.0,56.1,1115,93,,,,,,,3.3,,,,,,0.19,17853,-20412,92,30486,39515,0.77,0.67,0.87,38824,34998,42650,,,,,,,,,,37748,33042,42454,49955,10531,89379,22,3,92,4,3,7,,,,,,,,,,,,,,,,,,,,,,60,13,10,17,,,,,,,,,,,,,,,,,,,,,,25,8,5,11,,,,,,,,,,,,,,,,,,,,,,8,4,12,32,28,36,32.3,11.2,51.2,306,0.5,166,0.3,63944,97.0,21,0.0,147,0.2,1637,2.5,47,13822,23,21,25,8707,21550,40,33,48,18850,28.6,65934,
48429,Texas,Stephens,73.7,71.8,75.6,82.5,67.7,97.3,,,,,,,,,,,,,,,,72.3,69.9,74.7,192,561,477,646,480,311,708,,,,,,,,,,,,,,,,619,513,725,,,,,,,,,,,,,,,,,,,,,,,,,,,,,,,,,,,,,,,,,,,,,,,,,,,15,13,16,13,11,15,15,187,39,31,47,20,18,22,12,23,11,41,26,,,,,,,,,,,,,,,,,,,,,,36,31,41,1297,13,1660,18,40,33,48,40,31,50,39,26,57,,,,,,,,,,,,,,,,41,30,55,20,213.0,21,17,25,4,8,50,32,65,,,,,,,,,,,,,,,,,,,,,,,,,,20,17,22,31,26,36,1159,25,21,28,225,11,8,15,86,1168:1,40,2798,79,75,82,433,13,6,19,1,3,655,142,2,45.9,53.9,121,88,,,,,,,2.8,,,,2.7,2.8,0.01,11778,-3670,69,41326,61387,0.67,0.47,0.87,59099,52291,65907,,,,18500,9390,27610,,,,37155,17525,56785,63670,50496,76844,2,4,57,,,,,,,,,,,,,,,,,,,,,,,,,21,32,20,49,,,,,,,,,,,,,,,,,,,,,,,,,,,,,,,,,,,,,,,,,,,,,,,,,,29,25,33,20.6,20.8,45.3,149,1.6,103,1.1,2404,25.7,7,0.1,301,3.2,6346,67.9,37,202,2,0,5,539,1981,27,18,36,3646,40.1,9343,
48431,Texas,Sterling,,,,,,,,,,,,,,,,,,,,,,,,,,,,,,,,,,,,,,,,,,,,,,,,,,,,,,,,,,,,,,,,,,,,,,,,,,,,,,,,,,,,,,,,,,,,,,,,,,,,12,11,13,11,11,12,,,37,33,41,18,17,19,,,,,,,,,,,,,,,,,,,,,,,,,,,35,32,37,410,36,160,11,38,35,41,,,,,,,,,,,,,,,,,,,,,,,,,7,494.0,22,20,24,3,11,27,11,45,,,,,,,,,,,,,,,,,,,,,,,,,,14,13,15,25,23,27,132,16,14,19,43,10,7,13,0,1397:0,45,335,83,71,95,17,4,0,21,,3,650,168,2,31.2,84.6,,,,,,,,,2.7,,,,,,0.01,16418,-1403,47,34323,83594,0.41,0.13,0.69,80859,68254,93464,,,,,,,,,,60511,15259,105763,111875,39456,184294,1,10,,,,,,,,,,,,,,,,,,,,,,,,,,,,,,,,,,,,,,,,,,,,,,,,,,,,,,,,,,,,,,,,,,,,,,,,,,,,,,,27,25,29,29.8,14.9,49.9,28,2.0,4,0.3,492,35.2,6,0.4,20,1.4,836,59.8,30,33,3,0,9,68,500,14,0,27,1372,100.0,1397,
48433,Texas,Stonewall,,,,,,,,,,,,,,,,,,,,,,,,,27,686,430,1038,,,,,,,,,,,,,,,,,,,,,,,,,,,,,,,,,,,,,,,,,,,,,,,,,,,,,,,,,,,,,,,,,,,,,,,,14,13,15,12,11,13,,,39,34,43,20,19,22,,,,,,,,,,,,,,,,,,,,,,,,,,,36,33,39,72,5,190,14,39,35,43,,,,,,,,,,,,,,,,,,,,,,,,,7,592.2,20,18,23,0,3,0,0,42,,,,,,,,,,,,,,,,,,,,,,,,,,19,18,20,30,27,32,113,18,15,21,31,12,8,16,493,203:1,,409,86,63,100,27,6,0,21,,3,671,135,2,31.7,72.2,,,,,,,,,,,,,,,0.01,16930,1381,53,36316,56250,0.65,0.36,0.94,56413,47931,64895,,,,,,,,,,61875,13010,110740,68177,27409,108945,1,7,,,,,,,,,,,,,,,,,,,,,,,,,,,,,,,,,,,,,,,,,,,,,,,,,,,,,,,,,,,,,,,,,,,,,,,,,,,,,,,29,26,31,21.6,27.9,51.0,18,1.5,21,1.7,247,20.3,1,0.1,40,3.3,889,73.0,36,0,0,0,6,38,334,11,0,25,1245,100.0,1218,
48435,Texas,Sutton,74.1,71.2,77.1,,,,,,,,,,,,,,,,,,,,,,74,562,434,716,561,402,761,,,,,,,,,,,,,,,,573,355,875,,,,,,,,,,,,,,,,,,,,,,,,,,,,,,,,,,,,,,,,,,,,,,,,,,,16,14,18,16,14,18,,,42,33,50,19,17,21,,,,,,,,,,,,,,,,,,,,,,,,,,,38,32,43,239,6,610,18,40,32,47,27,18,40,,,,,,,,,,,,,,,,,,,,,,4,124.3,19,15,23,1,17,6,0,20,,,,,,,,,,,,,,,,,,,,,,,,,,18,16,20,36,31,41,432,24,21,28,123,15,11,20,124,805:1,22,828,67,56,78,123,10,2,19,,3,648,161,3,34.2,63.7,,,,,,,,,3.1,,,,,,0.00,15612,-404,54,34076,70577,0.48,0.35,0.62,63893,54167,73619,,,,,,,,,,50750,30383,71117,91023,66149,115897,1,3,,,,,,,,,,,,,,,,,,,,,,,,,,,,,,,,,,,,,,,,,,,,,,,,,,,,,,,,,,,,,,,,,,,,,,,,,,,,,,,32,28,36,23.8,21.3,49.1,52,1.6,26,0.8,2050,63.6,0,0.0,21,0.7,1119,34.7,39,118,4,0,8,382,901,42,19,66,3372,100.0,3221,
48437,Texas,Swisher,70.3,67.9,72.7,70.2,66.5,73.9,,,,,,,,,,,,,,,,70.6,66.7,74.5,154,681,569,792,735,561,946,,,,,,,,,,,,,,,,631,485,807,,,,,,,,,,,,,,,,,,,,,,,,,,,,,,,,,,,,,,,,,,,,,,,,,,,16,14,18,16,13,18,10,174,43,34,53,19,17,21,11,34,17,61,30,,,,,,,,,,,,,,,,,,,,,,36,31,42,1112,14,1570,23,41,33,50,32,24,42,39,27,54,,,,,,,76,36,139,,,,,,,,,,26,377.9,18,14,22,0,4,0,0,36,,,,,,,,,,,,,,,,,,,,,,,,,,18,16,21,34,28,39,1142,33,29,37,306,18,13,23,58,1739:1,6,1620,66,60,72,353,16,8,24,40,3,486,175,2,50.3,47.6,114,93,,,,,,,2.7,,,,2.5,3.4,0.15,14832,-2468,70,31074,47531,0.65,0.39,0.92,52350,45192,59508,230833,134748,326918,,,,,,,31926,24141,39711,51534,40613,62455,2,6,25,,,,,,,,,,,,,,,,,,,,,,,,,17,33,19,53,,,,,,,,,,,,,,,,,,,,,,,,,,,,,,,,,,,,,,,,,,,,,,,,,,31,27,35,23.7,17.1,45.6,136,2.0,59,0.8,3249,46.7,8,0.1,564,8.1,2939,42.3,38,272,4,0,8,275,1690,16,4,29,6971,100.0,6955,
48439,Texas,Tarrant,77.0,76.9,77.1,80.1,79.8,80.5,94.1,85.1,103.1,84.8,84.1,85.5,73.5,73.2,73.8,71.7,69.0,74.4,,,,76.6,76.4,76.8,26325,395,390,399,325,315,334,230,171,302,190,176,204,546,531,560,602,475,753,,,,407,401,414,1319,55,52,57,46,42,51,,,,34,25,46,99,90,108,,,,,,,45,41,50,1187,6,6,7,6,5,6,,,,4,3,5,10,9,11,,,,,,,5,4,5,12,11,14,12,11,14,6715,378,38,34,42,17,15,18,1414,13,13,14,13,7,6,8,,,,8,5,10,7,6,8,,,,,,,20,19,21,36,32,39,148852,8,300760,14,40,36,43,19,19,20,27,26,28,8,4,14,3,2,3,26,25,27,22,14,33,15,13,16,10,9,10,9921,460.5,18,16,21,211,966,22,20,23,1146,18,17,19,11,10,12,,,,3,2,6,24,21,27,,,,,,,23,21,25,15,13,16,26,23,29,282116,21,20,22,61080,11,9,12,117,855:1,156,456632,59,59,60,113143,15,15,15,69,3,648,142,3,66.8,61.6,26441,89,,,,,,,3.1,3.1,3.8,2.7,2.9,3.5,0.17,11265,-3506,64,53306,62313,0.86,0.84,0.87,80083,77634,82532,88026,73018,103034,98147,93407,102887,61425,59735,63115,70335,69183,71487,97669,95803,99535,603,4,48,7,6,7,6,5,6,,,,3,2,4,18,17,20,,,,,,,4,3,4,1586,11,10,11,10,9,11,,,,5,3,7,15,13,16,,,,,,,11,10,12,1460,14,13,14,8,7,9,,,,5,3,7,22,20,24,,,,,,,16,15,17,7,6,8,30,27,33,25.1,12.7,50.9,20671,0.9,139346,6.4,665936,30.5,5846,0.3,401239,18.4,920289,42.2,30,109626,5,,,137922,548099,25,24,26,25922,1.2,2182947,
48441,Texas,Taylor,73.5,73.0,73.9,73.8,72.7,75.0,,,,87.0,80.9,93.2,69.9,68.1,71.8,,,,,,,73.4,72.8,74.0,2482,577,554,600,581,529,633,,,,,,,775,665,885,,,,,,,583,554,611,80,50,39,62,43,27,64,,,,,,,107,60,176,,,,,,,47,33,64,75,5,4,7,,,,,,,,,,,,,,,,,,,,,,13,12,15,12,11,14,284,237,37,29,44,19,17,21,142,21,17,24,20,14,9,21,,,,,,,,,,,,,,,,25,20,30,34,29,39,13079,10,24270,17,38,31,45,27,26,29,40,36,43,,,,,,,34,28,40,,,,26,17,37,20,18,21,633,436.1,20,16,24,17,112,15,11,20,75,18,14,22,17,10,27,,,,,,,,,,,,,,,,18,13,24,16,14,18,27,23,31,18331,22,19,24,4250,12,9,15,193,519:1,81,32504,60,58,61,6526,12,11,14,37,3,633,160,3,59.4,55.8,1532,93,,,,,,,3.1,,3.3,2.5,2.9,3.4,0.08,13046,135,57,41668,51573,0.81,0.75,0.87,62128,56548,67708,42857,22553,63161,81375,39069,123681,47346,43238,51454,58057,52389,63725,72059,69015,75103,45,4,36,6,4,7,7,4,11,,,,,,,21,12,34,,,,,,,4,3,6,175,18,15,21,14,10,20,,,,,,,21,12,34,,,,,,,19,16,23,119,17,14,20,15,10,22,,,,,,,34,20,54,,,,,,,17,13,21,7,4,10,26,23,30,24.4,15.1,50.7,1553,1.1,3236,2.2,37359,25.4,228,0.2,11792,8.0,90485,61.6,33,2137,2,1,2,8874,35308,25,21,29,25070,17.5,146836,
48443,Texas,Terrell,,,,,,,,,,,,,,,,,,,,,,,,,,,,,,,,,,,,,,,,,,,,,,,,,,,,,,,,,,,,,,,,,,,,,,,,,,,,,,,,,,,,,,,,,,,,,,,,,,,,11,10,12,12,10,13,0,0,36,28,45,16,14,18,,,,,,,,,,,,,,,,,,,,,,,,,,,34,29,40,409,42,140,16,37,30,45,,,,,,,,,,,,,,,,,,,,,,,,,0,0.0,22,18,27,4,13,31,16,46,,,,,,,,,,,,,,,,,,,,,,,,,,12,10,14,25,21,29,70,21,17,25,20,15,10,20,146,687:1,10,402,89,78,99,60,15,0,35,,3,745,161,2,28.0,58.3,,,,,,,,,,,,,,,,20827,-2497,53,26336,58150,0.45,0.31,0.60,47947,40444,55450,,,,,,,,,,57321,35960,78682,43958,32403,55513,,,,,,,,,,,,,,,,,,,,,,,,,,,,,,,,,,,,,,,,,,,,,,,,,,,,,,,,,,,,,,,,,,,,,,,,,,,,,,,,,27,24,31,19.1,31.1,48.3,31,4.5,5,0.7,343,49.9,0,0.0,12,1.7,302,44.0,28,11,1,0,9,56,120,47,10,84,760,100.0,687,
48445,Texas,Terry,70.8,69.2,72.4,69.8,67.4,72.3,,,,,,,,,,,,,,,,72.5,70.2,74.8,273,718,631,805,781,651,912,,,,,,,,,,,,,,,,639,514,764,13,90,48,154,,,,,,,,,,,,,,,,,,,,,,,,,,,,,,,,,,,,,,,,,,,,,,,17,15,19,16,14,19,23,248,43,34,52,21,19,23,20,33,20,51,33,,,,,,,,,,,,,,,,,,,,,,37,32,42,2583,20,2400,20,42,35,50,49,41,57,52,42,62,,,,,,,,,,,,,,,,49,35,67,75,648.4,19,15,23,6,16,38,24,50,,,,,,,,,,,,,,,,,,,,,,,,,,20,18,23,37,31,42,1728,29,25,33,439,13,9,18,35,2887:1,48,2767,65,57,72,702,18,11,25,18,3,557,164,2,49.5,44.8,159,96,,,,,,,2.8,,,,2.8,3.2,0.08,14800,-4126,79,38485,49315,0.78,0.58,0.98,44361,40205,48517,,,,,,,,,,41875,36680,47070,70179,46993,93365,2,2,27,,,,,,,,,,,,,,,,,,,,,,,,,18,21,12,33,,,,,,,,,,,,,,,,,,,,,,10,17,8,31,,,,,,,,,,,,,,,,,,,,,,,,,31,28,35,28.6,15.2,48.1,156,1.4,81,0.7,6604,57.2,7,0.1,436,3.8,4312,37.3,42,760,7,4,10,1177,3288,36,22,50,3567,30.1,11547,
48447,Texas,Throckmorton,,,,,,,,,,,,,,,,,,,,,,,,,31,432,287,624,,,,,,,,,,,,,,,,,,,,,,,,,,,,,,,,,,,,,,,,,,,,,,,,,,,,,,,,,,,,,,,,,,,,,,,,13,12,14,12,11,12,0,0,38,34,42,19,18,20,,,,,,,,,,,,,,,,,,,,,,,,,,,35,32,37,528,32,240,17,38,35,41,52,29,85,,,,,,,,,,,,,,,,,,,,,,0,0.0,21,19,23,1,4,25,2,54,,,,,,,,,,,,,,,,,,,,,,,,,,16,15,17,25,23,27,175,22,18,25,52,14,10,19,131,763:1,0,502,73,68,78,53,9,0,19,,3,643,131,3,35.8,74.8,,,,,,,,,2.5,,,,,,0.02,19528,5016,56,40875,47000,0.87,0.41,1.33,51546,43699,59393,,,,,,,,,,,,,,,,,,,,,,,,,,,,,,,,,,,,,,,,,,,,,,,,,,,,,,,,,,,,,,,,,,,,,,,,,,,,,,,,,,,,,,,,,,,,,,,,27,25,29,24.0,26.9,48.6,18,1.2,11,0.7,184,12.1,0,0.0,18,1.2,1284,84.1,32,18,1,0,6,105,326,32,14,50,1440,100.0,1526,
48449,Texas,Titus,74.5,73.6,75.5,100.0,66.1,133.8,,,,,,,66.3,63.0,69.6,,,,,,,72.6,71.1,74.2,526,512,467,558,332,265,410,,,,,,,905,714,1131,,,,,,,606,534,677,21,52,32,80,,,,,,,,,,,,,,,,,,,,,,,,,,,,,,,,,,,,,,,,,,,,,,,16,14,17,14,13,16,43,171,40,32,49,20,18,22,27,18,12,27,17,,,,,,,,,,,,,,,,,,,,,,36,31,42,4546,14,5660,18,42,34,49,29,26,33,33,28,38,,,,,,,31,19,48,,,,,,,23,18,30,154,493.5,18,14,22,8,47,17,10,25,,,,,,,,,,,,,,,,,,,,,,,,,,18,16,20,33,28,38,4996,28,25,32,1418,16,11,20,166,603:1,45,7597,69,66,72,1324,13,10,15,44,3,497,79,3,54.5,56.5,443,98,,,,,,,3.3,,,3.0,3.3,3.4,0.08,11976,-5737,74,32175,46979,0.68,0.62,0.75,57559,50150,64968,,,,77633,69360,85906,30231,26940,33522,57203,44776,69630,67942,61201,74683,6,3,45,6,3,10,,,,,,,,,,,,,,,,,,,,,,47,21,15,28,12,6,21,,,,,,,,,,,,,,,,26,17,38,27,17,11,24,,,,,,,,,,,,,,,,,,,,,,,,,30,26,34,28.0,15.4,50.6,703,2.2,422,1.3,14248,45.4,73,0.2,2889,9.2,13340,42.5,38,3009,10,9,12,2673,8918,30,23,37,15828,50.7,31357,
48451,Texas,Tom Green,74.9,74.4,75.4,76.1,75.2,76.9,,,,,,,67.2,64.2,70.2,,,,,,,74.4,73.7,75.1,1954,501,478,524,475,437,512,,,,,,,969,788,1151,,,,,,,509,478,540,66,50,39,64,42,28,60,,,,,,,,,,,,,,,,59,41,84,55,5,4,7,4,3,7,,,,,,,,,,,,,,,,6,4,9,14,13,16,13,12,15,184,186,38,30,46,19,17,21,108,18,15,22,18,12,8,18,,,,,,,,,,,,,,,,23,18,29,35,30,41,11501,10,18720,16,39,32,46,26,24,28,34,31,37,,,,,,,16,10,24,,,,24,14,39,18,15,20,763,641.8,21,17,25,25,74,34,28,40,39,11,8,15,8,4,14,,,,,,,,,,,,,,,,13,8,19,16,14,18,29,24,33,13778,20,18,23,3893,13,10,17,130,768:1,77,30807,67,65,69,5307,12,10,14,43,3,703,159,2,64.6,52.1,1338,93,,,,,,,3.0,,3.5,3.0,2.8,3.4,0.08,12763,-881,56,40161,59671,0.67,0.62,0.73,60379,53492,67266,42969,30504,55434,56469,41354,71584,52118,11393,92843,61144,54778,67510,70494,65844,75144,52,7,46,5,3,6,4,2,7,,,,,,,,,,,,,,,,4,2,6,110,13,11,16,11,8,15,,,,,,,37,18,65,,,,,,,14,11,18,101,17,14,20,9,6,13,,,,,,,,,,,,,,,,23,18,29,7,4,11,28,25,32,23.6,17.4,50.1,1393,1.2,1744,1.5,49084,41.2,214,0.2,4191,3.5,61741,51.9,35,2624,2,2,3,7342,28439,26,21,30,20021,16.7,119057,
48453,Texas,Travis,80.4,80.2,80.5,81.1,80.6,81.5,97.4,70.0,124.8,90.1,88.5,91.7,75.3,74.6,75.9,,,,,,,80.4,80.2,80.7,11382,286,281,291,302,291,313,246,158,366,121,107,134,482,458,506,,,,,,,271,265,278,528,44,40,47,45,39,51,,,,34,23,49,89,71,109,,,,,,,36,31,42,442,4,4,4,4,4,5,,,,3,2,4,9,7,11,,,,,,,3,2,3,11,10,12,12,10,13,5439,478,29,26,33,16,15,18,860,13,12,14,13,8,6,9,,,,6,4,9,8,6,11,,,,,,,18,16,19,35,32,38,54184,5,187990,15,32,29,35,18,18,19,34,33,35,,,,1,1,1,23,21,25,,,,9,7,11,3,3,4,9359,705.6,24,21,27,177,706,25,23,27,823,21,20,22,14,12,17,,,,4,2,7,27,22,33,,,,,,,28,25,30,12,11,14,22,19,24,125809,14,13,15,25257,9,7,11,140,713:1,172,297755,53,52,54,86958,16,15,16,60,3,709,171,5,64.4,70.9,10510,91,,,,,,,3.3,3.3,4.2,2.7,2.9,3.7,0.22,11347,-2926,53,62815,78319,0.80,0.78,0.83,97544,92727,102361,74313,48891,99735,120436,113391,127481,69384,64356,74412,77656,73532,81780,112492,110222,114762,505,7,49,4,4,5,5,5,6,,,,,,,14,12,17,,,,,,,2,2,3,893,10,9,11,13,11,14,,,,3,2,4,17,14,19,,,,,,,9,8,10,667,10,10,11,8,7,9,,,,5,4,8,18,14,22,,,,,,,12,11,13,5,4,6,25,22,28,19.7,11.4,48.9,16417,1.2,117626,8.8,432162,32.4,1832,0.1,114910,8.6,639473,47.9,27,59343,5,4,5,57035,266741,21,20,23,65937,5.1,1334961,
48455,Texas,Trinity,72.1,70.6,73.6,,,,,,,,,,,,,,,,,,,,,,415,653,581,725,,,,,,,,,,1034,732,1419,,,,,,,688,603,773,,,,,,,,,,,,,,,,,,,,,,,,,,,,,,,,,,,,,,,,,,,,,,,,,,,14,12,16,12,11,14,32,264,39,31,48,20,18,22,12,16,8,29,17,,,,,,,,,,,,,,,,,,,,,,36,31,41,1136,8,2580,19,39,33,47,33,26,40,22,12,37,,,,,,,41,22,71,,,,,,,36,27,46,33,235.8,20,16,25,8,20,40,28,51,,,,,,,,,,,,,,,,,,,,,,,,,,19,17,21,28,24,33,1542,20,18,23,277,10,7,13,49,2033:1,0,4682,78,74,81,547,10,6,14,25,3,647,102,3,34.8,61.3,156,90,,,,,,,3.0,,,2.5,2.9,3.2,0.08,14270,-3881,77,42365,55132,0.77,0.63,0.91,49277,41912,56642,,,,,,,,,,49199,41184,57214,56377,48155,64599,3,4,58,,,,,,,,,,,,,,,,,,,,,,,,,44,43,32,58,,,,,,,,,,,,,,,,,,,,,,10,14,7,26,,,,,,,,,,,,,,,,,,,,,,,,,29,25,33,19.9,26.7,51.4,163,1.1,93,0.7,1702,12.0,12,0.1,1205,8.5,10889,76.5,33,113,1,0,2,874,2709,32,21,43,13602,100.0,14228,
48457,Texas,Tyler,71.6,70.3,73.0,,,,,,,,,,66.3,60.0,72.5,,,,,,,71.4,69.9,73.0,513,656,594,717,,,,,,,,,,886,651,1178,,,,,,,662,592,732,19,107,65,167,,,,,,,,,,,,,,,,,,,,,,,,,,,,,,,,,,,,,,,,,,,,,,,15,13,16,13,11,14,79,457,40,32,49,20,18,22,23,23,14,34,22,,,,,,,,,,,,,,,,,,,,,,38,32,43,3517,16,4090,21,40,32,47,39,33,46,50,26,85,,,,,,,34,18,60,,,,,,,38,31,45,43,214.7,20,16,25,6,46,13,7,21,15,24,14,40,,,,,,,,,,,,,,,,,,,,,,20,17,22,29,24,34,2200,23,19,26,433,11,8,14,49,2038:1,10,5574,79,76,82,836,13,9,16,13,3,540,93,3,36.9,57.0,219,94,,,,,,,2.9,,,2.8,,3.0,0.11,13123,-3143,67,40547,54857,0.74,0.61,0.87,54438,46409,62467,,,,,,,,,,92500,49182,135818,51486,44064,58908,4,5,44,,,,,,,,,,,,,,,,,,,,,,,,,39,26,19,36,,,,,,,,,,,,,,,,,,,,,,13,12,7,21,,,,,,,,,,,,,,,,,,,,,,,,,32,28,36,19.2,22.6,45.6,204,1.0,139,0.7,1804,8.9,14,0.1,2294,11.3,15669,76.9,36,270,1,0,2,1468,3885,38,27,49,19798,100.0,20382,
48459,Texas,Upshur,73.4,72.5,74.2,,,,,,,,,,72.8,69.5,76.2,,,,,,,72.8,71.9,73.7,933,574,535,614,341,223,500,,,,,,,636,497,803,,,,,,,597,553,641,27,62,41,90,,,,,,,,,,,,,,,,,,,,,,,,,,,,,,,,,,,,,,,,,,,,,,,15,13,17,13,11,14,60,169,41,32,49,22,19,24,36,17,12,24,17,,,,,,,,,,,,,,,,,,,,,,37,32,42,1335,3,7360,18,39,32,47,27,24,30,33,24,44,,,,,,,29,18,44,,,,,,,26,22,30,139,327.2,20,16,25,5,61,8,3,15,12,9,5,17,,,,,,,,,,,,,,,,,,,,,,20,18,23,29,25,34,5057,21,18,23,1040,10,7,13,21,4809:1,16,12185,79,77,82,1618,11,9,14,8,3,501,86,3,56.0,61.5,519,93,,,,,,,3.3,,,2.6,3.1,3.4,0.05,12879,-679,65,44408,62403,0.71,0.61,0.81,61533,53732,69334,,,,,,,42367,32286,52448,46700,41136,52264,66334,58733,73935,7,3,36,9,6,13,,,,,,,,,,,,,,,,,,,,,,72,25,19,31,,,,,,,,,,,,,,,,,,,,,,43,21,15,28,,,,,,,,,,,,,,,,,,,,,,,,,29,25,32,23.8,19.0,50.5,525,1.2,355,0.8,4635,10.7,39,0.1,3322,7.7,33721,77.9,37,399,1,0,2,2183,10056,22,16,27,32996,80.7,43281,
48461,Texas,Upton,74.9,71.5,78.3,,,,,,,,,,,,,,,,,,,,,,56,521,390,681,446,286,664,,,,,,,,,,,,,,,,623,414,900,,,,,,,,,,,,,,,,,,,,,,,,,,,,,,,,,,,,,,,,,,,,,,,,,,,16,15,18,16,15,17,,,42,38,46,20,19,21,,,,,,,,,,,,,,,,,,,,,,,,,,,35,32,38,287,9,560,17,40,37,45,39,27,53,,,,,,,,,,,,,,,,,,,,,,5,158.6,19,17,21,6,17,35,22,48,,,,,,,,,,,,,,,,,,,,,,,,,,19,18,21,36,33,39,402,23,20,27,115,13,9,17,193,518:1,3,997,75,68,83,92,8,1,15,,3,723,183,2,34.4,57.6,,,,,,,,,2.8,,,,2.6,3.2,0.09,23559,8867,58,40711,57750,0.70,0.42,0.99,59047,49456,68638,,,,,,,,,,46350,27634,65066,73250,38758,107742,2,20,,,,,,,,,,,,,,,,,,,,,,,,,,,,,,,,,,,,,,,,,,,,,,,,,,,,,,,,,,,,,,,,,,,,,,,,,,,,,,,29,27,31,26.2,16.9,50.2,104,3.3,22,0.7,1725,55.5,0,0.0,94,3.0,1197,38.5,40,83,3,0,5,141,727,19,3,36,3308,100.0,3109,
48463,Texas,Uvalde,72.1,70.9,73.2,71.7,70.3,73.1,,,,,,,,,,,,,,,,71.7,69.2,74.1,507,628,572,684,659,588,729,,,,,,,,,,,,,,,,639,528,749,43,139,100,187,,,,,,,,,,,,,,,,,,,,,,,,,,,,,,,,,,,,,,,,,,,,,,,15,14,17,16,14,18,31,153,42,33,50,19,17,21,18,14,8,22,14,,,,,,,,,,,,,,,,,,,,,,35,30,41,6617,25,5510,22,40,32,47,39,35,44,43,38,49,,,,,,,,,,,,,,,,23,15,34,155,621.5,18,14,22,3,37,8,2,17,,,,,,,,,,,,,,,,,,,,,,,,,,16,14,18,34,30,39,3887,28,25,32,775,12,8,15,112,891:1,48,5601,67,61,72,781,10,6,14,34,3,866,211,3,39.8,57.4,390,88,,,,,,,2.7,,,,2.6,3.2,0.13,15445,-7070,75,35956,47275,0.76,0.62,0.91,49006,42596,55416,,,,,,,78204,25547,130861,49117,36947,61287,64518,57511,71525,11,6,74,17,11,24,,,,,,,,,,,,,,,,,,,,,,37,20,14,28,19,12,28,,,,,,,,,,,,,,,,25,13,44,33,25,17,36,,,,,,,,,,,,,,,,,,,,,,,,,29,26,33,26.5,16.4,50.4,326,1.3,316,1.3,17758,71.1,33,0.1,230,0.9,6447,25.8,38,1589,7,5,9,1818,6492,28,17,39,8638,35.2,24960,
48465,Texas,Val Verde,74.9,74.1,75.7,74.2,73.3,75.1,,,,,,,,,,,,,,,,76.7,75.0,78.4,709,518,479,556,547,503,591,,,,,,,,,,,,,,,,445,358,532,17,28,16,45,,,,,,,,,,,,,,,,,,,,,,,,,,,,,,,,,,,,,,,,,,,,,,,16,14,18,17,15,19,56,148,42,34,51,18,16,20,24,10,6,15,10,,,,,,,,,,,,,,,,,,,,,,37,32,42,10555,22,8790,18,39,32,47,44,40,48,,,,,,,,,,,,,,,,,,,,,,192,403.3,18,14,22,6,31,19,10,30,14,10,5,16,,,,,,,,,,,,,,,,,,,,,,16,14,18,36,31,41,6970,27,23,30,1518,11,8,14,84,1193:1,52,11168,67,63,70,1978,12,10,15,40,3,890,212,3,52.3,52.0,761,90,,,,,,,2.7,,,,2.7,3.2,0.13,12514,-35453,73,37461,57611,0.65,0.57,0.73,56619,49663,63575,11442,6742,16142,36250,13325,59175,74023,53616,94430,56901,49557,64245,83011,67010,99012,15,4,63,4,2,7,,,,,,,,,,,,,,,,,,,,,,40,12,8,16,,,,,,,,,,,,,,,,,,,,,,23,9,6,14,,,,,,,,,,,,,,,,,,,,,,15,8,21,32,28,36,28.1,13.5,48.0,494,1.0,412,0.9,38772,81.2,94,0.2,756,1.6,7422,15.6,39,4571,10,8,12,4559,13372,34,26,42,4906,10.3,47720,
48467,Texas,Van Zandt,73.8,73.1,74.5,84.1,77.7,90.5,,,,,,,74.9,70.3,79.4,,,,,,,73.1,72.4,73.9,1277,545,513,577,294,221,383,,,,,,,486,320,707,,,,,,,580,544,616,35,58,41,81,,,,,,,,,,,,,,,,,,,,,,26,6,4,9,,,,,,,,,,,,,,,,,,,,,,14,13,16,11,10,13,63,119,36,28,44,21,19,23,55,18,14,24,19,,,,,,,,,,,,,,,,,,,,,,36,30,41,5611,11,9650,16,38,31,45,23,21,26,34,28,42,,,,,,,,,,,,,,,,22,19,25,147,233.9,21,17,26,13,97,13,9,19,26,14,9,21,,,,,,,,,,,,,,,,,,,,,,18,16,20,28,23,32,7991,22,20,25,1772,12,9,15,42,2370:1,13,18238,81,78,84,2043,9,7,11,4,3,586,106,2,55.9,61.9,738,95,,,,,,,3.1,,,2.5,2.8,3.2,0.03,11928,-766,56,41010,52685,0.78,0.71,0.85,66356,61365,71347,172321,197,344445,,,,50417,21065,79769,53972,21268,86676,69213,63998,74428,13,4,51,6,4,9,,,,,,,,,,,,,,,,,,,,,,136,34,28,39,,,,,,,,,,,,,,,,,,,,,,56,19,14,25,,,,,,,,,,,,,,,,,,,,,,10,4,17,28,24,32,22.9,20.5,50.6,618,1.0,408,0.6,8972,14.0,90,0.1,1889,3.0,51338,80.2,35,881,2,1,2,3284,14089,23,18,29,59541,100.0,64000,
48469,Texas,Victoria,74.7,74.2,75.3,73.9,73.0,74.8,,,,,,,68.1,65.5,70.8,,,,,,,75.7,74.9,76.6,1564,511,485,537,584,540,627,,,,,,,825,683,967,,,,,,,445,409,481,46,45,33,60,38,24,57,,,,,,,,,,,,,,,,49,28,79,37,4,3,6,,,,,,,,,,,,,,,,,,,,,,15,13,16,14,12,16,138,184,39,32,48,20,18,22,81,18,15,23,18,13,9,19,,,,,,,,,,,,,,,,26,19,35,37,32,42,7688,9,16550,18,39,33,47,30,28,32,39,35,42,,,,,,,30,22,41,,,,,,,16,13,19,552,606.2,19,16,24,24,83,29,23,35,36,13,9,18,12,7,19,,,,,,,,,,,,,,,,15,9,24,17,15,19,31,27,36,11959,23,20,26,2517,11,8,14,123,811:1,97,23076,68,65,70,4167,13,11,14,7,3,648,159,4,59.4,52.4,901,93,,,,,,,2.9,,,2.4,2.7,3.4,0.08,13765,-2645,70,42646,59876,0.71,0.65,0.78,69442,62518,76366,,,,146591,38760,254422,39076,17669,60483,67895,63402,72388,78605,72963,84247,30,5,38,6,4,8,5,3,8,,,,,,,,,,,,,,,,6,4,10,99,15,13,19,16,11,21,,,,,,,,,,,,,,,,16,12,21,83,18,14,22,14,10,20,,,,,,,,,,,,,,,,23,17,30,8,3,12,30,26,34,25.0,17.5,50.8,859,0.9,1288,1.4,44364,48.4,95,0.1,5234,5.7,39510,43.1,36,2027,2,2,3,5908,22874,26,20,31,25333,27.7,91664,
48471,Texas,Walker,76.6,75.9,77.2,79.0,76.7,81.3,,,,,,,73.5,71.7,75.3,,,,,,,76.4,75.5,77.2,1089,430,404,456,364,296,432,,,,,,,521,453,588,,,,,,,440,406,474,42,72,52,97,,,,,,,,,,138,82,218,,,,,,,77,47,117,29,7,4,9,,,,,,,,,,,,,,,,,,,,,,15,13,17,14,12,16,704,994,42,34,51,20,18,22,51,13,9,17,14,,,,,,,,,,,,,,,,,,,,,,36,30,41,4260,6,12560,16,43,36,50,13,11,15,17,13,21,,,,,,,17,13,21,,,,,,,10,8,12,534,677.1,20,16,24,12,74,16,11,23,25,11,7,16,,,,,,,,,,,,,,,,,,,,,,20,17,22,30,26,35,7950,21,18,24,1263,11,8,14,58,1729:1,49,14387,57,54,60,4284,18,14,21,67,3,640,95,4,46.0,41.1,996,85,,,,,,,2.9,,,2.5,2.8,3.3,0.03,11305,-2988,64,38460,53355,0.72,0.61,0.83,56863,49668,64058,,,,78476,77902,79050,41866,31301,52431,43193,31493,54893,54525,50983,58067,21,7,36,3,2,5,,,,,,,,,,,,,,,,,,,,,,78,15,12,19,,,,,,,,,,14,8,22,,,,,,,19,14,24,33,9,6,12,,,,,,,,,,,,,,,,,,,,,,13,7,20,31,27,35,14.7,14.3,41.3,723,0.9,979,1.2,17660,21.7,85,0.1,17610,21.7,43725,53.8,37,1561,2,1,3,3010,11292,27,21,33,32985,43.2,81268,
48473,Texas,Waller,75.9,75.2,76.7,79.1,77.0,81.3,,,,,,,71.8,69.8,73.8,,,,,,,75.8,74.8,76.9,798,458,426,491,387,326,449,,,,,,,712,600,824,,,,,,,447,403,491,34,47,32,65,57,33,92,,,,,,,,,,,,,,,,46,22,84,30,6,4,9,,,,,,,,,,,,,,,,,,,,,,13,12,15,13,11,15,84,162,42,34,50,18,17,20,37,15,10,21,13,,,,,,,,,,,,,,,,,,,,,,36,31,42,4776,11,8010,14,39,32,46,12,11,13,30,26,34,,,,,,,3,2,4,,,,,,,10,7,13,274,442.7,20,16,24,13,72,18,12,25,25,14,9,21,,,,,,,,,,,,,,,,,,,,,,16,14,18,29,24,33,7375,22,19,24,1560,11,8,13,11,9079:1,23,12685,71,67,74,1792,10,8,13,5,3,616,109,3,50.5,62.0,817,90,,,,,,,3.1,,,2.6,3.1,3.4,0.12,12416,-10997,66,43281,60946,0.71,0.59,0.83,77209,66574,87844,195812,154558,237066,,,,37264,26921,47607,68252,55519,80985,112817,103041,122593,14,4,55,4,3,7,,,,,,,,,,,,,,,,,,,,,,68,17,14,22,15,9,23,,,,,,,18,11,30,,,,,,,18,12,26,34,12,8,17,,,,,,,,,,,,,,,,,,,,,,7,2,11,30,27,35,23.7,11.8,50.2,927,1.5,1549,2.4,21587,34.0,108,0.2,15053,23.7,24279,38.2,33,2894,5,4,6,3900,14078,28,22,33,43936,77.4,63553,
48475,Texas,Ward,72.3,70.6,74.1,73.8,71.4,76.2,,,,,,,,,,,,,,,,69.8,66.9,72.7,209,608,524,692,541,438,663,,,,,,,,,,,,,,,,722,577,868,11,75,37,134,,,,,,,,,,,,,,,,,,,,,,,,,,,,,,,,,,,,,,,,,,,,,,,15,13,17,15,13,16,11,126,41,33,49,20,18,22,14,25,14,42,24,,,,,,,,,,,,,,,,,,,,,,36,31,42,281,3,1780,16,40,33,48,43,36,51,40,31,50,,,,,,,83,40,152,,,,,,,49,36,67,47,428.7,20,16,24,9,55,16,10,24,,,,,,,,,,,,,,,,,,,,,,,,,,17,15,20,33,28,38,1727,28,24,31,490,15,11,19,100,997:1,47,3408,78,72,85,371,9,4,13,59,3,767,172,2,44.8,50.9,182,96,,,,,,,3.1,,,,3.0,3.3,0.01,15077,-3686,55,43365,74459,0.58,0.46,0.70,65610,55834,75386,,,,,,,48047,13696,82398,73676,48794,98558,69211,54009,84413,2,2,41,,,,,,,,,,,,,,,,,,,,,,,,,29,36,24,51,34,19,55,,,,,,,,,,,,,,,,39,20,67,13,22,12,38,,,,,,,,,,,,,,,,,,,,,,,,,31,27,35,28.6,13.8,49.2,190,1.7,111,1.0,6260,57.1,12,0.1,445,4.1,3958,36.1,38,441,4,2,6,713,3270,22,13,30,2482,21.3,10966,
48477,Texas,Washington,76.9,75.9,77.9,92.5,74.3,110.7,,,,,,,69.2,66.2,72.2,,,,,,,77.8,76.6,78.9,571,417,380,455,286,203,393,,,,,,,780,642,918,,,,,,,378,335,422,26,69,45,101,,,,,,,,,,,,,,,,,,,,,,,,,,,,,,,,,,,,,,,,,,,,,,,13,11,14,12,10,13,51,165,37,29,46,18,17,20,20,10,6,17,11,,,,,,,,,,,,,,,,,,,,,,36,30,41,2454,7,5350,15,39,31,46,14,12,17,31,24,39,,,,,,,14,9,20,,,,,,,6,4,9,156,431.4,21,16,25,12,42,29,20,37,19,18,11,28,,,,,,,,,,,,,,,,,,,,,,16,14,18,26,22,31,3362,18,16,21,907,12,8,15,78,1276:1,43,11171,73,69,77,1669,12,9,14,33,3,644,143,2,59.5,66.4,382,92,,,,,,,3.3,,,2.7,3.0,3.8,0.03,13432,-2589,58,46056,65212,0.71,0.60,0.82,67927,59355,76499,,,,,,,43008,22500,63516,72125,59159,85091,87954,81403,94505,12,6,44,,,,,,,,,,,,,,,,,,,,,,,,,51,20,15,27,,,,,,,,,,27,13,48,,,,,,,21,14,29,23,13,8,19,,,,,,,,,,,,,,,,,,,,,,,,,28,25,32,21.1,23.2,51.0,230,0.6,607,1.6,6923,18.7,21,0.1,5830,15.8,23152,62.6,31,932,3,2,4,1566,7767,20,14,26,18410,51.4,37007,
48479,Texas,Webb,75.8,75.4,76.1,75.3,74.9,75.7,,,,,,,,,,,,,,,,82.6,79.7,85.5,3248,453,438,469,468,452,485,,,,,,,,,,,,,,,,310,243,378,184,48,41,55,,,,,,,,,,,,,,,,,,,,,,159,5,4,6,,,,,,,,,,,,,,,,,,,,,,14,13,16,16,14,18,571,274,42,34,50,17,15,19,92,7,6,9,7,,,,,,,,,,,,,,,,,,,,,,35,30,40,24206,10,53460,20,38,31,45,41,40,42,,,,,,,,,,,,,,,,,,,,,,1266,472.8,17,14,21,19,120,16,11,21,138,17,14,20,,,,,,,,,,,,,,,,,,,,,,12,11,14,33,29,38,55015,36,33,38,9329,11,9,13,86,1160:1,155,50841,64,63,65,12216,16,14,18,46,3,941,208,3,51.0,49.4,4851,95,,,,,,,3.3,,,,3.3,3.8,0.12,19122,-8315,84,34909,47479,0.74,0.69,0.78,57899,53993,61805,89167,6411,171923,114052,66469,161635,,,,61535,58561,64509,80492,61627,99357,94,4,72,5,4,6,,,,,,,,,,,,,,,,,,,,,,174,9,8,10,,,,,,,,,,,,,,,,,,,,,,95,7,6,9,,,,,,,,,,,,,,,,,,,,,,9,7,11,29,25,33,30.9,10.6,50.3,1584,0.6,1740,0.6,255445,94.9,157,0.1,1328,0.5,10506,3.9,35,45294,18,17,19,24643,84620,29,26,32,15652,5.9,269148,
48481,Texas,Wharton,73.7,72.8,74.6,75.3,73.7,76.9,,,,,,,67.8,65.3,70.2,,,,,,,74.4,73.0,75.7,818,562,522,603,525,460,591,,,,,,,940,786,1094,,,,,,,511,455,567,32,68,46,95,,,,,,,,,,,,,,,,,,,,,,26,7,4,10,,,,,,,,,,,,,,,,,,,,,,15,13,16,14,12,16,72,210,41,33,50,20,18,22,30,13,9,19,14,,,,,,,,,,,,,,,,,,,,,,37,31,42,1974,5,6990,17,41,33,48,33,30,37,47,41,52,,,,,,,35,25,47,,,,,,,12,9,16,167,399.3,20,16,24,8,84,10,5,15,19,15,9,24,,,,,,,,,,,,,,,,,,,,,,18,16,20,31,26,36,5818,25,22,28,1275,12,8,15,84,1193:1,39,10885,71,67,74,1911,13,10,16,25,3,559,137,4,54.5,59.1,626,96,,,,,,,3.0,,,2.5,2.9,3.5,0.08,12131,-2833,67,45349,55958,0.81,0.61,1.01,60496,54155,66837,,,,,,,29545,4395,54695,60062,49766,70358,83438,71789,95087,15,5,37,5,3,8,,,,,,,,,,,,,,,,,,,,,,72,25,19,31,20,13,30,,,,,,,27,13,50,,,,,,,29,20,40,35,17,12,23,12,6,22,,,,,,,,,,,,,,,,23,14,36,,,,32,28,36,25.3,18.6,50.5,325,0.8,314,0.8,17674,42.3,30,0.1,5215,12.5,18207,43.6,36,1463,4,3,5,2325,10647,22,15,28,19758,47.5,41739,
48483,Texas,Wheeler,71.3,68.8,73.9,,,,,,,,,,,,,,,,,,,,,,127,680,553,806,,,,,,,,,,,,,,,,,,,,,,,,,,,,,,,,,,,,,,,,,,,,,,,,,,,,,,,,,,,,,,,,,,,,,,,,15,13,17,13,11,15,,,40,32,49,20,18,22,,,,,,,,,,,,,,,,,,,,,,,,,,,36,31,42,168,3,930,19,40,32,47,18,11,28,,,,,,,,,,,,,,,,,,,,,,11,228.8,20,16,24,1,14,7,0,24,,,,,,,,,,,,,,,,,,,,,,,,,,19,17,21,31,26,35,792,30,27,34,187,15,11,20,62,1601:1,3,1451,78,75,82,121,7,2,12,21,3,525,171,2,42.4,65.5,,,,,,,,,3.1,,,,2.9,3.2,0.09,16839,638,65,36425,53579,0.68,0.59,0.77,54682,46585,62779,,,,,,,20845,17057,24633,67891,31456,104326,70885,61752,80018,1,3,,,,,,,,,,,,,,,,,,,,,,,,,,12,33,17,59,,,,,,,,,,,,,,,,,,,,,,,,,,,,,,,,,,,,,,,,,,,,,,,,,,29,25,33,24.9,21.0,49.3,107,2.2,44,0.9,1203,25.0,1,0.0,133,2.8,3296,68.6,36,122,3,1,5,300,1199,25,14,36,4990,100.0,4804,
48485,Texas,Wichita,73.0,72.5,73.4,75.3,74.0,76.6,,,,84.8,80.4,89.2,70.3,68.8,71.8,,,,,,,72.5,71.9,73.0,2577,598,574,622,498,440,555,,,,,,,759,670,849,,,,,,,625,595,654,85,60,48,74,66,43,96,,,,,,,119,71,188,,,,,,,52,37,71,72,6,5,8,7,4,11,,,,,,,,,,,,,,,,5,4,8,14,12,15,13,11,15,167,153,39,31,47,19,18,21,120,19,15,22,18,12,7,20,,,,,,,,,,,,,,,,22,18,27,36,31,42,14843,11,22840,18,40,33,47,28,26,29,40,36,44,,,,,,,33,27,39,,,,39,28,52,21,19,23,549,422.4,22,18,26,25,82,30,25,36,85,22,17,27,16,9,27,,,,,,,27,13,48,,,,,,,24,18,31,17,15,19,27,23,31,14483,21,18,23,2552,8,6,11,159,629:1,86,30093,61,60,63,5299,11,10,13,35,3,638,151,3,63.4,47.0,1288,95,,,,,,,2.9,,3.2,2.3,2.7,3.1,0.10,12514,-1319,63,42001,50296,0.84,0.78,0.89,61622,58387,64857,68750,27439,110061,84583,71493,97673,41316,39333,43299,51944,44817,59071,67275,63307,71243,48,6,42,7,5,9,8,5,14,,,,,,,21,13,32,,,,,,,4,3,6,138,15,12,17,11,7,18,,,,,,,14,7,23,,,,,,,16,13,20,88,13,11,16,14,9,22,,,,,,,16,8,29,,,,,,,13,10,17,7,4,10,30,26,34,22.9,15.7,48.2,1941,1.5,2970,2.3,27223,20.9,230,0.2,13749,10.6,81948,62.9,33,2101,2,1,2,9355,29578,32,26,37,16490,12.7,130180,
48487,Texas,Wilbarger,71.4,69.7,73.0,72.2,68.9,75.6,,,,,,,,,,,,,,,,70.4,68.1,72.7,304,668,589,746,627,482,802,,,,,,,918,615,1318,,,,,,,703,596,809,17,137,80,220,,,,,,,,,,,,,,,,,,,,,,,,,,,,,,,,,,,,,,,,,,,,,,,17,15,18,15,13,17,6,56,41,34,49,21,19,23,14,21,11,36,22,,,,,,,,,,,,,,,,,,,,,,37,31,42,2110,16,2750,22,41,34,48,39,32,46,52,39,67,,,,,,,,,,,,,,,,31,22,42,38,304.2,18,15,22,2,22,9,2,22,,,,,,,,,,,,,,,,,,,,,,,,,,20,18,23,34,29,38,1779,24,21,28,316,12,8,15,64,1565:1,42,2967,63,57,68,544,12,7,18,,3,654,172,2,54.8,47.7,132,90,,,,,,,2.8,,,,2.7,3.0,0.04,15034,-1023,65,39612,39292,1.01,0.69,1.33,53416,45276,61556,31875,5030,58720,,,,67881,32219,103543,36985,24888,49082,57963,42206,73720,7,9,51,,,,,,,,,,,,,,,,,,,,,,,,,19,21,13,33,,,,,,,,,,,,,,,,,,,,,,14,22,12,37,,,,,,,,,,,,,,,,,,,,,,,,,31,27,35,21.0,19.4,50.1,201,1.6,423,3.4,3858,30.8,16,0.1,956,7.6,6911,55.2,39,224,2,1,3,462,2810,16,10,23,3363,26.1,12522,
48489,Texas,Willacy,72.9,71.6,74.1,72.0,70.7,73.3,,,,,,,,,,,,,,,,77.6,73.7,81.6,374,619,556,683,655,584,725,,,,,,,,,,,,,,,,443,294,640,19,85,51,133,,,,,,,,,,,,,,,,,,,,,,,,,,,,,,,,,,,,,,,,,,,,,,,19,17,20,20,18,21,130,774,49,45,52,20,18,21,13,12,6,21,12,,,,,,,,,,,,,,,,,,,,,,39,36,43,5675,26,4840,24,42,39,45,37,32,42,,,,,,,,,,,,,,,,,,,,,,114,566.0,17,15,19,6,14,43,29,56,,,,,,,,,,,,,,,,,,,,,,,,,,18,16,19,40,38,43,2744,28,24,32,430,9,6,12,90,1113:1,28,4104,72,68,77,557,11,6,15,11,3,756,89,5,41.4,37.3,305,92,,,,,,,2.8,,,,,,0.07,18172,-4603,85,32284,50136,0.64,0.52,0.77,42279,36193,48365,,,,,,,,,,42561,36769,48353,71411,33562,109260,9,7,,,,,,,,,,,,,,,,,,,,,,,,,,33,22,15,31,,,,,,,,,,,,,,,,,,,,,,,,,,,,,,,,,,,,,,,,,,,,,,,,,,34,31,36,23.3,15.0,45.1,141,0.7,185,0.9,17467,87.2,21,0.1,444,2.2,1901,9.5,44,1730,9,7,11,1776,4835,37,24,49,7178,35.6,20037,
48491,Texas,Williamson,80.7,80.5,80.9,82.6,81.8,83.3,,,,89.3,87.2,91.5,77.7,76.6,78.8,,,,,,,79.9,79.7,80.2,5263,261,253,268,237,221,253,,,,115,96,133,338,306,370,,,,,,,283,273,292,247,36,32,41,32,25,41,,,,29,17,45,59,39,85,,,,,,,40,33,47,189,4,3,4,3,2,4,,,,,,,8,6,12,,,,,,,4,3,5,10,9,11,10,9,11,1102,197,30,25,34,15,14,17,430,14,13,15,14,7,5,9,,,,6,3,11,10,6,16,,,,,,,19,17,21,33,29,37,36732,9,77610,13,33,29,37,9,9,10,16,15,17,,,,,,,13,11,15,,,,7,5,10,6,5,6,1874,279.1,21,18,24,51,244,21,18,24,221,11,10,13,8,5,10,,,,,,,7,4,14,,,,,,,16,13,18,11,9,12,19,17,22,50069,12,11,13,12412,7,6,9,92,1084:1,75,162175,67,66,68,28261,12,11,13,39,3,688,167,3,69.4,74.7,9828,96,,,,,,,3.3,,4.5,2.7,2.9,3.4,0.11,11422,-1289,30,59668,82445,0.72,0.70,0.74,111183,105954,116412,81266,66699,95833,157699,150775,164623,84485,71881,97089,89670,83869,95471,113182,109462,116902,286,8,40,2,1,2,3,2,4,,,,,,,6,4,10,,,,,,,1,1,2,364,9,8,10,9,7,11,,,,,,,14,10,20,,,,,,,9,8,11,291,9,8,11,6,5,8,,,,,,,9,6,15,,,,,,,12,11,14,6,4,8,26,23,29,23.7,13.1,50.0,5998,0.9,81610,11.7,173502,24.9,1217,0.2,50940,7.3,372348,53.4,24,17240,3,3,3,26160,157429,17,15,18,55741,9.2,697191,
48493,Texas,Wilson,76.8,76.1,77.6,77.1,75.8,78.4,,,,,,,,,,,,,,,,76.5,75.5,77.5,792,411,382,441,425,375,475,,,,,,,,,,,,,,,,414,374,453,29,54,36,77,55,30,93,,,,,,,,,,,,,,,,57,32,93,,,,,,,,,,,,,,,,,,,,,,,,,,13,12,15,13,11,14,55,124,42,34,50,18,17,20,40,14,10,20,16,,,,,,,,,,,,,,,,,,,,,,36,31,41,686,2,7150,14,38,32,45,16,14,18,19,16,23,,,,,,,,,,,,,,,,12,10,16,102,193.4,21,17,26,15,44,34,26,42,18,12,7,18,,,,,,,,,,,,,,,,,,,,,,16,14,18,29,24,33,5506,17,15,20,1162,9,7,12,66,1505:1,21,15240,86,84,87,1743,10,8,12,5,3,790,169,2,62.5,67.6,664,94,,,,,,,3.1,,,,2.9,3.3,0.06,11061,-1239,45,51812,71285,0.73,0.65,0.80,85288,76376,94200,,,,,,,160192,6215,314169,80992,70544,91440,101054,91457,110651,19,7,29,12,9,17,8,4,14,,,,,,,,,,,,,,,,17,11,23,69,19,15,25,20,14,29,,,,,,,,,,,,,,,,20,14,27,43,17,12,23,11,6,20,,,,,,,,,,,,,,,,22,15,31,9,3,14,29,25,33,23.5,17.2,49.4,580,1.1,491,0.9,22049,40.7,69,0.1,1057,2.0,29810,55.0,34,1191,2,2,3,1569,12117,13,9,17,43440,87.3,54183,
48495,Texas,Winkler,71.2,69.0,73.4,73.5,70.8,76.3,,,,,,,,,,,,,,,,66.5,62.5,70.6,153,665,558,772,505,389,645,,,,,,,,,,,,,,,,954,749,1198,,,,,,,,,,,,,,,,,,,,,,,,,,,,,,,,,,,,,,,,,,,,,,,,,,,15,14,16,14,13,15,7,119,40,36,43,19,18,20,15,40,22,68,39,,,,,,,,,,,,,,,,,,,,,,38,35,40,102,1,1100,15,39,35,42,32,25,41,36,27,47,,,,,,,,,,,,,,,,22,10,40,32,438.0,20,18,22,9,45,20,13,28,10,44,21,81,,,,,,,,,,,,,,,,,,,,,,17,16,18,34,31,36,997,23,20,27,259,12,8,16,67,1483:1,69,2406,87,82,91,88,3,0,8,96,3,726,174,2,46.0,43.7,106,96,,,,,,,2.5,,,,2.6,2.5,0.08,19762,4400,65,38036,73750,0.52,0.20,0.83,67901,57555,78247,131731,77695,185767,,,,79538,30864,128212,91651,74135,109167,116458,79499,153417,1,2,46,,,,,,,,,,,,,,,,,,,,,,,,,31,58,39,82,45,25,74,,,,,,,,,,,,,,,,77,42,130,12,31,16,55,,,,,,,,,,,,,,,,,,,,,,,,,33,31,35,28.8,12.4,46.8,167,2.3,85,1.1,4732,63.8,4,0.1,175,2.4,2319,31.3,38,754,11,6,15,430,2144,20,12,28,1410,18.1,7414,
48497,Texas,Wise,75.1,74.5,75.7,78.0,76.1,80.0,,,,,,,,,,,,,,,,74.4,73.7,75.1,1208,455,428,481,325,263,386,,,,,,,,,,,,,,,,488,457,519,36,47,33,65,49,24,87,,,,,,,,,,,,,,,,49,32,73,28,5,3,7,,,,,,,,,,,,,,,,,,,,,,14,12,15,11,10,13,68,109,40,34,47,19,18,21,61,17,13,22,17,,,,,,,,,,,,,,,,,,,,,,36,31,40,1900,3,10420,15,43,37,49,18,16,20,21,17,25,,,,,,,,,,,,,,,,17,14,19,157,209.6,21,17,25,16,82,20,14,26,32,15,10,21,,,,,,,,,,,,,,,,,,,,,,18,16,20,27,24,32,9378,21,19,23,2070,11,8,13,108,930:1,20,20289,83,81,84,2125,9,7,10,12,3,628,129,2,60.0,68.0,677,95,,,,,,,3.0,,,,2.7,3.2,0.08,11816,-1747,48,49502,62454,0.79,0.69,0.89,89873,83876,95870,65982,35010,96954,171607,91307,251907,71364,13895,128833,74229,69561,78897,92513,86973,98053,22,5,49,5,3,7,,,,,,,,,,,,,,,,,,,,,,121,25,20,29,14,8,24,,,,,,,,,,,,,,,,29,24,35,59,17,13,21,15,8,27,,,,,,,,,,,,,,,,16,12,22,14,9,20,27,23,30,24.6,15.9,49.6,951,1.2,586,0.8,16789,21.5,85,0.1,1428,1.8,57409,73.5,34,2180,3,2,4,3558,17836,20,15,25,62117,90.5,78097,
48499,Texas,Wood,73.6,72.7,74.5,92.3,75.3,109.3,,,,,,,70.4,66.6,74.2,,,,,,,72.9,71.9,73.9,1124,555,518,593,327,235,443,,,,,,,773,552,1053,,,,,,,579,537,621,32,82,56,116,,,,,,,,,,,,,,,,,,,,,,,,,,,,,,,,,,,,,,,,,,,,,,,13,12,15,11,10,13,70,171,36,28,44,19,17,21,44,19,13,26,19,,,,,,,,,,,,,,,,,,,,,,36,31,42,3714,9,7830,17,37,30,44,26,22,29,22,15,31,,,,,,,,,,,,,,,,29,25,33,109,232.6,21,17,26,12,56,21,15,29,26,19,12,27,,,,,,,,,,,,,,,,,,,,,,17,15,20,25,21,30,5398,22,20,25,1164,13,9,16,75,1331:1,11,14552,80,77,83,2097,12,9,15,3,3,538,97,3,55.5,64.9,424,95,,,,,,,3.0,,,,2.9,3.1,0.06,12947,-643,63,41863,50132,0.84,0.70,0.97,58813,50940,66686,136250,53807,218693,86319,49551,123087,56771,24583,88959,51033,29503,72563,63064,58368,67760,13,6,75,,,,,,,,,,,,,,,,,,,,,,,,,96,30,24,37,,,,,,,,,,,,,,,,,,,,,,35,15,11,21,,,,,,,,,,,,,,,,,,,,,,,,,28,24,32,18.6,27.8,49.5,539,1.1,367,0.8,5597,11.7,37,0.1,1943,4.1,39054,81.5,32,632,1,1,2,2207,8720,25,18,33,39144,87.3,47921,
48501,Texas,Yoakum,72.1,70.1,74.1,71.7,69.1,74.4,,,,,,,,,,,,,,,,72.7,69.2,76.2,128,582,480,685,592,465,742,,,,,,,,,,,,,,,,574,412,779,,,,,,,,,,,,,,,,,,,,,,,,,,,,,,,,,,,,,,,,,,,,,,,,,,,17,15,19,16,14,18,7,122,41,33,50,20,18,22,,,,,,,,,,,,,,,,,,,,,,,,,,,38,32,43,423,5,1210,16,40,33,49,31,25,39,32,25,42,,,,,,,,,,,,,,,,31,18,51,16,214.7,19,16,24,3,8,38,18,56,,,,,,,,,,,,,,,,,,,,,,,,,,19,17,21,37,32,42,1279,31,27,35,486,19,14,25,80,1245:1,0,1973,75,68,83,163,7,1,13,,3,537,169,2,46.6,56.5,150,97,,,,,,,2.7,,,,2.7,3.0,0.06,15690,1204,61,41227,81161,0.51,0.46,0.56,64634,54672,74596,,,,,,,,,,98646,81838,115454,64223,49362,79084,2,3,,,,,,,,,,,,,,,,,,,,,,,,,,25,43,28,63,,,,,,,,,,,,,,,,,,,,,,,,,,,,,,,,,,,,,,,,,,,,,,,,,,33,29,37,32.9,12.5,48.1,162,2.2,51,0.7,4915,65.8,3,0.0,92,1.2,2305,30.9,41,764,11,7,16,465,2459,19,7,31,7694,100.0,7468,
48503,Texas,Young,71.2,69.8,72.6,74.6,70.5,78.7,,,,,,,,,,,,,,,,70.5,68.9,72.1,437,642,577,706,456,323,626,,,,,,,,,,,,,,,,685,609,760,12,65,33,113,,,,,,,,,,,,,,,,,,,,,,,,,,,,,,,,,,,,,,,,,,,,,,,14,13,16,12,10,14,8,53,39,31,48,20,19,22,20,24,14,37,22,,,,,,,,,,,,,,,,,,,,,,35,30,41,2540,14,3060,17,39,32,47,32,26,38,36,26,49,,,,,,,,,,,,,,,,31,25,39,29,161.5,21,17,26,2,13,15,3,32,,,,,,,,,,,,,,,,,,,,,,,,,,19,17,21,29,24,33,2475,25,21,28,558,13,9,17,77,1295:1,23,5647,73,69,76,714,10,6,13,24,3,640,128,2,57.1,63.9,232,96,,,,,,,3.0,,,,2.6,3.1,0.02,14386,-3564,61,41969,60927,0.69,0.57,0.81,64187,57241,71133,,,,,,,,,,51544,37300,65788,68052,60182,75922,8,8,60,,,,,,,,,,,,,,,,,,,,,,,,,36,29,20,40,,,,,,,,,,,,,,,,,,,,,,14,16,9,26,,,,,,,,,,,,,,,,,,,,,,,,,27,23,31,23.9,20.8,50.1,246,1.4,148,0.8,3807,21.0,16,0.1,270,1.5,13590,75.0,35,525,3,1,5,695,4275,16,8,24,9282,52.0,18124,
48505,Texas,Zapata,74.7,73.1,76.3,,,,,,,,,,,,,,,,,,,,,,213,532,460,604,,,,,,,,,,,,,,,,,,,,,,,,,,,,,,,,,,,,,,,,,,,,,,,,,,,,,,,,,,,,,,,,,,,,,,,,21,19,24,22,19,24,17,158,46,37,55,21,19,24,10,14,7,27,14,,,,,,,,,,,,,,,,,,,,,,39,33,44,1181,8,3700,27,43,35,51,37,31,43,,,,,,,,,,,,,,,,,,,,,,49,353.8,16,12,19,1,5,20,2,48,,,,,,,,,,,,,,,,,,,,,,,,,,21,18,23,47,41,52,2384,32,28,36,431,10,6,13,44,2289:1,35,3442,75,70,79,556,13,8,19,0,3,977,180,3,23.9,53.7,259,88,,,,,,,3.3,,,,,,,12744,-14683,87,36165,42013,0.86,0.49,1.23,41688,35619,47757,,,,,,,,,,35636,29999,41273,39079,8926,69232,3,2,,,,,,,,,,,,,,,,,,,,,,,,,,13,13,7,22,,,,,,,,,,,,,,,,,,,,,,,,,,,,,,,,,,,,,,,,,,,,,,,,,,35,31,39,31.4,13.5,49.7,68,0.5,36,0.3,12946,94.2,8,0.1,79,0.6,653,4.8,49,2535,20,16,24,1422,4463,32,20,44,2947,21.2,13736,
48507,Texas,Zavala,69.9,68.2,71.6,,,,,,,,,,,,,,,,,,,,,,219,739,639,840,,,,,,,,,,,,,,,,,,,,,,,,,,,,,,,,,,,,,,,,,,,,,,,,,,,,,,,,,,,,,,,,,,,,,,,,19,17,21,20,18,23,12,161,48,39,57,20,18,22,,,,,,,,,,,,,,,,,,,,,,,,,,,37,32,43,2692,23,2470,26,42,35,50,45,37,52,,,,,,,,,,,,,,,,,,,,,,61,650.5,16,13,20,5,27,19,9,30,,,,,,,,,,,,,,,,,,,,,,,,,,18,15,20,43,37,48,1144,22,19,25,223,8,5,11,97,1035:1,55,2421,71,64,78,252,8,2,14,,3,935,230,2,34.8,54.1,151,89,,,,,,,2.8,,,,,,0.08,15429,-5772,88,27422,32453,0.84,0.33,1.36,36878,31148,42608,,,,,,,,,,,,,,,,6,8,,,,,,,,,,,,,,,,,,,,,,,,,,15,19,11,31,,,,,,,,,,,,,,,,,,,,,,,,,,,,,,,,,,,,,,,,,,,,,,,,,,33,28,37,29.5,14.7,49.3,137,1.5,33,0.4,8628,92.7,19,0.2,87,0.9,530,5.7,45,551,6,3,9,1339,2768,48,26,70,2961,30.6,9312,
